{"type": "FeatureCollection", "name": "flood_flood-2023-07", "features": [{"type": "Feature", "geometry": {"type": "Polygon", "coordinates": [[[77.376, 28.4595], [77.376, 28.459], [77.37425, 28.459], [77.37425, 28.458499999999997], [77.37400000000001, 28.458499999999997], [77.37400000000001, 28.4575], [77.37325000000001, 28.4575], [77.37325000000001, 28.45725], [77.3725, 28.45725], [77.3725, 28.456999999999997], [77.37175, 28.456999999999997], [77.37175, 28.45675], [77.37125, 28.45675], [77.37125, 28.4565], [77.36975000000001, 28.4565], [77.36975000000001, 28.45675], [77.36925000000001, 28.45675], [77.36925000000001, 28.456999999999997], [77.36850000000001, 28.456999999999997], [77.36850000000001, 28.452749999999998], [77.3665, 28.452749999999998], [77.3665, 28.4515], [77.3675, 28.4515], [77.3675, 28.449749999999998], [77.36625000000001, 28.449749999999998], [77.36625000000001, 28.449499999999997], [77.366, 28.449499999999997], [77.366, 28.44925], [77.36575, 28.44925], [77.36575, 28.448999999999998], [77.36550000000001, 28.448999999999998], [77.36550000000001, 28.448249999999998], [77.36500000000001, 28.448249999999998], [77.36500000000001, 28.44775], [77.3645, 28.44775], [77.3645, 28.447249999999997], [77.36425000000001, 28.447249999999997], [77.36425000000001, 28.447], [77.364, 28.447], [77.364, 28.44625], [77.36375000000001, 28.44625], [77.36375000000001, 28.445999999999998], [77.3635, 28.445999999999998], [77.3635, 28.445749999999997], [77.36325000000001, 28.445749999999997], [77.36325000000001, 28.4455], [77.36225, 28.4455], [77.36225, 28.444999999999997], [77.36175, 28.444999999999997], [77.36175, 28.444], [77.363, 28.444], [77.363, 28.443749999999998], [77.364, 28.443749999999998], [77.364, 28.442999999999998], [77.36375000000001, 28.442999999999998], [77.36375000000001, 28.4425], [77.36250000000001, 28.4425], [77.36250000000001, 28.442249999999998], [77.36175, 28.442249999999998], [77.36175, 28.4425], [77.36075000000001, 28.4425], [77.36075000000001, 28.4435], [77.35975, 28.4435], [77.35975, 28.44325], [77.35825000000001, 28.44325], [77.35825000000001, 28.4425], [77.35975, 28.4425], [77.35975, 28.442249999999998], [77.35950000000001, 28.442249999999998], [77.35950000000001, 28.441499999999998], [77.35925, 28.441499999999998], [77.35925, 28.439999999999998], [77.36025000000001, 28.439999999999998], [77.36025000000001, 28.4405], [77.36225, 28.4405], [77.36225, 28.44025], [77.36250000000001, 28.44025], [77.36250000000001, 28.439249999999998], [77.36325000000001, 28.439249999999998], [77.36325000000001, 28.4395], [77.3635, 28.4395], [77.3635, 28.43975], [77.364, 28.43975], [77.364, 28.439999999999998], [77.36500000000001, 28.439999999999998], [77.36500000000001, 28.441], [77.3665, 28.441], [77.3665, 28.4375], [77.36775, 28.4375], [77.36775, 28.439], [77.3695, 28.439], [77.3695, 28.43875], [77.37075, 28.43875], [77.37075, 28.4375], [77.3705, 28.4375], [77.3705, 28.435499999999998], [77.37025000000001, 28.435499999999998], [77.37025000000001, 28.43375], [77.3705, 28.43375], [77.3705, 28.433249999999997], [77.37150000000001, 28.433249999999997], [77.37150000000001, 28.43375], [77.37175, 28.43375], [77.37175, 28.43425], [77.37400000000001, 28.43425], [77.37400000000001, 28.433999999999997], [77.37425, 28.433999999999997], [77.37425, 28.4335], [77.376, 28.4335], [77.376, 28.433249999999997], [77.37700000000001, 28.433249999999997], [77.37700000000001, 28.433], [77.37675, 28.433], [77.37675, 28.43225], [77.37750000000001, 28.43225], [77.37750000000001, 28.43275], [77.37950000000001, 28.43275], [77.37950000000001, 28.43225], [77.38000000000001, 28.43225], [77.38000000000001, 28.432], [77.38075, 28.432], [77.38075, 28.431749999999997], [77.3815, 28.431749999999997], [77.3815, 28.432], [77.38275, 28.432], [77.38275, 28.4315], [77.38350000000001, 28.4315], [77.38350000000001, 28.43075], [77.38375, 28.43075], [77.38375, 28.4305], [77.384, 28.4305], [77.384, 28.430249999999997], [77.38425000000001, 28.430249999999997], [77.38425000000001, 28.43], [77.3845, 28.43], [77.3845, 28.42975], [77.38575, 28.42975], [77.38575, 28.4305], [77.388, 28.4305], [77.388, 28.4315], [77.38850000000001, 28.4315], [77.38850000000001, 28.431749999999997], [77.38875, 28.431749999999997], [77.38875, 28.432], [77.38950000000001, 28.432], [77.38950000000001, 28.446499999999997], [77.38875, 28.446499999999997], [77.38875, 28.445249999999998], [77.38850000000001, 28.445249999999998], [77.38850000000001, 28.444499999999998], [77.3875, 28.444499999999998], [77.3875, 28.445749999999997], [77.38650000000001, 28.445749999999997], [77.38650000000001, 28.446749999999998], [77.38725000000001, 28.446749999999998], [77.38725000000001, 28.447], [77.38775000000001, 28.447], [77.38775000000001, 28.44775], [77.388, 28.44775], [77.388, 28.447999999999997], [77.38950000000001, 28.447999999999997], [77.38950000000001, 28.457749999999997], [77.388, 28.457749999999997], [77.388, 28.456249999999997], [77.387, 28.456249999999997], [77.387, 28.456], [77.38575, 28.456], [77.38575, 28.455499999999997], [77.38475000000001, 28.455499999999997], [77.38475000000001, 28.4545], [77.384, 28.4545], [77.384, 28.45575], [77.38425000000001, 28.45575], [77.38425000000001, 28.4565], [77.38375, 28.4565], [77.38375, 28.45725], [77.38250000000001, 28.45725], [77.38250000000001, 28.456999999999997], [77.3815, 28.456999999999997], [77.3815, 28.45725], [77.38025, 28.45725], [77.38025, 28.457749999999997], [77.38000000000001, 28.457749999999997], [77.38000000000001, 28.458], [77.37975, 28.458], [77.37975, 28.45825], [77.378, 28.45825], [77.378, 28.4595], [77.376, 28.4595]], [[77.38675, 28.45425], [77.388, 28.45425], [77.388, 28.452499999999997], [77.38875, 28.452499999999997], [77.38875, 28.451249999999998], [77.38725000000001, 28.451249999999998], [77.38725000000001, 28.452749999999998], [77.38675, 28.452749999999998], [77.38675, 28.45425]], [[77.38475000000001, 28.453999999999997], [77.38600000000001, 28.453999999999997], [77.38600000000001, 28.452749999999998], [77.38575, 28.452749999999998], [77.38575, 28.452499999999997], [77.38525, 28.452499999999997], [77.38525, 28.4515], [77.38425000000001, 28.4515], [77.38425000000001, 28.449749999999998], [77.384, 28.449749999999998], [77.384, 28.448999999999998], [77.38425000000001, 28.448999999999998], [77.38425000000001, 28.447999999999997], [77.385, 28.447999999999997], [77.385, 28.44775], [77.3845, 28.44775], [77.3845, 28.447499999999998], [77.38350000000001, 28.447499999999998], [77.38350000000001, 28.447249999999997], [77.38225000000001, 28.447249999999997], [77.38225000000001, 28.447], [77.38175000000001, 28.447], [77.38175000000001, 28.446749999999998], [77.3815, 28.446749999999998], [77.3815, 28.446499999999997], [77.38125000000001, 28.446499999999997], [77.38125000000001, 28.44625], [77.381, 28.44625], [77.381, 28.445999999999998], [77.38050000000001, 28.445999999999998], [77.38050000000001, 28.445249999999998], [77.379, 28.445249999999998], [77.379, 28.444999999999997], [77.37725, 28.444999999999997], [77.37725, 28.445249999999998], [77.3755, 28.445249999999998], [77.3755, 28.444999999999997], [77.37425, 28.444999999999997], [77.37425, 28.444499999999998], [77.37375, 28.444499999999998], [77.37375, 28.444249999999997], [77.3725, 28.444249999999997], [77.3725, 28.446749999999998], [77.37275000000001, 28.446749999999998], [77.37275000000001, 28.447999999999997], [77.37425, 28.447999999999997], [77.37425, 28.447499999999998], [77.3755, 28.447499999999998], [77.3755, 28.447249999999997], [77.37625000000001, 28.447249999999997], [77.37625000000001, 28.447], [77.37750000000001, 28.447], [77.37750000000001, 28.446749999999998], [77.37775, 28.446749999999998], [77.37775, 28.446499999999997], [77.379, 28.446499999999997], [77.379, 28.447], [77.37925000000001, 28.447], [77.37925000000001, 28.447249999999997], [77.37975, 28.447249999999997], [77.37975, 28.448749999999997], [77.3815, 28.448749999999997], [77.3815, 28.449499999999997], [77.37975, 28.449499999999997], [77.37975, 28.449749999999998], [77.38075, 28.449749999999998], [77.38075, 28.45], [77.3815, 28.45], [77.3815, 28.4515], [77.38075, 28.4515], [77.38075, 28.453], [77.3815, 28.453], [77.3815, 28.453249999999997], [77.38225000000001, 28.453249999999997], [77.38225000000001, 28.453], [77.38250000000001, 28.453], [77.38250000000001, 28.451999999999998], [77.384, 28.451999999999998], [77.384, 28.452749999999998], [77.38425000000001, 28.452749999999998], [77.38425000000001, 28.453], [77.3845, 28.453], [77.3845, 28.453249999999997], [77.38475000000001, 28.453249999999997], [77.38475000000001, 28.453999999999997]], [[77.37625000000001, 28.4535], [77.37725, 28.4535], [77.37725, 28.453249999999997], [77.37625000000001, 28.453249999999997], [77.37625000000001, 28.4535]], [[77.378, 28.452499999999997], [77.37925000000001, 28.452499999999997], [77.37925000000001, 28.4515], [77.37750000000001, 28.4515], [77.37750000000001, 28.45225], [77.378, 28.45225], [77.378, 28.452499999999997]], [[77.36975000000001, 28.4515], [77.37125, 28.4515], [77.37125, 28.45075], [77.37150000000001, 28.45075], [77.37150000000001, 28.449749999999998], [77.37175, 28.449749999999998], [77.37175, 28.448249999999998], [77.37100000000001, 28.448249999999998], [77.37100000000001, 28.448999999999998], [77.37025000000001, 28.448999999999998], [77.37025000000001, 28.448249999999998], [77.37, 28.448249999999998], [77.37, 28.447], [77.36825, 28.447], [77.36825, 28.4485], [77.36800000000001, 28.4485], [77.36800000000001, 28.44925], [77.36825, 28.44925], [77.36825, 28.45], [77.36850000000001, 28.45], [77.36850000000001, 28.450249999999997], [77.37, 28.450249999999997], [77.37, 28.450999999999997], [77.36975000000001, 28.450999999999997], [77.36975000000001, 28.4515]], [[77.38475000000001, 28.4425], [77.38575, 28.4425], [77.38575, 28.442249999999998], [77.38625, 28.442249999999998], [77.38625, 28.442], [77.387, 28.442], [77.387, 28.44025], [77.38575, 28.44025], [77.38575, 28.4405], [77.385, 28.4405], [77.385, 28.440749999999998], [77.38475000000001, 28.440749999999998], [77.38475000000001, 28.4425]], [[77.37400000000001, 28.43675], [77.375, 28.43675], [77.375, 28.435499999999998], [77.37400000000001, 28.435499999999998], [77.37400000000001, 28.43675]], [[77.37825000000001, 28.435], [77.37925000000001, 28.435], [77.37925000000001, 28.434749999999998], [77.37975, 28.434749999999998], [77.37975, 28.433999999999997], [77.37950000000001, 28.433999999999997], [77.37950000000001, 28.43375], [77.37825000000001, 28.43375], [77.37825000000001, 28.435]], [[77.388, 28.43275], [77.38825, 28.43275], [77.38825, 28.432499999999997], [77.388, 28.432499999999997], [77.388, 28.43275]]]}, "properties": {"area_km2": 5.5162, "area_ha": 551.62}}, {"type": "Feature", "geometry": {"type": "Polygon", "coordinates": [[[77.316, 28.547749999999997], [77.316, 28.546999999999997], [77.31575000000001, 28.546999999999997], [77.31575000000001, 28.546], [77.31450000000001, 28.546], [77.31450000000001, 28.545499999999997], [77.31425, 28.545499999999997], [77.31425, 28.544999999999998], [77.31400000000001, 28.544999999999998], [77.31400000000001, 28.543999999999997], [77.3135, 28.543999999999997], [77.3135, 28.542499999999997], [77.31525, 28.542499999999997], [77.31525, 28.543499999999998], [77.3155, 28.543499999999998], [77.3155, 28.543], [77.31750000000001, 28.543], [77.31750000000001, 28.542749999999998], [77.31825, 28.542749999999998], [77.31825, 28.541749999999997], [77.31875000000001, 28.541749999999997], [77.31875000000001, 28.5415], [77.319, 28.5415], [77.319, 28.541249999999998], [77.31925000000001, 28.541249999999998], [77.31925000000001, 28.540999999999997], [77.32025, 28.540999999999997], [77.32025, 28.54075], [77.32050000000001, 28.54075], [77.32050000000001, 28.53925], [77.32000000000001, 28.53925], [77.32000000000001, 28.5385], [77.32075, 28.5385], [77.32075, 28.537999999999997], [77.3225, 28.537999999999997], [77.3225, 28.537499999999998], [77.32325, 28.537499999999998], [77.32325, 28.536749999999998], [77.32400000000001, 28.536749999999998], [77.32400000000001, 28.535999999999998], [77.32425, 28.535999999999998], [77.32425, 28.5355], [77.3245, 28.5355], [77.3245, 28.533749999999998], [77.325, 28.533749999999998], [77.325, 28.532], [77.32675, 28.532], [77.32675, 28.531499999999998], [77.32700000000001, 28.531499999999998], [77.32700000000001, 28.53125], [77.32725, 28.53125], [77.32725, 28.531], [77.3275, 28.531], [77.3275, 28.530749999999998], [77.32775000000001, 28.530749999999998], [77.32775000000001, 28.5305], [77.328, 28.5305], [77.328, 28.53025], [77.32825000000001, 28.53025], [77.32825000000001, 28.529999999999998], [77.3285, 28.529999999999998], [77.3285, 28.52975], [77.32875, 28.52975], [77.32875, 28.5295], [77.32900000000001, 28.5295], [77.32900000000001, 28.529], [77.32925, 28.529], [77.32925, 28.52875], [77.32950000000001, 28.52875], [77.32950000000001, 28.52825], [77.32975, 28.52825], [77.32975, 28.5275], [77.3305, 28.5275], [77.3305, 28.52725], [77.33125000000001, 28.52725], [77.33125000000001, 28.5265], [77.3315, 28.5265], [77.3315, 28.526249999999997], [77.33175, 28.526249999999997], [77.33175, 28.525499999999997], [77.33300000000001, 28.525499999999997], [77.33300000000001, 28.525], [77.33325, 28.525], [77.33325, 28.524749999999997], [77.33375000000001, 28.524749999999997], [77.33375000000001, 28.5245], [77.33425000000001, 28.5245], [77.33425000000001, 28.523999999999997], [77.3345, 28.523999999999997], [77.3345, 28.52375], [77.33475, 28.52375], [77.33475, 28.5235], [77.33500000000001, 28.5235], [77.33500000000001, 28.523249999999997], [77.33525, 28.523249999999997], [77.33525, 28.523], [77.33550000000001, 28.523], [77.33550000000001, 28.52275], [77.33575, 28.52275], [77.33575, 28.522], [77.33600000000001, 28.522], [77.33600000000001, 28.521749999999997], [77.33625, 28.521749999999997], [77.33625, 28.5215], [77.33675000000001, 28.5215], [77.33675000000001, 28.519499999999997], [77.337, 28.519499999999997], [77.337, 28.51925], [77.33875, 28.51925], [77.33875, 28.519], [77.33900000000001, 28.519], [77.33900000000001, 28.518749999999997], [77.3395, 28.518749999999997], [77.3395, 28.5185], [77.33975000000001, 28.5185], [77.33975000000001, 28.51625], [77.34100000000001, 28.51625], [77.34100000000001, 28.514999999999997], [77.3425, 28.514999999999997], [77.3425, 28.514499999999998], [77.34275000000001, 28.514499999999998], [77.34275000000001, 28.514249999999997], [77.34325000000001, 28.514249999999997], [77.34325000000001, 28.51325], [77.34400000000001, 28.51325], [77.34400000000001, 28.512999999999998], [77.34425, 28.512999999999998], [77.34425, 28.512749999999997], [77.34450000000001, 28.512749999999997], [77.34450000000001, 28.5125], [77.34475, 28.5125], [77.34475, 28.511999999999997], [77.34525000000001, 28.511999999999997], [77.34525000000001, 28.51175], [77.3455, 28.51175], [77.3455, 28.51025], [77.34525000000001, 28.51025], [77.34525000000001, 28.509249999999998], [77.3455, 28.509249999999998], [77.3455, 28.508], [77.34525000000001, 28.508], [77.34525000000001, 28.506999999999998], [77.34500000000001, 28.506999999999998], [77.34500000000001, 28.505249999999997], [77.34475, 28.505249999999997], [77.34475, 28.5045], [77.3435, 28.5045], [77.3435, 28.503249999999998], [77.34425, 28.503249999999998], [77.34425, 28.5035], [77.3455, 28.5035], [77.3455, 28.503249999999998], [77.346, 28.503249999999998], [77.346, 28.503], [77.34625000000001, 28.503], [77.34625000000001, 28.5015], [77.34800000000001, 28.5015], [77.34800000000001, 28.49975], [77.34625000000001, 28.49975], [77.34625000000001, 28.50125], [77.34450000000001, 28.50125], [77.34450000000001, 28.5005], [77.34475, 28.5005], [77.34475, 28.500249999999998], [77.34525000000001, 28.500249999999998], [77.34525000000001, 28.4985], [77.34725, 28.4985], [77.34725, 28.498749999999998], [77.3485, 28.498749999999998], [77.3485, 28.4975], [77.34775, 28.4975], [77.34775, 28.496499999999997], [77.34800000000001, 28.496499999999997], [77.34800000000001, 28.49625], [77.34875000000001, 28.49625], [77.34875000000001, 28.494999999999997], [77.34925000000001, 28.494999999999997], [77.34925000000001, 28.49475], [77.3495, 28.49475], [77.3495, 28.4945], [77.34975, 28.4945], [77.34975, 28.494249999999997], [77.35000000000001, 28.494249999999997], [77.35000000000001, 28.493], [77.34975, 28.493], [77.34975, 28.4925], [77.3495, 28.4925], [77.3495, 28.49175], [77.34975, 28.49175], [77.34975, 28.4915], [77.35225000000001, 28.4915], [77.35225000000001, 28.489749999999997], [77.35300000000001, 28.489749999999997], [77.35300000000001, 28.4895], [77.35375, 28.4895], [77.35375, 28.4885], [77.35425000000001, 28.4885], [77.35425000000001, 28.488], [77.3555, 28.488], [77.3555, 28.48775], [77.35675, 28.48775], [77.35675, 28.487499999999997], [77.357, 28.487499999999997], [77.357, 28.48725], [77.35725000000001, 28.48725], [77.35725000000001, 28.487], [77.3575, 28.487], [77.3575, 28.486749999999997], [77.35825000000001, 28.486749999999997], [77.35825000000001, 28.485999999999997], [77.35900000000001, 28.485999999999997], [77.35900000000001, 28.48575], [77.35925, 28.48575], [77.35925, 28.483999999999998], [77.35950000000001, 28.483999999999998], [77.35950000000001, 28.483249999999998], [77.36225, 28.483249999999998], [77.36225, 28.485], [77.361, 28.485], [77.361, 28.485249999999997], [77.36075000000001, 28.485249999999997], [77.36075000000001, 28.4855], [77.36025000000001, 28.4855], [77.36025000000001, 28.48625], [77.36, 28.48625], [77.36, 28.4865], [77.35925, 28.4865], [77.35925, 28.48775], [77.3585, 28.48775], [77.3585, 28.4885], [77.35875, 28.4885], [77.35875, 28.489749999999997], [77.3585, 28.489749999999997], [77.3585, 28.49], [77.358, 28.49], [77.358, 28.49175], [77.357, 28.49175], [77.357, 28.491999999999997], [77.35675, 28.491999999999997], [77.35675, 28.49325], [77.35650000000001, 28.49325], [77.35650000000001, 28.494999999999997], [77.35625, 28.494999999999997], [77.35625, 28.49525], [77.35525000000001, 28.49525], [77.35525000000001, 28.495749999999997], [77.355, 28.495749999999997], [77.355, 28.497], [77.35475000000001, 28.497], [77.35475000000001, 28.498749999999998], [77.355, 28.498749999999998], [77.355, 28.49975], [77.35475000000001, 28.49975], [77.35475000000001, 28.5], [77.35525000000001, 28.5], [77.35525000000001, 28.5015], [77.3545, 28.5015], [77.3545, 28.50075], [77.35300000000001, 28.50075], [77.35300000000001, 28.500999999999998], [77.35325, 28.500999999999998], [77.35325, 28.502499999999998], [77.35275, 28.502499999999998], [77.35275, 28.5035], [77.3525, 28.5035], [77.3525, 28.50375], [77.35225000000001, 28.50375], [77.35225000000001, 28.5045], [77.3525, 28.5045], [77.3525, 28.505], [77.35275, 28.505], [77.35275, 28.50575], [77.3525, 28.50575], [77.3525, 28.507749999999998], [77.352, 28.507749999999998], [77.352, 28.508], [77.35175000000001, 28.508], [77.35175000000001, 28.509749999999997], [77.3515, 28.509749999999997], [77.3515, 28.509999999999998], [77.35125000000001, 28.509999999999998], [77.35125000000001, 28.51025], [77.35100000000001, 28.51025], [77.35100000000001, 28.510499999999997], [77.35025, 28.510499999999997], [77.35025, 28.511249999999997], [77.34975, 28.511249999999997], [77.34975, 28.511499999999998], [77.34925000000001, 28.511499999999998], [77.34925000000001, 28.512249999999998], [77.349, 28.512249999999998], [77.349, 28.513499999999997], [77.34825000000001, 28.513499999999997], [77.34825000000001, 28.514249999999997], [77.34800000000001, 28.514249999999997], [77.34800000000001, 28.51475], [77.34775, 28.51475], [77.34775, 28.514999999999997], [77.34725, 28.514999999999997], [77.34725, 28.517], [77.34700000000001, 28.517], [77.34700000000001, 28.517249999999997], [77.34675, 28.517249999999997], [77.34675, 28.5185], [77.34700000000001, 28.5185], [77.34700000000001, 28.521749999999997], [77.34675, 28.521749999999997], [77.34675, 28.52225], [77.3465, 28.52225], [77.3465, 28.522499999999997], [77.34625000000001, 28.522499999999997], [77.34625000000001, 28.52275], [77.346, 28.52275], [77.346, 28.52375], [77.34525000000001, 28.52375], [77.34525000000001, 28.523999999999997], [77.34475, 28.523999999999997], [77.34475, 28.5245], [77.34450000000001, 28.5245], [77.34450000000001, 28.524749999999997], [77.34400000000001, 28.524749999999997], [77.34400000000001, 28.525], [77.343, 28.525], [77.343, 28.523999999999997], [77.34325000000001, 28.523999999999997], [77.34325000000001, 28.5235], [77.3435, 28.5235], [77.3435, 28.523249999999997], [77.34375, 28.523249999999997], [77.34375, 28.52275], [77.34400000000001, 28.52275], [77.34400000000001, 28.522499999999997], [77.34450000000001, 28.522499999999997], [77.34450000000001, 28.520999999999997], [77.3435, 28.520999999999997], [77.3435, 28.52], [77.34475, 28.52], [77.34475, 28.519499999999997], [77.34500000000001, 28.519499999999997], [77.34500000000001, 28.51825], [77.34525000000001, 28.51825], [77.34525000000001, 28.51775], [77.34500000000001, 28.51775], [77.34500000000001, 28.517999999999997], [77.3435, 28.517999999999997], [77.3435, 28.5185], [77.34325000000001, 28.5185], [77.34325000000001, 28.519], [77.343, 28.519], [77.343, 28.520249999999997], [77.34225, 28.520249999999997], [77.34225, 28.520999999999997], [77.34200000000001, 28.520999999999997], [77.34200000000001, 28.5215], [77.34125, 28.5215], [77.34125, 28.52275], [77.34100000000001, 28.52275], [77.34100000000001, 28.523], [77.34025000000001, 28.523], [77.34025000000001, 28.523249999999997], [77.34, 28.523249999999997], [77.34, 28.5235], [77.3395, 28.5235], [77.3395, 28.52375], [77.33925, 28.52375], [77.33925, 28.523999999999997], [77.33900000000001, 28.523999999999997], [77.33900000000001, 28.52425], [77.33850000000001, 28.52425], [77.33850000000001, 28.525], [77.33825, 28.525], [77.33825, 28.5265], [77.33600000000001, 28.5265], [77.33600000000001, 28.526999999999997], [77.33475, 28.526999999999997], [77.33475, 28.52875], [77.33425000000001, 28.52875], [77.33425000000001, 28.529249999999998], [77.334, 28.529249999999998], [77.334, 28.5295], [77.3335, 28.5295], [77.3335, 28.529999999999998], [77.334, 28.529999999999998], [77.334, 28.532249999999998], [77.33375000000001, 28.532249999999998], [77.33375000000001, 28.5335], [77.3335, 28.5335], [77.3335, 28.534], [77.33325, 28.534], [77.33325, 28.53425], [77.33300000000001, 28.53425], [77.33300000000001, 28.534499999999998], [77.33275, 28.534499999999998], [77.33275, 28.53475], [77.33175, 28.53475], [77.33175, 28.534499999999998], [77.33025, 28.534499999999998], [77.33025, 28.533749999999998], [77.3305, 28.533749999999998], [77.3305, 28.5335], [77.33075000000001, 28.5335], [77.33075000000001, 28.53275], [77.3315, 28.53275], [77.3315, 28.5325], [77.33175, 28.5325], [77.33175, 28.531], [77.33250000000001, 28.531], [77.33250000000001, 28.529999999999998], [77.33275, 28.529999999999998], [77.33275, 28.52975], [77.33225, 28.52975], [77.33225, 28.529999999999998], [77.33200000000001, 28.529999999999998], [77.33200000000001, 28.530749999999998], [77.33125000000001, 28.530749999999998], [77.33125000000001, 28.5305], [77.331, 28.5305], [77.331, 28.530749999999998], [77.3305, 28.530749999999998], [77.3305, 28.531], [77.33025, 28.531], [77.33025, 28.53125], [77.33000000000001, 28.53125], [77.33000000000001, 28.532249999999998], [77.32900000000001, 28.532249999999998], [77.32900000000001, 28.53275], [77.3285, 28.53275], [77.3285, 28.53325], [77.32825000000001, 28.53325], [77.32825000000001, 28.5335], [77.32775000000001, 28.5335], [77.32775000000001, 28.534], [77.3275, 28.534], [77.3275, 28.535], [77.32600000000001, 28.535], [77.32600000000001, 28.535999999999998], [77.32725, 28.535999999999998], [77.32725, 28.53575], [77.3275, 28.53575], [77.3275, 28.535249999999998], [77.32900000000001, 28.535249999999998], [77.32900000000001, 28.535999999999998], [77.32825000000001, 28.535999999999998], [77.32825000000001, 28.536499999999997], [77.32775000000001, 28.536499999999997], [77.32775000000001, 28.537999999999997], [77.32675, 28.537999999999997], [77.32675, 28.5385], [77.32650000000001, 28.5385], [77.32650000000001, 28.538749999999997], [77.32475000000001, 28.538749999999997], [77.32475000000001, 28.53925], [77.3245, 28.53925], [77.3245, 28.54075], [77.32425, 28.54075], [77.32425, 28.541249999999998], [77.32375, 28.541249999999998], [77.32375, 28.5415], [77.32350000000001, 28.5415], [77.32350000000001, 28.542499999999997], [77.3225, 28.542499999999997], [77.3225, 28.543], [77.32225000000001, 28.543], [77.32225000000001, 28.543249999999997], [77.322, 28.543249999999997], [77.322, 28.543499999999998], [77.32075, 28.543499999999998], [77.32075, 28.543999999999997], [77.32025, 28.543999999999997], [77.32025, 28.5445], [77.32000000000001, 28.5445], [77.32000000000001, 28.545499999999997], [77.31825, 28.545499999999997], [77.31825, 28.546249999999997], [77.31750000000001, 28.546249999999997], [77.31750000000001, 28.54675], [77.31725, 28.54675], [77.31725, 28.5475], [77.31700000000001, 28.5475], [77.31700000000001, 28.547749999999997], [77.316, 28.547749999999997]], [[77.34575000000001, 28.51675], [77.34625000000001, 28.51675], [77.34625000000001, 28.514499999999998], [77.3465, 28.514499999999998], [77.3465, 28.514249999999997], [77.34675, 28.514249999999997], [77.34675, 28.512999999999998], [77.3455, 28.512999999999998], [77.3455, 28.51475], [77.34500000000001, 28.51475], [77.34500000000001, 28.514999999999997], [77.34475, 28.514999999999997], [77.34475, 28.516499999999997], [77.34575000000001, 28.516499999999997], [77.34575000000001, 28.51675]], [[77.35075, 28.496499999999997], [77.352, 28.496499999999997], [77.352, 28.495749999999997], [77.35225000000001, 28.495749999999997], [77.35225000000001, 28.4945], [77.35075, 28.4945], [77.35075, 28.496499999999997]]]}, "properties": {"area_km2": 3.9619, "area_ha": 396.19}}, {"type": "Feature", "geometry": {"type": "Polygon", "coordinates": [[[77.2325, 28.710749999999997], [77.2325, 28.7105], [77.23225000000001, 28.7105], [77.23225000000001, 28.709999999999997], [77.232, 28.709999999999997], [77.232, 28.709], [77.23025000000001, 28.709], [77.23025000000001, 28.70875], [77.22975000000001, 28.70875], [77.22975000000001, 28.70675], [77.23, 28.70675], [77.23, 28.705499999999997], [77.22975000000001, 28.705499999999997], [77.22975000000001, 28.703999999999997], [77.2295, 28.703999999999997], [77.2295, 28.7035], [77.22925000000001, 28.7035], [77.22925000000001, 28.702499999999997], [77.229, 28.702499999999997], [77.229, 28.700499999999998], [77.22875, 28.700499999999998], [77.22875, 28.700249999999997], [77.22850000000001, 28.700249999999997], [77.22850000000001, 28.69775], [77.22925000000001, 28.69775], [77.22925000000001, 28.697999999999997], [77.2305, 28.697999999999997], [77.2305, 28.697499999999998], [77.22975000000001, 28.697499999999998], [77.22975000000001, 28.696749999999998], [77.2295, 28.696749999999998], [77.2295, 28.6955], [77.229, 28.6955], [77.229, 28.693749999999998], [77.22925000000001, 28.693749999999998], [77.22925000000001, 28.69275], [77.2305, 28.69275], [77.2305, 28.69175], [77.23025000000001, 28.69175], [77.23025000000001, 28.691499999999998], [77.23, 28.691499999999998], [77.23, 28.69025], [77.2305, 28.69025], [77.2305, 28.688499999999998], [77.23075, 28.688499999999998], [77.23075, 28.687749999999998], [77.23100000000001, 28.687749999999998], [77.23100000000001, 28.6875], [77.23125, 28.6875], [77.23125, 28.6845], [77.2305, 28.6845], [77.2305, 28.68375], [77.23175, 28.68375], [77.23175, 28.683], [77.232, 28.683], [77.232, 28.682499999999997], [77.23150000000001, 28.682499999999997], [77.23150000000001, 28.68125], [77.23225000000001, 28.68125], [77.23225000000001, 28.680999999999997], [77.2325, 28.680999999999997], [77.2325, 28.680249999999997], [77.23100000000001, 28.680249999999997], [77.23100000000001, 28.679499999999997], [77.2335, 28.679499999999997], [77.2335, 28.6785], [77.23400000000001, 28.6785], [77.23400000000001, 28.6775], [77.23450000000001, 28.6775], [77.23450000000001, 28.677], [77.23475, 28.677], [77.23475, 28.67625], [77.235, 28.67625], [77.235, 28.675749999999997], [77.2355, 28.675749999999997], [77.2355, 28.6745], [77.23575000000001, 28.6745], [77.23575000000001, 28.67375], [77.236, 28.67375], [77.236, 28.672749999999997], [77.23625000000001, 28.672749999999997], [77.23625000000001, 28.671999999999997], [77.23700000000001, 28.671999999999997], [77.23700000000001, 28.67225], [77.238, 28.67225], [77.238, 28.673499999999997], [77.23775, 28.673499999999997], [77.23775, 28.676], [77.238, 28.676], [77.238, 28.67775], [77.2365, 28.67775], [77.2365, 28.67825], [77.23625000000001, 28.67825], [77.23625000000001, 28.67925], [77.2365, 28.67925], [77.2365, 28.679499999999997], [77.23725, 28.679499999999997], [77.23725, 28.67925], [77.23775, 28.67925], [77.23775, 28.679], [77.238, 28.679], [77.238, 28.6785], [77.23875000000001, 28.6785], [77.23875000000001, 28.679], [77.24000000000001, 28.679], [77.24000000000001, 28.678749999999997], [77.24025, 28.678749999999997], [77.24025, 28.67775], [77.24050000000001, 28.67775], [77.24050000000001, 28.6775], [77.241, 28.6775], [77.241, 28.676], [77.24175000000001, 28.676], [77.24175000000001, 28.6755], [77.24275, 28.6755], [77.24275, 28.674999999999997], [77.24300000000001, 28.674999999999997], [77.24300000000001, 28.67475], [77.24650000000001, 28.67475], [77.24650000000001, 28.6745], [77.24875, 28.6745], [77.24875, 28.674249999999997], [77.25025000000001, 28.674249999999997], [77.25025000000001, 28.674], [77.25075000000001, 28.674], [77.25075000000001, 28.67375], [77.25250000000001, 28.67375], [77.25250000000001, 28.674249999999997], [77.25375000000001, 28.674249999999997], [77.25375000000001, 28.674999999999997], [77.256, 28.674999999999997], [77.256, 28.675749999999997], [77.25625000000001, 28.675749999999997], [77.25625000000001, 28.677], [77.256, 28.677], [77.256, 28.677249999999997], [77.25575, 28.677249999999997], [77.25575, 28.678749999999997], [77.254, 28.678749999999997], [77.254, 28.67975], [77.25475, 28.67975], [77.25475, 28.68], [77.25525, 28.68], [77.25525, 28.6815], [77.25500000000001, 28.6815], [77.25500000000001, 28.681749999999997], [77.25475, 28.681749999999997], [77.25475, 28.683249999999997], [77.25425000000001, 28.683249999999997], [77.25425000000001, 28.68375], [77.254, 28.68375], [77.254, 28.683999999999997], [77.2535, 28.683999999999997], [77.2535, 28.68425], [77.25250000000001, 28.68425], [77.25250000000001, 28.683999999999997], [77.25025000000001, 28.683999999999997], [77.25025000000001, 28.68425], [77.24950000000001, 28.68425], [77.24950000000001, 28.683999999999997], [77.24925, 28.683999999999997], [77.24925, 28.686], [77.24950000000001, 28.686], [77.24950000000001, 28.686249999999998], [77.25125000000001, 28.686249999999998], [77.25125000000001, 28.68675], [77.25150000000001, 28.68675], [77.25150000000001, 28.686999999999998], [77.25325000000001, 28.686999999999998], [77.25325000000001, 28.687749999999998], [77.2535, 28.687749999999998], [77.2535, 28.6905], [77.25375000000001, 28.6905], [77.25375000000001, 28.69125], [77.254, 28.69125], [77.254, 28.692249999999998], [77.25425000000001, 28.692249999999998], [77.25425000000001, 28.694249999999997], [77.25450000000001, 28.694249999999997], [77.25450000000001, 28.695249999999998], [77.25475, 28.695249999999998], [77.25475, 28.697999999999997], [77.25450000000001, 28.697999999999997], [77.25450000000001, 28.698249999999998], [77.25425000000001, 28.698249999999998], [77.25425000000001, 28.6985], [77.25250000000001, 28.6985], [77.25250000000001, 28.698749999999997], [77.25150000000001, 28.698749999999997], [77.25150000000001, 28.6985], [77.251, 28.6985], [77.251, 28.69775], [77.25075000000001, 28.69775], [77.25075000000001, 28.697499999999998], [77.24950000000001, 28.697499999999998], [77.24950000000001, 28.698249999999998], [77.2485, 28.698249999999998], [77.2485, 28.6985], [77.24775000000001, 28.6985], [77.24775000000001, 28.698249999999998], [77.2475, 28.698249999999998], [77.2475, 28.69775], [77.24725000000001, 28.69775], [77.24725000000001, 28.697249999999997], [77.247, 28.697249999999997], [77.247, 28.696499999999997], [77.248, 28.696499999999997], [77.248, 28.695749999999997], [77.24875, 28.695749999999997], [77.24875, 28.6955], [77.24950000000001, 28.6955], [77.24950000000001, 28.695749999999997], [77.2505, 28.695749999999997], [77.2505, 28.693499999999997], [77.25025000000001, 28.693499999999997], [77.25025000000001, 28.6895], [77.24975, 28.6895], [77.24975, 28.68875], [77.24950000000001, 28.68875], [77.24950000000001, 28.688499999999998], [77.24925, 28.688499999999998], [77.24925, 28.6875], [77.24825000000001, 28.6875], [77.24825000000001, 28.68675], [77.2475, 28.68675], [77.2475, 28.68425], [77.247, 28.68425], [77.247, 28.6865], [77.24625, 28.6865], [77.24625, 28.68675], [77.24525000000001, 28.68675], [77.24525000000001, 28.686999999999998], [77.245, 28.686999999999998], [77.245, 28.689], [77.244, 28.689], [77.244, 28.68975], [77.24375, 28.68975], [77.24375, 28.689999999999998], [77.24300000000001, 28.689999999999998], [77.24300000000001, 28.68875], [77.244, 28.68875], [77.244, 28.686999999999998], [77.24375, 28.686999999999998], [77.24375, 28.68675], [77.24350000000001, 28.68675], [77.24350000000001, 28.686], [77.24325, 28.686], [77.24325, 28.6845], [77.24350000000001, 28.6845], [77.24350000000001, 28.6835], [77.242, 28.6835], [77.242, 28.68375], [77.24125000000001, 28.68375], [77.24125000000001, 28.6845], [77.2395, 28.6845], [77.2395, 28.68425], [77.23725, 28.68425], [77.23725, 28.684749999999998], [77.23700000000001, 28.684749999999998], [77.23700000000001, 28.685], [77.23675, 28.685], [77.23675, 28.68525], [77.23625000000001, 28.68525], [77.23625000000001, 28.685499999999998], [77.235, 28.685499999999998], [77.235, 28.6865], [77.23450000000001, 28.6865], [77.23450000000001, 28.68725], [77.23325000000001, 28.68725], [77.23325000000001, 28.6875], [77.2325, 28.6875], [77.2325, 28.688], [77.23225000000001, 28.688], [77.23225000000001, 28.68875], [77.23175, 28.68875], [77.23175, 28.69125], [77.23150000000001, 28.69125], [77.23150000000001, 28.69325], [77.23125, 28.69325], [77.23125, 28.694], [77.23100000000001, 28.694], [77.23100000000001, 28.694999999999997], [77.23075, 28.694999999999997], [77.23075, 28.6955], [77.23125, 28.6955], [77.23125, 28.695999999999998], [77.23175, 28.695999999999998], [77.23175, 28.698249999999998], [77.232, 28.698249999999998], [77.232, 28.698999999999998], [77.23225000000001, 28.698999999999998], [77.23225000000001, 28.699749999999998], [77.2325, 28.699749999999998], [77.2325, 28.701749999999997], [77.23150000000001, 28.701749999999997], [77.23150000000001, 28.701249999999998], [77.23125, 28.701249999999998], [77.23125, 28.700499999999998], [77.23, 28.700499999999998], [77.23, 28.700999999999997], [77.23025000000001, 28.700999999999997], [77.23025000000001, 28.7015], [77.23075, 28.7015], [77.23075, 28.7035], [77.232, 28.7035], [77.232, 28.702749999999998], [77.23275000000001, 28.702749999999998], [77.23275000000001, 28.7035], [77.233, 28.7035], [77.233, 28.70525], [77.23175, 28.70525], [77.23175, 28.705499999999997], [77.23100000000001, 28.705499999999997], [77.23100000000001, 28.7075], [77.23225000000001, 28.7075], [77.23225000000001, 28.70725], [77.2325, 28.70725], [77.2325, 28.7065], [77.23275000000001, 28.7065], [77.23275000000001, 28.706249999999997], [77.233, 28.706249999999997], [77.233, 28.70575], [77.23400000000001, 28.70575], [77.23400000000001, 28.707749999999997], [77.23450000000001, 28.707749999999997], [77.23450000000001, 28.708], [77.235, 28.708], [77.235, 28.70825], [77.23525000000001, 28.70825], [77.23525000000001, 28.7105], [77.23325000000001, 28.7105], [77.23325000000001, 28.710749999999997], [77.2325, 28.710749999999997]], [[77.25175, 28.6925], [77.25275, 28.6925], [77.25275, 28.69175], [77.25175, 28.69175], [77.25175, 28.6925]], [[77.233, 28.68525], [77.23425, 28.68525], [77.23425, 28.683999999999997], [77.23325000000001, 28.683999999999997], [77.23325000000001, 28.68425], [77.233, 28.68425], [77.233, 28.68525]], [[77.23675, 28.6815], [77.23700000000001, 28.6815], [77.23700000000001, 28.68125], [77.23725, 28.68125], [77.23725, 28.680249999999997], [77.23675, 28.680249999999997], [77.23675, 28.6815]], [[77.23525000000001, 28.680999999999997], [77.23575000000001, 28.680999999999997], [77.23575000000001, 28.68], [77.23525000000001, 28.68], [77.23525000000001, 28.680999999999997]]]}, "properties": {"area_km2": 3.6835, "area_ha": 368.35}}, {"type": "Feature", "geometry": {"type": "Polygon", "coordinates": [[[77.28250000000001, 28.6115], [77.28250000000001, 28.61125], [77.28175, 28.61125], [77.28175, 28.610999999999997], [77.28125, 28.610999999999997], [77.28125, 28.61075], [77.281, 28.61075], [77.281, 28.610249999999997], [77.28075000000001, 28.610249999999997], [77.28075000000001, 28.609499999999997], [77.281, 28.609499999999997], [77.281, 28.608249999999998], [77.28025000000001, 28.608249999999998], [77.28025000000001, 28.607999999999997], [77.28, 28.607999999999997], [77.28, 28.607249999999997], [77.27900000000001, 28.607249999999997], [77.27900000000001, 28.606499999999997], [77.278, 28.606499999999997], [77.278, 28.607], [77.27725000000001, 28.607], [77.27725000000001, 28.606749999999998], [77.27575, 28.606749999999998], [77.27575, 28.605999999999998], [77.27550000000001, 28.605999999999998], [77.27550000000001, 28.6055], [77.27525, 28.6055], [77.27525, 28.605249999999998], [77.27250000000001, 28.605249999999998], [77.27250000000001, 28.604499999999998], [77.272, 28.604499999999998], [77.272, 28.603749999999998], [77.27375, 28.603749999999998], [77.27375, 28.6025], [77.27350000000001, 28.6025], [77.27350000000001, 28.601499999999998], [77.274, 28.601499999999998], [77.274, 28.601249999999997], [77.275, 28.601249999999997], [77.275, 28.60325], [77.27625, 28.60325], [77.27625, 28.601249999999997], [77.27525, 28.601249999999997], [77.27525, 28.601], [77.275, 28.601], [77.275, 28.599749999999997], [77.27475000000001, 28.599749999999997], [77.27475000000001, 28.5995], [77.27425000000001, 28.5995], [77.27425000000001, 28.5975], [77.275, 28.5975], [77.275, 28.597749999999998], [77.27550000000001, 28.597749999999998], [77.27550000000001, 28.598], [77.27600000000001, 28.598], [77.27600000000001, 28.598999999999997], [77.27775000000001, 28.598999999999997], [77.27775000000001, 28.59825], [77.27850000000001, 28.59825], [77.27850000000001, 28.598499999999998], [77.27975, 28.598499999999998], [77.27975, 28.59825], [77.28, 28.59825], [77.28, 28.596999999999998], [77.27775000000001, 28.596999999999998], [77.27775000000001, 28.596249999999998], [77.27900000000001, 28.596249999999998], [77.27900000000001, 28.59525], [77.28, 28.59525], [77.28, 28.5945], [77.28025000000001, 28.5945], [77.28025000000001, 28.59425], [77.28075000000001, 28.59425], [77.28075000000001, 28.593999999999998], [77.281, 28.593999999999998], [77.281, 28.593249999999998], [77.28250000000001, 28.593249999999998], [77.28250000000001, 28.593], [77.28325000000001, 28.593], [77.28325000000001, 28.59225], [77.2835, 28.59225], [77.2835, 28.592], [77.28525, 28.592], [77.28525, 28.5915], [77.28625000000001, 28.5915], [77.28625000000001, 28.59125], [77.28750000000001, 28.59125], [77.28750000000001, 28.590999999999998], [77.28850000000001, 28.590999999999998], [77.28850000000001, 28.58975], [77.28825, 28.58975], [77.28825, 28.589], [77.287, 28.589], [77.287, 28.58925], [77.28675000000001, 28.58925], [77.28675000000001, 28.589499999999997], [77.28625000000001, 28.589499999999997], [77.28625000000001, 28.58975], [77.28375000000001, 28.58975], [77.28375000000001, 28.591749999999998], [77.28200000000001, 28.591749999999998], [77.28200000000001, 28.592], [77.28150000000001, 28.592], [77.28150000000001, 28.59225], [77.28125, 28.59225], [77.28125, 28.592499999999998], [77.2805, 28.592499999999998], [77.2805, 28.59225], [77.27925, 28.59225], [77.27925, 28.59275], [77.27850000000001, 28.59275], [77.27850000000001, 28.593], [77.27825, 28.593], [77.27825, 28.593249999999998], [77.278, 28.593249999999998], [77.278, 28.5935], [77.2775, 28.5935], [77.2775, 28.59375], [77.27675, 28.59375], [77.27675, 28.59425], [77.27600000000001, 28.59425], [77.27600000000001, 28.5945], [77.27575, 28.5945], [77.27575, 28.594749999999998], [77.2745, 28.594749999999998], [77.2745, 28.59525], [77.27350000000001, 28.59525], [77.27350000000001, 28.59575], [77.27325, 28.59575], [77.27325, 28.5965], [77.272, 28.5965], [77.272, 28.59525], [77.27225, 28.59525], [77.27225, 28.595], [77.27350000000001, 28.595], [77.27350000000001, 28.5945], [77.2745, 28.5945], [77.2745, 28.5935], [77.27675, 28.5935], [77.27675, 28.59225], [77.27650000000001, 28.59225], [77.27650000000001, 28.592], [77.27625, 28.592], [77.27625, 28.59125], [77.2775, 28.59125], [77.2775, 28.590999999999998], [77.27775000000001, 28.590999999999998], [77.27775000000001, 28.59075], [77.278, 28.59075], [77.278, 28.5905], [77.27825, 28.5905], [77.27825, 28.590249999999997], [77.27925, 28.590249999999997], [77.27925, 28.58925], [77.28, 28.58925], [77.28, 28.58825], [77.281, 28.58825], [77.281, 28.587249999999997], [77.28175, 28.587249999999997], [77.28175, 28.587], [77.28200000000001, 28.587], [77.28200000000001, 28.58675], [77.28325000000001, 28.58675], [77.28325000000001, 28.584999999999997], [77.28450000000001, 28.584999999999997], [77.28450000000001, 28.58525], [77.286, 28.58525], [77.286, 28.584999999999997], [77.28625000000001, 28.584999999999997], [77.28625000000001, 28.58475], [77.28675000000001, 28.58475], [77.28675000000001, 28.5845], [77.28775, 28.5845], [77.28775, 28.584249999999997], [77.28850000000001, 28.584249999999997], [77.28850000000001, 28.58325], [77.28925000000001, 28.58325], [77.28925000000001, 28.583], [77.2895, 28.583], [77.2895, 28.581999999999997], [77.29075, 28.581999999999997], [77.29075, 28.58175], [77.29125, 28.58175], [77.29125, 28.58], [77.2915, 28.58], [77.2915, 28.5795], [77.2925, 28.5795], [77.2925, 28.58], [77.29325, 28.58], [77.29325, 28.58025], [77.29350000000001, 28.58025], [77.29350000000001, 28.58075], [77.29400000000001, 28.58075], [77.29400000000001, 28.5825], [77.29375, 28.5825], [77.29375, 28.583499999999997], [77.29325, 28.583499999999997], [77.29325, 28.58375], [77.29225000000001, 28.58375], [77.29225000000001, 28.584999999999997], [77.29475000000001, 28.584999999999997], [77.29475000000001, 28.58475], [77.29625, 28.58475], [77.29625, 28.584999999999997], [77.29650000000001, 28.584999999999997], [77.29650000000001, 28.58525], [77.29725, 28.58525], [77.29725, 28.58625], [77.29700000000001, 28.58625], [77.29700000000001, 28.586499999999997], [77.29675, 28.586499999999997], [77.29675, 28.587], [77.29650000000001, 28.587], [77.29650000000001, 28.587249999999997], [77.296, 28.587249999999997], [77.296, 28.58775], [77.29525000000001, 28.58775], [77.29525000000001, 28.58675], [77.295, 28.58675], [77.295, 28.586], [77.29325, 28.586], [77.29325, 28.586499999999997], [77.293, 28.586499999999997], [77.293, 28.587999999999997], [77.29350000000001, 28.587999999999997], [77.29350000000001, 28.58825], [77.2945, 28.58825], [77.2945, 28.59075], [77.29375, 28.59075], [77.29375, 28.5905], [77.29175000000001, 28.5905], [77.29175000000001, 28.591749999999998], [77.29375, 28.591749999999998], [77.29375, 28.593], [77.29350000000001, 28.593], [77.29350000000001, 28.59375], [77.29325, 28.59375], [77.29325, 28.593999999999998], [77.293, 28.593999999999998], [77.293, 28.59425], [77.29275000000001, 28.59425], [77.29275000000001, 28.595499999999998], [77.29225000000001, 28.595499999999998], [77.29225000000001, 28.59675], [77.292, 28.59675], [77.292, 28.596999999999998], [77.29175000000001, 28.596999999999998], [77.29175000000001, 28.59725], [77.2915, 28.59725], [77.2915, 28.5975], [77.29125, 28.5975], [77.29125, 28.598], [77.29100000000001, 28.598], [77.29100000000001, 28.59825], [77.29075, 28.59825], [77.29075, 28.598499999999998], [77.29050000000001, 28.598499999999998], [77.29050000000001, 28.5995], [77.29025, 28.5995], [77.29025, 28.599999999999998], [77.29, 28.599999999999998], [77.29, 28.60025], [77.28975000000001, 28.60025], [77.28975000000001, 28.600499999999997], [77.2895, 28.600499999999997], [77.2895, 28.600749999999998], [77.28925000000001, 28.600749999999998], [77.28925000000001, 28.601499999999998], [77.289, 28.601499999999998], [77.289, 28.60175], [77.287, 28.60175], [77.287, 28.601999999999997], [77.28450000000001, 28.601999999999997], [77.28450000000001, 28.60175], [77.284, 28.60175], [77.284, 28.601499999999998], [77.2835, 28.601499999999998], [77.2835, 28.600749999999998], [77.28325000000001, 28.600749999999998], [77.28325000000001, 28.5995], [77.27975, 28.5995], [77.27975, 28.599749999999997], [77.27900000000001, 28.599749999999997], [77.27900000000001, 28.60025], [77.27875, 28.60025], [77.27875, 28.601499999999998], [77.2805, 28.601499999999998], [77.2805, 28.60175], [77.28200000000001, 28.60175], [77.28200000000001, 28.601999999999997], [77.28275000000001, 28.601999999999997], [77.28275000000001, 28.602249999999998], [77.2835, 28.602249999999998], [77.2835, 28.602999999999998], [77.28525, 28.602999999999998], [77.28525, 28.603749999999998], [77.2865, 28.603749999999998], [77.2865, 28.603499999999997], [77.28725, 28.603499999999997], [77.28725, 28.603749999999998], [77.28750000000001, 28.603749999999998], [77.28750000000001, 28.605249999999998], [77.28625000000001, 28.605249999999998], [77.28625000000001, 28.606499999999997], [77.2865, 28.606499999999997], [77.2865, 28.607499999999998], [77.28625000000001, 28.607499999999998], [77.28625000000001, 28.608249999999998], [77.28575000000001, 28.608249999999998], [77.28575000000001, 28.6085], [77.28525, 28.6085], [77.28525, 28.609499999999997], [77.28500000000001, 28.609499999999997], [77.28500000000001, 28.60975], [77.28475, 28.60975], [77.28475, 28.6105], [77.28450000000001, 28.6105], [77.28450000000001, 28.61125], [77.28325000000001, 28.61125], [77.28325000000001, 28.6115], [77.28250000000001, 28.6115]], [[77.284, 28.600499999999997], [77.28525, 28.600499999999997], [77.28525, 28.5995], [77.284, 28.5995], [77.284, 28.600499999999997]], [[77.28375000000001, 28.588749999999997], [77.28425, 28.588749999999997], [77.28425, 28.58825], [77.28525, 28.58825], [77.28525, 28.5875], [77.28375000000001, 28.5875], [77.28375000000001, 28.588749999999997]]]}, "properties": {"area_km2": 3.4047, "area_ha": 340.47}}, {"type": "Feature", "geometry": {"type": "Polygon", "coordinates": [[[77.23125, 28.7395], [77.23125, 28.73875], [77.23150000000001, 28.73875], [77.23150000000001, 28.7385], [77.23175, 28.7385], [77.23175, 28.738], [77.2335, 28.738], [77.2335, 28.73775], [77.23375, 28.73775], [77.23375, 28.737499999999997], [77.23400000000001, 28.737499999999997], [77.23400000000001, 28.736749999999997], [77.23425, 28.736749999999997], [77.23425, 28.73625], [77.23450000000001, 28.73625], [77.23450000000001, 28.735999999999997], [77.23475, 28.735999999999997], [77.23475, 28.73575], [77.235, 28.73575], [77.235, 28.735249999999997], [77.23525000000001, 28.735249999999997], [77.23525000000001, 28.735], [77.23575000000001, 28.735], [77.23575000000001, 28.733999999999998], [77.23625000000001, 28.733999999999998], [77.23625000000001, 28.732999999999997], [77.2365, 28.732999999999997], [77.2365, 28.732499999999998], [77.23700000000001, 28.732499999999998], [77.23700000000001, 28.732249999999997], [77.23725, 28.732249999999997], [77.23725, 28.73125], [77.23525000000001, 28.73125], [77.23525000000001, 28.731749999999998], [77.235, 28.731749999999998], [77.235, 28.732999999999997], [77.23375, 28.732999999999997], [77.23375, 28.733999999999998], [77.23425, 28.733999999999998], [77.23425, 28.73475], [77.23325000000001, 28.73475], [77.23325000000001, 28.735249999999997], [77.23275000000001, 28.735249999999997], [77.23275000000001, 28.73575], [77.23150000000001, 28.73575], [77.23150000000001, 28.737499999999997], [77.23, 28.737499999999997], [77.23, 28.73775], [77.22925000000001, 28.73775], [77.22925000000001, 28.73725], [77.229, 28.73725], [77.229, 28.7365], [77.2275, 28.7365], [77.2275, 28.73625], [77.22600000000001, 28.73625], [77.22600000000001, 28.7365], [77.224, 28.7365], [77.224, 28.735], [77.22425000000001, 28.735], [77.22425000000001, 28.734499999999997], [77.2245, 28.734499999999997], [77.2245, 28.733999999999998], [77.22500000000001, 28.733999999999998], [77.22500000000001, 28.73275], [77.22525, 28.73275], [77.22525, 28.732499999999998], [77.2265, 28.732499999999998], [77.2265, 28.729999999999997], [77.22625000000001, 28.729999999999997], [77.22625000000001, 28.728749999999998], [77.2265, 28.728749999999998], [77.2265, 28.728499999999997], [77.22675000000001, 28.728499999999997], [77.22675000000001, 28.7275], [77.227, 28.7275], [77.227, 28.726999999999997], [77.22800000000001, 28.726999999999997], [77.22800000000001, 28.726], [77.22925000000001, 28.726], [77.22925000000001, 28.724749999999997], [77.22800000000001, 28.724749999999997], [77.22800000000001, 28.724], [77.22925000000001, 28.724], [77.22925000000001, 28.72375], [77.22975000000001, 28.72375], [77.22975000000001, 28.7225], [77.2295, 28.7225], [77.2295, 28.721999999999998], [77.22875, 28.721999999999998], [77.22875, 28.721], [77.2295, 28.721], [77.2295, 28.721249999999998], [77.22975000000001, 28.721249999999998], [77.22975000000001, 28.721], [77.23125, 28.721], [77.23125, 28.72075], [77.23175, 28.72075], [77.23175, 28.720499999999998], [77.23225000000001, 28.720499999999998], [77.23225000000001, 28.7195], [77.2325, 28.7195], [77.2325, 28.71925], [77.23275000000001, 28.71925], [77.23275000000001, 28.718999999999998], [77.233, 28.718999999999998], [77.233, 28.71875], [77.23325000000001, 28.71875], [77.23325000000001, 28.7185], [77.2355, 28.7185], [77.2355, 28.71775], [77.23625000000001, 28.71775], [77.23625000000001, 28.718249999999998], [77.23725, 28.718249999999998], [77.23725, 28.71775], [77.23750000000001, 28.71775], [77.23750000000001, 28.717], [77.23825000000001, 28.717], [77.23825000000001, 28.71775], [77.2385, 28.71775], [77.2385, 28.71875], [77.23875000000001, 28.71875], [77.23875000000001, 28.718999999999998], [77.239, 28.718999999999998], [77.239, 28.71925], [77.23925000000001, 28.71925], [77.23925000000001, 28.7195], [77.23975, 28.7195], [77.23975, 28.719749999999998], [77.24025, 28.719749999999998], [77.24025, 28.72025], [77.24050000000001, 28.72025], [77.24050000000001, 28.721], [77.24025, 28.721], [77.24025, 28.72175], [77.24000000000001, 28.72175], [77.24000000000001, 28.7225], [77.23975, 28.7225], [77.23975, 28.722749999999998], [77.2395, 28.722749999999998], [77.2395, 28.723], [77.23925000000001, 28.723], [77.23925000000001, 28.724], [77.23775, 28.724], [77.23775, 28.724999999999998], [77.23725, 28.724999999999998], [77.23725, 28.725749999999998], [77.23700000000001, 28.725749999999998], [77.23700000000001, 28.727249999999998], [77.23675, 28.727249999999998], [77.23675, 28.7275], [77.23625000000001, 28.7275], [77.23625000000001, 28.729], [77.236, 28.729], [77.236, 28.729999999999997], [77.23725, 28.729999999999997], [77.23725, 28.72975], [77.238, 28.72975], [77.238, 28.729499999999998], [77.23825000000001, 28.729499999999998], [77.23825000000001, 28.729249999999997], [77.2385, 28.729249999999997], [77.2385, 28.728749999999998], [77.23875000000001, 28.728749999999998], [77.23875000000001, 28.72825], [77.239, 28.72825], [77.239, 28.727999999999998], [77.23925000000001, 28.727999999999998], [77.23925000000001, 28.727749999999997], [77.2395, 28.727749999999997], [77.2395, 28.7275], [77.23975, 28.7275], [77.23975, 28.726999999999997], [77.24000000000001, 28.726999999999997], [77.24000000000001, 28.724249999999998], [77.24075, 28.724249999999998], [77.24075, 28.724], [77.242, 28.724], [77.242, 28.72375], [77.24275, 28.72375], [77.24275, 28.723], [77.24375, 28.723], [77.24375, 28.725749999999998], [77.24425000000001, 28.725749999999998], [77.24425000000001, 28.726249999999997], [77.2445, 28.726249999999997], [77.2445, 28.7275], [77.24475000000001, 28.7275], [77.24475000000001, 28.727999999999998], [77.245, 28.727999999999998], [77.245, 28.729249999999997], [77.24525000000001, 28.729249999999997], [77.24525000000001, 28.73125], [77.2455, 28.73125], [77.2455, 28.732], [77.24575, 28.732], [77.24575, 28.732999999999997], [77.24600000000001, 28.732999999999997], [77.24600000000001, 28.73425], [77.24625, 28.73425], [77.24625, 28.73575], [77.24650000000001, 28.73575], [77.24650000000001, 28.7365], [77.24675, 28.7365], [77.24675, 28.73775], [77.247, 28.73775], [77.247, 28.7385], [77.24675, 28.7385], [77.24675, 28.7395], [77.23125, 28.7395]], [[77.22850000000001, 28.735], [77.23025000000001, 28.735], [77.23025000000001, 28.7335], [77.22875, 28.7335], [77.22875, 28.733249999999998], [77.22850000000001, 28.733249999999998], [77.22850000000001, 28.732999999999997], [77.22725000000001, 28.732999999999997], [77.22725000000001, 28.733249999999998], [77.227, 28.733249999999998], [77.227, 28.73425], [77.22825, 28.73425], [77.22825, 28.73475], [77.22850000000001, 28.73475], [77.22850000000001, 28.735]], [[77.23025000000001, 28.732], [77.23175, 28.732], [77.23175, 28.730749999999997], [77.23025000000001, 28.730749999999997], [77.23025000000001, 28.732]], [[77.23225000000001, 28.723499999999998], [77.23325000000001, 28.723499999999998], [77.23325000000001, 28.721999999999998], [77.233, 28.721999999999998], [77.233, 28.72225], [77.23225000000001, 28.72225], [77.23225000000001, 28.723499999999998]]]}, "properties": {"area_km2": 3.2299, "area_ha": 322.99}}, {"type": "Feature", "geometry": {"type": "Polygon", "coordinates": [[[77.38175000000001, 28.7395], [77.38175000000001, 28.737499999999997], [77.382, 28.737499999999997], [77.382, 28.736749999999997], [77.38375, 28.736749999999997], [77.38375, 28.735249999999997], [77.38225000000001, 28.735249999999997], [77.38225000000001, 28.735], [77.382, 28.735], [77.382, 28.733749999999997], [77.38250000000001, 28.733749999999997], [77.38250000000001, 28.733249999999998], [77.38275, 28.733249999999998], [77.38275, 28.732999999999997], [77.38300000000001, 28.732999999999997], [77.38300000000001, 28.730749999999997], [77.38275, 28.730749999999997], [77.38275, 28.729], [77.3815, 28.729], [77.3815, 28.727249999999998], [77.38175000000001, 28.727249999999998], [77.38175000000001, 28.726999999999997], [77.382, 28.726999999999997], [77.382, 28.725499999999997], [77.38175000000001, 28.725499999999997], [77.38175000000001, 28.72525], [77.3815, 28.72525], [77.3815, 28.724749999999997], [77.37950000000001, 28.724749999999997], [77.37950000000001, 28.724999999999998], [77.37875000000001, 28.724999999999998], [77.37875000000001, 28.724249999999998], [77.37925000000001, 28.724249999999998], [77.37925000000001, 28.72375], [77.37950000000001, 28.72375], [77.37950000000001, 28.723499999999998], [77.38000000000001, 28.723499999999998], [77.38000000000001, 28.7225], [77.38050000000001, 28.7225], [77.38050000000001, 28.721999999999998], [77.38250000000001, 28.721999999999998], [77.38250000000001, 28.721249999999998], [77.38275, 28.721249999999998], [77.38275, 28.72075], [77.38350000000001, 28.72075], [77.38350000000001, 28.7195], [77.38300000000001, 28.7195], [77.38300000000001, 28.71925], [77.38275, 28.71925], [77.38275, 28.718999999999998], [77.3815, 28.718999999999998], [77.3815, 28.721], [77.38125000000001, 28.721], [77.38125000000001, 28.721249999999998], [77.38075, 28.721249999999998], [77.38075, 28.72175], [77.38000000000001, 28.72175], [77.38000000000001, 28.721], [77.37950000000001, 28.721], [77.37950000000001, 28.72025], [77.37975, 28.72025], [77.37975, 28.72], [77.38025, 28.72], [77.38025, 28.71875], [77.37975, 28.71875], [77.37975, 28.71775], [77.37925000000001, 28.71775], [77.37925000000001, 28.716749999999998], [77.37950000000001, 28.716749999999998], [77.37950000000001, 28.7155], [77.37975, 28.7155], [77.37975, 28.715249999999997], [77.38125000000001, 28.715249999999997], [77.38125000000001, 28.715], [77.3815, 28.715], [77.3815, 28.71475], [77.38250000000001, 28.71475], [77.38250000000001, 28.716749999999998], [77.38425000000001, 28.716749999999998], [77.38425000000001, 28.714], [77.384, 28.714], [77.384, 28.71025], [77.3845, 28.71025], [77.3845, 28.709999999999997], [77.38475000000001, 28.709999999999997], [77.38475000000001, 28.70875], [77.38375, 28.70875], [77.38375, 28.708], [77.38325, 28.708], [77.38325, 28.7075], [77.38250000000001, 28.7075], [77.38250000000001, 28.7065], [77.382, 28.7065], [77.382, 28.706249999999997], [77.38175000000001, 28.706249999999997], [77.38175000000001, 28.70525], [77.38225000000001, 28.70525], [77.38225000000001, 28.704749999999997], [77.3845, 28.704749999999997], [77.3845, 28.7035], [77.38375, 28.7035], [77.38375, 28.702749999999998], [77.384, 28.702749999999998], [77.384, 28.7015], [77.38350000000001, 28.7015], [77.38350000000001, 28.70075], [77.38425000000001, 28.70075], [77.38425000000001, 28.700499999999998], [77.385, 28.700499999999998], [77.385, 28.70075], [77.38675, 28.70075], [77.38675, 28.701749999999997], [77.38850000000001, 28.701749999999997], [77.38850000000001, 28.700999999999997], [77.38950000000001, 28.700999999999997], [77.38950000000001, 28.70225], [77.38925, 28.70225], [77.38925, 28.70375], [77.38950000000001, 28.70375], [77.38950000000001, 28.708], [77.38825, 28.708], [77.38825, 28.70825], [77.3875, 28.70825], [77.3875, 28.708499999999997], [77.387, 28.708499999999997], [77.387, 28.7095], [77.38575, 28.7095], [77.38575, 28.711], [77.38600000000001, 28.711], [77.38600000000001, 28.71275], [77.38625, 28.71275], [77.38625, 28.71325], [77.38875, 28.71325], [77.38875, 28.714], [77.38925, 28.714], [77.38925, 28.714499999999997], [77.38950000000001, 28.714499999999997], [77.38950000000001, 28.721999999999998], [77.38875, 28.721999999999998], [77.38875, 28.721249999999998], [77.38850000000001, 28.721249999999998], [77.38850000000001, 28.7195], [77.38775000000001, 28.7195], [77.38775000000001, 28.71925], [77.38650000000001, 28.71925], [77.38650000000001, 28.72], [77.38600000000001, 28.72], [77.38600000000001, 28.7215], [77.38525, 28.7215], [77.38525, 28.72175], [77.385, 28.72175], [77.385, 28.721999999999998], [77.3845, 28.721999999999998], [77.3845, 28.72325], [77.38525, 28.72325], [77.38525, 28.7245], [77.38550000000001, 28.7245], [77.38550000000001, 28.725499999999997], [77.3875, 28.725499999999997], [77.3875, 28.723499999999998], [77.38950000000001, 28.723499999999998], [77.38950000000001, 28.725749999999998], [77.38925, 28.725749999999998], [77.38925, 28.726249999999997], [77.38900000000001, 28.726249999999997], [77.38900000000001, 28.726499999999998], [77.38875, 28.726499999999998], [77.38875, 28.727749999999997], [77.38950000000001, 28.727749999999997], [77.38950000000001, 28.729249999999997], [77.3875, 28.729249999999997], [77.3875, 28.72975], [77.38725000000001, 28.72975], [77.38725000000001, 28.730999999999998], [77.38950000000001, 28.730999999999998], [77.38950000000001, 28.732249999999997], [77.38900000000001, 28.732249999999997], [77.38900000000001, 28.7335], [77.388, 28.7335], [77.388, 28.73475], [77.3875, 28.73475], [77.3875, 28.735999999999997], [77.388, 28.735999999999997], [77.388, 28.7365], [77.38950000000001, 28.7365], [77.38950000000001, 28.7395], [77.38175000000001, 28.7395]], [[77.38375, 28.732999999999997], [77.385, 28.732999999999997], [77.385, 28.731749999999998], [77.38375, 28.731749999999998], [77.38375, 28.732999999999997]], [[77.38350000000001, 28.730249999999998], [77.38475000000001, 28.730249999999998], [77.38475000000001, 28.729], [77.38350000000001, 28.729], [77.38350000000001, 28.730249999999998]], [[77.38475000000001, 28.728499999999997], [77.38625, 28.728499999999997], [77.38625, 28.727749999999997], [77.38650000000001, 28.727749999999997], [77.38650000000001, 28.726249999999997], [77.38525, 28.726249999999997], [77.38525, 28.727249999999998], [77.38475000000001, 28.727249999999998], [77.38475000000001, 28.728499999999997]]]}, "properties": {"area_km2": 2.3842, "area_ha": 238.42}}, {"type": "Feature", "geometry": {"type": "Polygon", "coordinates": [[[77.36200000000001, 28.482499999999998], [77.36200000000001, 28.48125], [77.36175, 28.48125], [77.36175, 28.479999999999997], [77.363, 28.479999999999997], [77.363, 28.479249999999997], [77.36425000000001, 28.479249999999997], [77.36425000000001, 28.478499999999997], [77.3645, 28.478499999999997], [77.3645, 28.47825], [77.36475, 28.47825], [77.36475, 28.477999999999998], [77.36550000000001, 28.477999999999998], [77.36550000000001, 28.4775], [77.36575, 28.4775], [77.36575, 28.477249999999998], [77.36625000000001, 28.477249999999998], [77.36625000000001, 28.47675], [77.36725000000001, 28.47675], [77.36725000000001, 28.475499999999997], [77.367, 28.475499999999997], [77.367, 28.47475], [77.36725000000001, 28.47475], [77.36725000000001, 28.474249999999998], [77.36800000000001, 28.474249999999998], [77.36800000000001, 28.473999999999997], [77.36875, 28.473999999999997], [77.36875, 28.47375], [77.369, 28.47375], [77.369, 28.47325], [77.37, 28.47325], [77.37, 28.471999999999998], [77.37025000000001, 28.471999999999998], [77.37025000000001, 28.47175], [77.37125, 28.47175], [77.37125, 28.471], [77.37150000000001, 28.471], [77.37150000000001, 28.47025], [77.372, 28.47025], [77.372, 28.469749999999998], [77.37225000000001, 28.469749999999998], [77.37225000000001, 28.4695], [77.37275000000001, 28.4695], [77.37275000000001, 28.4685], [77.372, 28.4685], [77.372, 28.468249999999998], [77.37075, 28.468249999999998], [77.37075, 28.4685], [77.3705, 28.4685], [77.3705, 28.46875], [77.3695, 28.46875], [77.3695, 28.468], [77.36875, 28.468], [77.36875, 28.46625], [77.369, 28.46625], [77.369, 28.46575], [77.37025000000001, 28.46575], [77.37025000000001, 28.4655], [77.3705, 28.4655], [77.3705, 28.465249999999997], [77.37100000000001, 28.465249999999997], [77.37100000000001, 28.46475], [77.37150000000001, 28.46475], [77.37150000000001, 28.46425], [77.37125, 28.46425], [77.37125, 28.462999999999997], [77.36975000000001, 28.462999999999997], [77.36975000000001, 28.46325], [77.36875, 28.46325], [77.36875, 28.46125], [77.36975000000001, 28.46125], [77.36975000000001, 28.461499999999997], [77.37, 28.461499999999997], [77.37, 28.46175], [77.37100000000001, 28.46175], [77.37100000000001, 28.459999999999997], [77.37075, 28.459999999999997], [77.37075, 28.459249999999997], [77.37225000000001, 28.459249999999997], [77.37225000000001, 28.461], [77.372, 28.461], [77.372, 28.46125], [77.37175, 28.46125], [77.37175, 28.46175], [77.37125, 28.46175], [77.37125, 28.462249999999997], [77.37150000000001, 28.462249999999997], [77.37150000000001, 28.4625], [77.37225000000001, 28.4625], [77.37225000000001, 28.4635], [77.37325000000001, 28.4635], [77.37325000000001, 28.46325], [77.37400000000001, 28.46325], [77.37400000000001, 28.46175], [77.37375, 28.46175], [77.37375, 28.460749999999997], [77.37425, 28.460749999999997], [77.37425, 28.46025], [77.378, 28.46025], [77.378, 28.461], [77.37775, 28.461], [77.37775, 28.46125], [77.37625000000001, 28.46125], [77.37625000000001, 28.461499999999997], [77.376, 28.461499999999997], [77.376, 28.46175], [77.37575000000001, 28.46175], [77.37575000000001, 28.46325], [77.3755, 28.46325], [77.3755, 28.4635], [77.37450000000001, 28.4635], [77.37450000000001, 28.464], [77.37400000000001, 28.464], [77.37400000000001, 28.4655], [77.37175, 28.4655], [77.37175, 28.467499999999998], [77.37325000000001, 28.467499999999998], [77.37325000000001, 28.468], [77.37450000000001, 28.468], [77.37450000000001, 28.46725], [77.376, 28.46725], [77.376, 28.46775], [77.37725, 28.46775], [77.37725, 28.467], [77.37925000000001, 28.467], [77.37925000000001, 28.465999999999998], [77.37950000000001, 28.465999999999998], [77.37950000000001, 28.46475], [77.38025, 28.46475], [77.38025, 28.464499999999997], [77.3815, 28.464499999999997], [77.3815, 28.46425], [77.387, 28.46425], [77.387, 28.463749999999997], [77.388, 28.463749999999997], [77.388, 28.464499999999997], [77.38850000000001, 28.464499999999997], [77.38850000000001, 28.46475], [77.38925, 28.46475], [77.38925, 28.465999999999998], [77.38950000000001, 28.465999999999998], [77.38950000000001, 28.468249999999998], [77.38850000000001, 28.468249999999998], [77.38850000000001, 28.4685], [77.38675, 28.4685], [77.38675, 28.46875], [77.38650000000001, 28.46875], [77.38650000000001, 28.468999999999998], [77.38575, 28.468999999999998], [77.38575, 28.46925], [77.3845, 28.46925], [77.3845, 28.4695], [77.38300000000001, 28.4695], [77.38300000000001, 28.469749999999998], [77.3815, 28.469749999999998], [77.3815, 28.47], [77.38075, 28.47], [77.38075, 28.4695], [77.38050000000001, 28.4695], [77.38050000000001, 28.469749999999998], [77.38000000000001, 28.469749999999998], [77.38000000000001, 28.470499999999998], [77.37875000000001, 28.470499999999998], [77.37875000000001, 28.471249999999998], [77.37825000000001, 28.471249999999998], [77.37825000000001, 28.47225], [77.37775, 28.47225], [77.37775, 28.472749999999998], [77.37750000000001, 28.472749999999998], [77.37750000000001, 28.473], [77.37725, 28.473], [77.37725, 28.47325], [77.37675, 28.47325], [77.37675, 28.47375], [77.37650000000001, 28.47375], [77.37650000000001, 28.474999999999998], [77.37525000000001, 28.474999999999998], [77.37525000000001, 28.47525], [77.375, 28.47525], [77.375, 28.475499999999997], [77.37425, 28.475499999999997], [77.37425, 28.47525], [77.37275000000001, 28.47525], [77.37275000000001, 28.475499999999997], [77.37225000000001, 28.475499999999997], [77.37225000000001, 28.475749999999998], [77.372, 28.475749999999998], [77.372, 28.476], [77.37175, 28.476], [77.37175, 28.476249999999997], [77.37100000000001, 28.476249999999997], [77.37100000000001, 28.476499999999998], [77.37075, 28.476499999999998], [77.37075, 28.47675], [77.37025000000001, 28.47675], [77.37025000000001, 28.476999999999997], [77.3695, 28.476999999999997], [77.3695, 28.477249999999998], [77.36925000000001, 28.477249999999998], [77.36925000000001, 28.4775], [77.36875, 28.4775], [77.36875, 28.477999999999998], [77.36825, 28.477999999999998], [77.36825, 28.47825], [77.36775, 28.47825], [77.36775, 28.478499999999997], [77.3675, 28.478499999999997], [77.3675, 28.478749999999998], [77.36725000000001, 28.478749999999998], [77.36725000000001, 28.479], [77.36675000000001, 28.479], [77.36675000000001, 28.479499999999998], [77.36625000000001, 28.479499999999998], [77.36625000000001, 28.47975], [77.366, 28.47975], [77.366, 28.480249999999998], [77.36550000000001, 28.480249999999998], [77.36550000000001, 28.4805], [77.36525, 28.4805], [77.36525, 28.481499999999997], [77.36425000000001, 28.481499999999997], [77.36425000000001, 28.481749999999998], [77.364, 28.481749999999998], [77.364, 28.482], [77.36375000000001, 28.482], [77.36375000000001, 28.482249999999997], [77.3635, 28.482249999999997], [77.3635, 28.482499999999998], [77.36200000000001, 28.482499999999998]], [[77.387, 28.4665], [77.38775000000001, 28.4665], [77.38775000000001, 28.46625], [77.388, 28.46625], [77.388, 28.465249999999997], [77.3875, 28.465249999999997], [77.3875, 28.4655], [77.387, 28.4655], [77.387, 28.4665]]]}, "properties": {"area_km2": 1.7759, "area_ha": 177.59}}, {"type": "Feature", "geometry": {"type": "Polygon", "coordinates": [[[77.25425000000001, 28.650499999999997], [77.25425000000001, 28.649749999999997], [77.25500000000001, 28.649749999999997], [77.25500000000001, 28.6485], [77.25575, 28.6485], [77.25575, 28.64775], [77.25725000000001, 28.64775], [77.25725000000001, 28.647499999999997], [77.25800000000001, 28.647499999999997], [77.25800000000001, 28.646749999999997], [77.25850000000001, 28.646749999999997], [77.25850000000001, 28.64625], [77.25925000000001, 28.64625], [77.25925000000001, 28.6455], [77.259, 28.6455], [77.259, 28.64475], [77.25775, 28.64475], [77.25775, 28.64325], [77.25850000000001, 28.64325], [77.25850000000001, 28.6405], [77.25825, 28.6405], [77.25825, 28.639499999999998], [77.25850000000001, 28.639499999999998], [77.25850000000001, 28.63825], [77.25925000000001, 28.63825], [77.25925000000001, 28.63675], [77.259, 28.63675], [77.259, 28.636], [77.25825, 28.636], [77.25825, 28.635749999999998], [77.25800000000001, 28.635749999999998], [77.25800000000001, 28.635499999999997], [77.25775, 28.635499999999997], [77.25775, 28.63525], [77.25750000000001, 28.63525], [77.25750000000001, 28.634749999999997], [77.25675000000001, 28.634749999999997], [77.25675000000001, 28.633999999999997], [77.2565, 28.633999999999997], [77.2565, 28.633], [77.25550000000001, 28.633], [77.25550000000001, 28.6315], [77.25675000000001, 28.6315], [77.25675000000001, 28.63225], [77.25725000000001, 28.63225], [77.25725000000001, 28.633249999999997], [77.25750000000001, 28.633249999999997], [77.25750000000001, 28.63375], [77.25800000000001, 28.63375], [77.25800000000001, 28.633999999999997], [77.25825, 28.633999999999997], [77.25825, 28.634249999999998], [77.25850000000001, 28.634249999999998], [77.25850000000001, 28.634749999999997], [77.25975000000001, 28.634749999999997], [77.25975000000001, 28.636249999999997], [77.26, 28.636249999999997], [77.26, 28.63675], [77.26025, 28.63675], [77.26025, 28.636999999999997], [77.26050000000001, 28.636999999999997], [77.26050000000001, 28.6375], [77.26075, 28.6375], [77.26075, 28.63825], [77.2595, 28.63825], [77.2595, 28.640749999999997], [77.26, 28.640749999999997], [77.26, 28.641499999999997], [77.26075, 28.641499999999997], [77.26075, 28.64175], [77.26100000000001, 28.64175], [77.26100000000001, 28.642249999999997], [77.26125, 28.642249999999997], [77.26125, 28.642999999999997], [77.26150000000001, 28.642999999999997], [77.26150000000001, 28.6455], [77.263, 28.6455], [77.263, 28.6465], [77.2625, 28.6465], [77.2625, 28.648], [77.26275000000001, 28.648], [77.26275000000001, 28.65], [77.2625, 28.65], [77.2625, 28.65025], [77.26150000000001, 28.65025], [77.26150000000001, 28.65], [77.25875, 28.65], [77.25875, 28.650499999999997], [77.25800000000001, 28.650499999999997], [77.25800000000001, 28.65025], [77.25750000000001, 28.65025], [77.25750000000001, 28.650499999999997], [77.25425000000001, 28.650499999999997]]]}, "properties": {"area_km2": 0.5926, "area_ha": 59.26}}, {"type": "Feature", "geometry": {"type": "Polygon", "coordinates": [[[77.266, 28.6425], [77.266, 28.641499999999997], [77.26525000000001, 28.641499999999997], [77.26525000000001, 28.64125], [77.265, 28.64125], [77.265, 28.641], [77.26450000000001, 28.641], [77.26450000000001, 28.639999999999997], [77.26700000000001, 28.639999999999997], [77.26700000000001, 28.638499999999997], [77.26675, 28.638499999999997], [77.26675, 28.63825], [77.26525000000001, 28.63825], [77.26525000000001, 28.6375], [77.2655, 28.6375], [77.2655, 28.63675], [77.26575000000001, 28.63675], [77.26575000000001, 28.635749999999998], [77.2655, 28.635749999999998], [77.2655, 28.634999999999998], [77.26575000000001, 28.634999999999998], [77.26575000000001, 28.634249999999998], [77.266, 28.634249999999998], [77.266, 28.633249999999997], [77.26575000000001, 28.633249999999997], [77.26575000000001, 28.632749999999998], [77.26525000000001, 28.632749999999998], [77.26525000000001, 28.63075], [77.26425, 28.63075], [77.26425, 28.630499999999998], [77.263, 28.630499999999998], [77.263, 28.631999999999998], [77.25975000000001, 28.631999999999998], [77.25975000000001, 28.628999999999998], [77.26075, 28.628999999999998], [77.26075, 28.6295], [77.26175, 28.6295], [77.26175, 28.629749999999998], [77.2625, 28.629749999999998], [77.2625, 28.62925], [77.26325, 28.62925], [77.26325, 28.628999999999998], [77.2655, 28.628999999999998], [77.2655, 28.6295], [77.26700000000001, 28.6295], [77.26700000000001, 28.629749999999998], [77.26825000000001, 28.629749999999998], [77.26825000000001, 28.63], [77.2685, 28.63], [77.2685, 28.630499999999998], [77.269, 28.630499999999998], [77.269, 28.631249999999998], [77.26775, 28.631249999999998], [77.26775, 28.630999999999997], [77.26750000000001, 28.630999999999997], [77.26750000000001, 28.630499999999998], [77.26625, 28.630499999999998], [77.26625, 28.631999999999998], [77.266, 28.631999999999998], [77.266, 28.632499999999997], [77.26725, 28.632499999999997], [77.26725, 28.63375], [77.268, 28.63375], [77.268, 28.634249999999998], [77.26925, 28.634249999999998], [77.26925, 28.636249999999997], [77.269, 28.636249999999997], [77.269, 28.6375], [77.2685, 28.6375], [77.2685, 28.639], [77.26875000000001, 28.639], [77.26875000000001, 28.641], [77.26825000000001, 28.641], [77.26825000000001, 28.641499999999997], [77.26750000000001, 28.641499999999997], [77.26750000000001, 28.6425], [77.266, 28.6425]]]}, "properties": {"area_km2": 0.4877, "area_ha": 48.77}}, {"type": "Feature", "geometry": {"type": "Polygon", "coordinates": [[[77.26750000000001, 28.6145], [77.26750000000001, 28.61425], [77.26675, 28.61425], [77.26675, 28.613999999999997], [77.26650000000001, 28.613999999999997], [77.26650000000001, 28.613249999999997], [77.26700000000001, 28.613249999999997], [77.26700000000001, 28.612499999999997], [77.26725, 28.612499999999997], [77.26725, 28.61225], [77.26750000000001, 28.61225], [77.26750000000001, 28.611749999999997], [77.26775, 28.611749999999997], [77.26775, 28.6115], [77.268, 28.6115], [77.268, 28.61125], [77.26825000000001, 28.61125], [77.26825000000001, 28.6085], [77.26775, 28.6085], [77.26775, 28.607999999999997], [77.26750000000001, 28.607999999999997], [77.26750000000001, 28.60775], [77.26675, 28.60775], [77.26675, 28.607249999999997], [77.265, 28.607249999999997], [77.265, 28.605249999999998], [77.26525000000001, 28.605249999999998], [77.26525000000001, 28.604999999999997], [77.26700000000001, 28.604999999999997], [77.26700000000001, 28.60475], [77.26725, 28.60475], [77.26725, 28.604499999999998], [77.26825000000001, 28.604499999999998], [77.26825000000001, 28.60475], [77.27000000000001, 28.60475], [77.27000000000001, 28.605249999999998], [77.27050000000001, 28.605249999999998], [77.27050000000001, 28.6055], [77.27125000000001, 28.6055], [77.27125000000001, 28.605749999999997], [77.27300000000001, 28.605749999999997], [77.27300000000001, 28.606749999999998], [77.27275, 28.606749999999998], [77.27275, 28.607], [77.27225, 28.607], [77.27225, 28.607999999999997], [77.272, 28.607999999999997], [77.272, 28.608249999999998], [77.27175000000001, 28.608249999999998], [77.27175000000001, 28.609499999999997], [77.2715, 28.609499999999997], [77.2715, 28.60975], [77.27125000000001, 28.60975], [77.27125000000001, 28.61125], [77.27050000000001, 28.61125], [77.27050000000001, 28.6115], [77.27025, 28.6115], [77.27025, 28.612], [77.27000000000001, 28.612], [77.27000000000001, 28.612499999999997], [77.26975, 28.612499999999997], [77.26975, 28.61275], [77.26950000000001, 28.61275], [77.26950000000001, 28.613249999999997], [77.26925, 28.613249999999997], [77.26925, 28.6135], [77.26875000000001, 28.6135], [77.26875000000001, 28.61425], [77.2685, 28.61425], [77.2685, 28.6145], [77.26750000000001, 28.6145]]]}, "properties": {"area_km2": 0.4275, "area_ha": 42.75}}, {"type": "Feature", "geometry": {"type": "Polygon", "coordinates": [[[77.26525000000001, 28.59425], [77.26525000000001, 28.5935], [77.26350000000001, 28.5935], [77.26350000000001, 28.59275], [77.26400000000001, 28.59275], [77.26400000000001, 28.59225], [77.26425, 28.59225], [77.26425, 28.592], [77.26475, 28.592], [77.26475, 28.591749999999998], [77.2655, 28.591749999999998], [77.2655, 28.592], [77.26575000000001, 28.592], [77.26575000000001, 28.59225], [77.26675, 28.59225], [77.26675, 28.592], [77.26700000000001, 28.592], [77.26700000000001, 28.591749999999998], [77.26725, 28.591749999999998], [77.26725, 28.5915], [77.268, 28.5915], [77.268, 28.59125], [77.26825000000001, 28.59125], [77.26825000000001, 28.59075], [77.27000000000001, 28.59075], [77.27000000000001, 28.5905], [77.271, 28.5905], [77.271, 28.58975], [77.2715, 28.58975], [77.2715, 28.589], [77.27250000000001, 28.589], [77.27250000000001, 28.588749999999997], [77.27275, 28.588749999999997], [77.27275, 28.5885], [77.27300000000001, 28.5885], [77.27300000000001, 28.587999999999997], [77.27325, 28.587999999999997], [77.27325, 28.58775], [77.27375, 28.58775], [77.27375, 28.58675], [77.27525, 28.58675], [77.27525, 28.586499999999997], [77.27550000000001, 28.586499999999997], [77.27550000000001, 28.58625], [77.27625, 28.58625], [77.27625, 28.58525], [77.27875, 28.58525], [77.27875, 28.584999999999997], [77.28025000000001, 28.584999999999997], [77.28025000000001, 28.586], [77.28, 28.586], [77.28, 28.586499999999997], [77.27850000000001, 28.586499999999997], [77.27850000000001, 28.587], [77.27825, 28.587], [77.27825, 28.58775], [77.27675, 28.58775], [77.27675, 28.587999999999997], [77.27725000000001, 28.587999999999997], [77.27725000000001, 28.58925], [77.27625, 28.58925], [77.27625, 28.58825], [77.27600000000001, 28.58825], [77.27600000000001, 28.589499999999997], [77.2745, 28.589499999999997], [77.2745, 28.590249999999997], [77.27375, 28.590249999999997], [77.27375, 28.59075], [77.27300000000001, 28.59075], [77.27300000000001, 28.590999999999998], [77.27250000000001, 28.590999999999998], [77.27250000000001, 28.59225], [77.26950000000001, 28.59225], [77.26950000000001, 28.593249999999998], [77.26775, 28.593249999999998], [77.26775, 28.5935], [77.26750000000001, 28.5935], [77.26750000000001, 28.59425], [77.26525000000001, 28.59425]]]}, "properties": {"area_km2": 0.4242, "area_ha": 42.42}}, {"type": "Feature", "geometry": {"type": "Polygon", "coordinates": [[[77.23625000000001, 28.67025], [77.23625000000001, 28.6695], [77.2365, 28.6695], [77.2365, 28.668499999999998], [77.23725, 28.668499999999998], [77.23725, 28.668249999999997], [77.23750000000001, 28.668249999999997], [77.23750000000001, 28.667749999999998], [77.23775, 28.667749999999998], [77.23775, 28.66725], [77.238, 28.66725], [77.238, 28.666749999999997], [77.23825000000001, 28.666749999999997], [77.23825000000001, 28.66575], [77.239, 28.66575], [77.239, 28.665], [77.2395, 28.665], [77.2395, 28.663999999999998], [77.24000000000001, 28.663999999999998], [77.24000000000001, 28.663749999999997], [77.24175000000001, 28.663749999999997], [77.24175000000001, 28.6635], [77.24350000000001, 28.6635], [77.24350000000001, 28.66275], [77.2445, 28.66275], [77.2445, 28.662499999999998], [77.24525000000001, 28.662499999999998], [77.24525000000001, 28.66275], [77.2455, 28.66275], [77.2455, 28.662999999999997], [77.24650000000001, 28.662999999999997], [77.24650000000001, 28.663249999999998], [77.24675, 28.663249999999998], [77.24675, 28.66425], [77.24575, 28.66425], [77.24575, 28.664499999999997], [77.2455, 28.664499999999997], [77.2455, 28.665], [77.24525000000001, 28.665], [77.24525000000001, 28.665249999999997], [77.24350000000001, 28.665249999999997], [77.24350000000001, 28.665499999999998], [77.24275, 28.665499999999998], [77.24275, 28.66575], [77.24175000000001, 28.66575], [77.24175000000001, 28.665999999999997], [77.2415, 28.665999999999997], [77.2415, 28.666249999999998], [77.24125000000001, 28.666249999999998], [77.24125000000001, 28.66725], [77.2415, 28.66725], [77.2415, 28.668249999999997], [77.242, 28.668249999999997], [77.242, 28.6695], [77.24125000000001, 28.6695], [77.24125000000001, 28.668999999999997], [77.24000000000001, 28.668999999999997], [77.24000000000001, 28.6695], [77.23975, 28.6695], [77.23975, 28.669749999999997], [77.2385, 28.669749999999997], [77.2385, 28.67025], [77.23750000000001, 28.67025], [77.23750000000001, 28.669999999999998], [77.23700000000001, 28.669999999999998], [77.23700000000001, 28.67025], [77.23625000000001, 28.67025]], [[77.23875000000001, 28.666999999999998], [77.23925000000001, 28.666999999999998], [77.23925000000001, 28.666749999999997], [77.23875000000001, 28.666749999999997], [77.23875000000001, 28.666999999999998]]]}, "properties": {"area_km2": 0.3433, "area_ha": 34.33}}, {"type": "Feature", "geometry": {"type": "Polygon", "coordinates": [[[77.25375000000001, 28.664499999999997], [77.25375000000001, 28.663749999999997], [77.2535, 28.663749999999997], [77.2535, 28.662499999999998], [77.25225, 28.662499999999998], [77.25225, 28.66275], [77.25200000000001, 28.66275], [77.25200000000001, 28.662999999999997], [77.25025000000001, 28.662999999999997], [77.25025000000001, 28.663249999999998], [77.2485, 28.663249999999998], [77.2485, 28.662499999999998], [77.24950000000001, 28.662499999999998], [77.24950000000001, 28.662249999999997], [77.251, 28.662249999999997], [77.251, 28.661749999999998], [77.25325000000001, 28.661749999999998], [77.25325000000001, 28.6615], [77.254, 28.6615], [77.254, 28.660999999999998], [77.25425000000001, 28.660999999999998], [77.25425000000001, 28.660249999999998], [77.254, 28.660249999999998], [77.254, 28.659499999999998], [77.25250000000001, 28.659499999999998], [77.25250000000001, 28.658749999999998], [77.2535, 28.658749999999998], [77.2535, 28.6585], [77.254, 28.6585], [77.254, 28.65825], [77.25550000000001, 28.65825], [77.25550000000001, 28.65775], [77.25575, 28.65775], [77.25575, 28.6575], [77.256, 28.6575], [77.256, 28.657249999999998], [77.25625000000001, 28.657249999999998], [77.25625000000001, 28.657], [77.25675000000001, 28.657], [77.25675000000001, 28.65675], [77.25750000000001, 28.65675], [77.25750000000001, 28.657249999999998], [77.25825, 28.657249999999998], [77.25825, 28.65675], [77.25925000000001, 28.65675], [77.25925000000001, 28.65525], [77.26, 28.65525], [77.26, 28.65675], [77.26100000000001, 28.65675], [77.26100000000001, 28.6575], [77.25975000000001, 28.6575], [77.25975000000001, 28.65775], [77.2595, 28.65775], [77.2595, 28.658749999999998], [77.259, 28.658749999999998], [77.259, 28.659], [77.25875, 28.659], [77.25875, 28.65925], [77.25925000000001, 28.65925], [77.25925000000001, 28.6605], [77.25800000000001, 28.6605], [77.25800000000001, 28.65925], [77.25775, 28.65925], [77.25775, 28.65975], [77.25725000000001, 28.65975], [77.25725000000001, 28.66], [77.2565, 28.66], [77.2565, 28.660249999999998], [77.25550000000001, 28.660249999999998], [77.25550000000001, 28.6605], [77.25525, 28.6605], [77.25525, 28.6615], [77.25625000000001, 28.6615], [77.25625000000001, 28.662249999999997], [77.2565, 28.662249999999997], [77.2565, 28.662999999999997], [77.256, 28.662999999999997], [77.256, 28.663249999999998], [77.25575, 28.663249999999998], [77.25575, 28.6635], [77.25550000000001, 28.6635], [77.25550000000001, 28.663749999999997], [77.25525, 28.663749999999997], [77.25525, 28.663999999999998], [77.25450000000001, 28.663999999999998], [77.25450000000001, 28.664499999999997], [77.25375000000001, 28.664499999999997]]]}, "properties": {"area_km2": 0.3392, "area_ha": 33.92}}, {"type": "Feature", "geometry": {"type": "Polygon", "coordinates": [[[77.29575000000001, 28.5795], [77.29575000000001, 28.57925], [77.29400000000001, 28.57925], [77.29400000000001, 28.578], [77.29425, 28.578], [77.29425, 28.575999999999997], [77.29275000000001, 28.575999999999997], [77.29275000000001, 28.576749999999997], [77.29075, 28.576749999999997], [77.29075, 28.575999999999997], [77.29100000000001, 28.575999999999997], [77.29100000000001, 28.57575], [77.2915, 28.57575], [77.2915, 28.575], [77.293, 28.575], [77.293, 28.575249999999997], [77.295, 28.575249999999997], [77.295, 28.573999999999998], [77.296, 28.573999999999998], [77.296, 28.573249999999998], [77.29700000000001, 28.573249999999998], [77.29700000000001, 28.573749999999997], [77.29725, 28.573749999999997], [77.29725, 28.573999999999998], [77.298, 28.573999999999998], [77.298, 28.575], [77.29875000000001, 28.575], [77.29875000000001, 28.575999999999997], [77.299, 28.575999999999997], [77.299, 28.57725], [77.30000000000001, 28.57725], [77.30000000000001, 28.578], [77.29975, 28.578], [77.29975, 28.5785], [77.298, 28.5785], [77.298, 28.57875], [77.29775000000001, 28.57875], [77.29775000000001, 28.5795], [77.29575000000001, 28.5795]]]}, "properties": {"area_km2": 0.3111, "area_ha": 31.11}}, {"type": "Feature", "geometry": {"type": "Polygon", "coordinates": [[[77.25800000000001, 28.61], [77.25800000000001, 28.608999999999998], [77.25825, 28.608999999999998], [77.25825, 28.607999999999997], [77.25850000000001, 28.607999999999997], [77.25850000000001, 28.60775], [77.25875, 28.60775], [77.25875, 28.607], [77.259, 28.607], [77.259, 28.60625], [77.25925000000001, 28.60625], [77.25925000000001, 28.605999999999998], [77.2595, 28.605999999999998], [77.2595, 28.60475], [77.25975000000001, 28.60475], [77.25975000000001, 28.603749999999998], [77.26, 28.603749999999998], [77.26, 28.60325], [77.26075, 28.60325], [77.26075, 28.602749999999997], [77.26150000000001, 28.602749999999997], [77.26150000000001, 28.6025], [77.26175, 28.6025], [77.26175, 28.60175], [77.26325, 28.60175], [77.26325, 28.601999999999997], [77.26375, 28.601999999999997], [77.26375, 28.602249999999998], [77.26400000000001, 28.602249999999998], [77.26400000000001, 28.604], [77.26375, 28.604], [77.26375, 28.605249999999998], [77.26350000000001, 28.605249999999998], [77.26350000000001, 28.605749999999997], [77.263, 28.605749999999997], [77.263, 28.607], [77.26475, 28.607], [77.26475, 28.60775], [77.26450000000001, 28.60775], [77.26450000000001, 28.607999999999997], [77.26350000000001, 28.607999999999997], [77.26350000000001, 28.60775], [77.26275000000001, 28.60775], [77.26275000000001, 28.607], [77.26075, 28.607], [77.26075, 28.608249999999998], [77.26150000000001, 28.608249999999998], [77.26150000000001, 28.608999999999998], [77.26125, 28.608999999999998], [77.26125, 28.609499999999997], [77.26050000000001, 28.609499999999997], [77.26050000000001, 28.608749999999997], [77.259, 28.608749999999997], [77.259, 28.61], [77.25800000000001, 28.61]]]}, "properties": {"area_km2": 0.2879, "area_ha": 28.79}}, {"type": "Feature", "geometry": {"type": "Polygon", "coordinates": [[[77.20150000000001, 28.736749999999997], [77.20150000000001, 28.735999999999997], [77.20200000000001, 28.735999999999997], [77.20200000000001, 28.73475], [77.19925, 28.73475], [77.19925, 28.734499999999997], [77.19875, 28.734499999999997], [77.19875, 28.732249999999997], [77.20025000000001, 28.732249999999997], [77.20025000000001, 28.732], [77.20100000000001, 28.732], [77.20100000000001, 28.731749999999998], [77.20125, 28.731749999999998], [77.20125, 28.73125], [77.20150000000001, 28.73125], [77.20150000000001, 28.730999999999998], [77.20275000000001, 28.730999999999998], [77.20275000000001, 28.732], [77.20575000000001, 28.732], [77.20575000000001, 28.732249999999997], [77.206, 28.732249999999997], [77.206, 28.733249999999998], [77.20625000000001, 28.733249999999998], [77.20625000000001, 28.7335], [77.20675, 28.7335], [77.20675, 28.73425], [77.2065, 28.73425], [77.2065, 28.73475], [77.20625000000001, 28.73475], [77.20625000000001, 28.735], [77.20525, 28.735], [77.20525, 28.735249999999997], [77.20500000000001, 28.735249999999997], [77.20500000000001, 28.7355], [77.20425, 28.7355], [77.20425, 28.73575], [77.20400000000001, 28.73575], [77.20400000000001, 28.735999999999997], [77.2035, 28.735999999999997], [77.2035, 28.73625], [77.2025, 28.73625], [77.2025, 28.736749999999997], [77.20150000000001, 28.736749999999997]]]}, "properties": {"area_km2": 0.2862, "area_ha": 28.62}}, {"type": "Feature", "geometry": {"type": "Polygon", "coordinates": [[[77.15100000000001, 28.64425], [77.15100000000001, 28.642249999999997], [77.15075, 28.642249999999997], [77.15075, 28.641], [77.15150000000001, 28.641], [77.15150000000001, 28.639999999999997], [77.15125, 28.639999999999997], [77.15125, 28.640249999999998], [77.14825, 28.640249999999998], [77.14825, 28.639499999999998], [77.14800000000001, 28.639499999999998], [77.14800000000001, 28.63975], [77.147, 28.63975], [77.147, 28.637999999999998], [77.14725, 28.637999999999998], [77.14725, 28.6375], [77.14750000000001, 28.6375], [77.14750000000001, 28.637249999999998], [77.14775, 28.637249999999998], [77.14775, 28.636999999999997], [77.14850000000001, 28.636999999999997], [77.14850000000001, 28.637249999999998], [77.149, 28.637249999999998], [77.149, 28.6375], [77.14925000000001, 28.6375], [77.14925000000001, 28.637999999999998], [77.1495, 28.637999999999998], [77.1495, 28.63825], [77.14975000000001, 28.63825], [77.14975000000001, 28.638499999999997], [77.15, 28.638499999999997], [77.15, 28.638749999999998], [77.15225000000001, 28.638749999999998], [77.15225000000001, 28.639499999999998], [77.15275000000001, 28.639499999999998], [77.15275000000001, 28.6405], [77.15350000000001, 28.6405], [77.15350000000001, 28.64125], [77.15325, 28.64125], [77.15325, 28.642249999999997], [77.152, 28.642249999999997], [77.152, 28.6425], [77.1525, 28.6425], [77.1525, 28.64275], [77.15275000000001, 28.64275], [77.15275000000001, 28.64425], [77.15100000000001, 28.64425]]]}, "properties": {"area_km2": 0.2045, "area_ha": 20.45}}, {"type": "Feature", "geometry": {"type": "Polygon", "coordinates": [[[77.11275, 28.567999999999998], [77.11275, 28.567749999999997], [77.11250000000001, 28.567749999999997], [77.11250000000001, 28.5675], [77.11225, 28.5675], [77.11225, 28.56675], [77.11175, 28.56675], [77.11175, 28.564999999999998], [77.11125000000001, 28.564999999999998], [77.11125000000001, 28.564], [77.1105, 28.564], [77.1105, 28.5625], [77.1115, 28.5625], [77.1115, 28.564], [77.113, 28.564], [77.113, 28.563499999999998], [77.11500000000001, 28.563499999999998], [77.11500000000001, 28.564249999999998], [77.113, 28.564249999999998], [77.113, 28.5645], [77.11325000000001, 28.5645], [77.11325000000001, 28.564999999999998], [77.1135, 28.564999999999998], [77.1135, 28.566499999999998], [77.11375000000001, 28.566499999999998], [77.11375000000001, 28.56675], [77.1145, 28.56675], [77.1145, 28.567], [77.11500000000001, 28.567], [77.11500000000001, 28.56625], [77.11575, 28.56625], [77.11575, 28.566499999999998], [77.117, 28.566499999999998], [77.117, 28.56625], [77.11725000000001, 28.56625], [77.11725000000001, 28.566], [77.11825, 28.566], [77.11825, 28.5655], [77.11925000000001, 28.5655], [77.11925000000001, 28.567749999999997], [77.11825, 28.567749999999997], [77.11825, 28.567999999999998], [77.1175, 28.567999999999998], [77.1175, 28.567249999999998], [77.11625000000001, 28.567249999999998], [77.11625000000001, 28.5675], [77.116, 28.5675], [77.116, 28.567749999999997], [77.11475, 28.567749999999997], [77.11475, 28.567999999999998], [77.11275, 28.567999999999998]]]}, "properties": {"area_km2": 0.1911, "area_ha": 19.11}}, {"type": "Feature", "geometry": {"type": "Polygon", "coordinates": [[[77.23175, 28.677999999999997], [77.23175, 28.677], [77.232, 28.677], [77.232, 28.676], [77.23225000000001, 28.676], [77.23225000000001, 28.67475], [77.232, 28.67475], [77.232, 28.673], [77.23225000000001, 28.673], [77.23225000000001, 28.671999999999997], [77.2325, 28.671999999999997], [77.2325, 28.67175], [77.233, 28.67175], [77.233, 28.671499999999998], [77.23325000000001, 28.671499999999998], [77.23325000000001, 28.671], [77.2335, 28.671], [77.2335, 28.67025], [77.23400000000001, 28.67025], [77.23400000000001, 28.6695], [77.235, 28.6695], [77.235, 28.673], [77.23450000000001, 28.673], [77.23450000000001, 28.6745], [77.23375, 28.6745], [77.23375, 28.677], [77.2335, 28.677], [77.2335, 28.677249999999997], [77.23325000000001, 28.677249999999997], [77.23325000000001, 28.6775], [77.23275000000001, 28.6775], [77.23275000000001, 28.677999999999997], [77.23175, 28.677999999999997]]]}, "properties": {"area_km2": 0.1706, "area_ha": 17.06}}, {"type": "Feature", "geometry": {"type": "Polygon", "coordinates": [[[77.3015, 28.564], [77.3015, 28.563499999999998], [77.30125000000001, 28.563499999999998], [77.30125000000001, 28.563], [77.301, 28.563], [77.301, 28.5615], [77.30075000000001, 28.5615], [77.30075000000001, 28.561], [77.30000000000001, 28.561], [77.30000000000001, 28.56], [77.301, 28.56], [77.301, 28.55925], [77.3005, 28.55925], [77.3005, 28.5585], [77.30025, 28.5585], [77.30025, 28.556749999999997], [77.30125000000001, 28.556749999999997], [77.30125000000001, 28.55575], [77.30325, 28.55575], [77.30325, 28.556749999999997], [77.30300000000001, 28.556749999999997], [77.30300000000001, 28.558], [77.30275, 28.558], [77.30275, 28.56], [77.30225, 28.56], [77.30225, 28.56025], [77.302, 28.56025], [77.302, 28.5625], [77.30225, 28.5625], [77.30225, 28.564], [77.3015, 28.564]]]}, "properties": {"area_km2": 0.1613, "area_ha": 16.13}}, {"type": "Feature", "geometry": {"type": "Polygon", "coordinates": [[[77.26575000000001, 28.5995], [77.26575000000001, 28.598999999999997], [77.2655, 28.598999999999997], [77.2655, 28.59875], [77.26525000000001, 28.59875], [77.26525000000001, 28.598], [77.26675, 28.598], [77.26675, 28.5975], [77.26700000000001, 28.5975], [77.26700000000001, 28.596999999999998], [77.26725, 28.596999999999998], [77.26725, 28.59675], [77.26775, 28.59675], [77.26775, 28.5965], [77.268, 28.5965], [77.268, 28.596249999999998], [77.26825000000001, 28.596249999999998], [77.26825000000001, 28.595499999999998], [77.26950000000001, 28.595499999999998], [77.26950000000001, 28.59525], [77.26975, 28.59525], [77.26975, 28.5945], [77.27075, 28.5945], [77.27075, 28.59375], [77.272, 28.59375], [77.272, 28.59525], [77.27075, 28.59525], [77.27075, 28.596249999999998], [77.271, 28.596249999999998], [77.271, 28.59825], [77.26950000000001, 28.59825], [77.26950000000001, 28.5975], [77.2685, 28.5975], [77.2685, 28.597749999999998], [77.26775, 28.597749999999998], [77.26775, 28.59825], [77.26750000000001, 28.59825], [77.26750000000001, 28.598499999999998], [77.26725, 28.598499999999998], [77.26725, 28.59875], [77.26700000000001, 28.59875], [77.26700000000001, 28.599249999999998], [77.26675, 28.599249999999998], [77.26675, 28.5995], [77.26575000000001, 28.5995]]]}, "properties": {"area_km2": 0.1491, "area_ha": 14.91}}, {"type": "Feature", "geometry": {"type": "Polygon", "coordinates": [[[77.37750000000001, 28.493], [77.37750000000001, 28.49175], [77.37825000000001, 28.49175], [77.37825000000001, 28.49], [77.37750000000001, 28.49], [77.37750000000001, 28.488999999999997], [77.37875000000001, 28.488999999999997], [77.37875000000001, 28.48775], [77.378, 28.48775], [77.378, 28.487], [77.37825000000001, 28.487], [77.37825000000001, 28.4855], [77.37875000000001, 28.4855], [77.37875000000001, 28.4835], [77.38000000000001, 28.4835], [77.38000000000001, 28.485249999999997], [77.37975, 28.485249999999997], [77.37975, 28.486749999999997], [77.38025, 28.486749999999997], [77.38025, 28.488249999999997], [77.37975, 28.488249999999997], [77.37975, 28.49025], [77.37925000000001, 28.49025], [77.37925000000001, 28.4915], [77.379, 28.4915], [77.379, 28.491999999999997], [77.37875000000001, 28.491999999999997], [77.37875000000001, 28.492749999999997], [77.37825000000001, 28.492749999999997], [77.37825000000001, 28.493], [77.37750000000001, 28.493]]]}, "properties": {"area_km2": 0.1472, "area_ha": 14.72}}, {"type": "Feature", "geometry": {"type": "Polygon", "coordinates": [[[77.38600000000001, 28.695999999999998], [77.38600000000001, 28.695749999999997], [77.38575, 28.695749999999997], [77.38575, 28.69475], [77.38600000000001, 28.69475], [77.38600000000001, 28.69275], [77.38625, 28.69275], [77.38625, 28.691499999999998], [77.387, 28.691499999999998], [77.387, 28.69125], [77.38725000000001, 28.69125], [77.38725000000001, 28.69025], [77.38850000000001, 28.69025], [77.38850000000001, 28.69125], [77.38875, 28.69125], [77.38875, 28.691499999999998], [77.38900000000001, 28.691499999999998], [77.38900000000001, 28.692249999999998], [77.38875, 28.692249999999998], [77.38875, 28.693499999999997], [77.38950000000001, 28.693499999999997], [77.38950000000001, 28.694249999999997], [77.38925, 28.694249999999997], [77.38925, 28.694499999999998], [77.38825, 28.694499999999998], [77.38825, 28.694999999999997], [77.388, 28.694999999999997], [77.388, 28.6955], [77.387, 28.6955], [77.387, 28.695999999999998], [77.38600000000001, 28.695999999999998]]]}, "properties": {"area_km2": 0.1449, "area_ha": 14.49}}, {"type": "Feature", "geometry": {"type": "Polygon", "coordinates": [[[77.1165, 28.66275], [77.1165, 28.662499999999998], [77.11525, 28.662499999999998], [77.11525, 28.662249999999997], [77.11425000000001, 28.662249999999997], [77.11425000000001, 28.662], [77.114, 28.662], [77.114, 28.661749999999998], [77.1135, 28.661749999999998], [77.1135, 28.6615], [77.1115, 28.6615], [77.1115, 28.66125], [77.11, 28.66125], [77.11, 28.660999999999998], [77.10975, 28.660999999999998], [77.10975, 28.660249999999998], [77.11225, 28.660249999999998], [77.11225, 28.6605], [77.114, 28.6605], [77.114, 28.660249999999998], [77.11475, 28.660249999999998], [77.11475, 28.6605], [77.11575, 28.6605], [77.11575, 28.66075], [77.1165, 28.66075], [77.1165, 28.660999999999998], [77.11725000000001, 28.660999999999998], [77.11725000000001, 28.6615], [77.119, 28.6615], [77.119, 28.660999999999998], [77.11975000000001, 28.660999999999998], [77.11975000000001, 28.661749999999998], [77.119, 28.661749999999998], [77.119, 28.662249999999997], [77.11875, 28.662249999999997], [77.11875, 28.662499999999998], [77.11775, 28.662499999999998], [77.11775, 28.66275], [77.1165, 28.66275]]]}, "properties": {"area_km2": 0.1388, "area_ha": 13.88}}, {"type": "Feature", "geometry": {"type": "Polygon", "coordinates": [[[77.25725000000001, 28.628], [77.25725000000001, 28.62775], [77.25625000000001, 28.62775], [77.25625000000001, 28.62725], [77.256, 28.62725], [77.256, 28.627], [77.25575, 28.627], [77.25575, 28.6265], [77.25550000000001, 28.6265], [77.25550000000001, 28.625999999999998], [77.25500000000001, 28.625999999999998], [77.25500000000001, 28.62575], [77.25425000000001, 28.62575], [77.25425000000001, 28.6255], [77.254, 28.6255], [77.254, 28.62425], [77.25450000000001, 28.62425], [77.25450000000001, 28.6235], [77.25525, 28.6235], [77.25525, 28.623749999999998], [77.25550000000001, 28.623749999999998], [77.25550000000001, 28.62425], [77.25575, 28.62425], [77.25575, 28.624499999999998], [77.25725000000001, 28.624499999999998], [77.25725000000001, 28.62425], [77.25750000000001, 28.62425], [77.25750000000001, 28.624], [77.25850000000001, 28.624], [77.25850000000001, 28.62475], [77.25800000000001, 28.62475], [77.25800000000001, 28.625249999999998], [77.25825, 28.625249999999998], [77.25825, 28.62775], [77.25800000000001, 28.62775], [77.25800000000001, 28.628], [77.25725000000001, 28.628]]]}, "properties": {"area_km2": 0.1307, "area_ha": 13.07}}, {"type": "Feature", "geometry": {"type": "Polygon", "coordinates": [[[77.30175000000001, 28.5655], [77.30175000000001, 28.5645], [77.3035, 28.5645], [77.3035, 28.563], [77.30375000000001, 28.563], [77.30375000000001, 28.562749999999998], [77.304, 28.562749999999998], [77.304, 28.5625], [77.3045, 28.5625], [77.3045, 28.56225], [77.30550000000001, 28.56225], [77.30550000000001, 28.5615], [77.30600000000001, 28.5615], [77.30600000000001, 28.561], [77.3075, 28.561], [77.3075, 28.56075], [77.30825, 28.56075], [77.30825, 28.5615], [77.308, 28.5615], [77.308, 28.56175], [77.30725000000001, 28.56175], [77.30725000000001, 28.56225], [77.307, 28.56225], [77.307, 28.5625], [77.30675000000001, 28.5625], [77.30675000000001, 28.562749999999998], [77.3065, 28.562749999999998], [77.3065, 28.563], [77.30625, 28.563], [77.30625, 28.563499999999998], [77.30575, 28.563499999999998], [77.30575, 28.56375], [77.30525, 28.56375], [77.30525, 28.56475], [77.30375000000001, 28.56475], [77.30375000000001, 28.56525], [77.3035, 28.56525], [77.3035, 28.5655], [77.30175000000001, 28.5655]]]}, "properties": {"area_km2": 0.1125, "area_ha": 11.25}}, {"type": "Feature", "geometry": {"type": "Polygon", "coordinates": [[[77.26525000000001, 28.64725], [77.26525000000001, 28.64575], [77.265, 28.64575], [77.265, 28.645], [77.26400000000001, 28.645], [77.26400000000001, 28.64425], [77.265, 28.64425], [77.265, 28.644], [77.26675, 28.644], [77.26675, 28.643749999999997], [77.26825000000001, 28.643749999999997], [77.26825000000001, 28.647], [77.26750000000001, 28.647], [77.26750000000001, 28.6465], [77.26725, 28.6465], [77.26725, 28.64575], [77.266, 28.64575], [77.266, 28.64725], [77.26525000000001, 28.64725]]]}, "properties": {"area_km2": 0.0982, "area_ha": 9.82}}, {"type": "Feature", "geometry": {"type": "Polygon", "coordinates": [[[77.043, 28.7185], [77.043, 28.71775], [77.04125, 28.71775], [77.04125, 28.718], [77.04050000000001, 28.718], [77.04050000000001, 28.717], [77.04075, 28.717], [77.04075, 28.716749999999998], [77.04125, 28.716749999999998], [77.04125, 28.7165], [77.042, 28.7165], [77.042, 28.71625], [77.0425, 28.71625], [77.0425, 28.715999999999998], [77.04275000000001, 28.715999999999998], [77.04275000000001, 28.715], [77.04375, 28.715], [77.04375, 28.715249999999997], [77.04400000000001, 28.715249999999997], [77.04400000000001, 28.7155], [77.04475000000001, 28.7155], [77.04475000000001, 28.717499999999998], [77.04425, 28.717499999999998], [77.04425, 28.7185], [77.043, 28.7185]]]}, "properties": {"area_km2": 0.0961, "area_ha": 9.61}}, {"type": "Feature", "geometry": {"type": "Polygon", "coordinates": [[[77.224, 28.720499999999998], [77.224, 28.719749999999998], [77.22425000000001, 28.719749999999998], [77.22425000000001, 28.7185], [77.22475, 28.7185], [77.22475, 28.718249999999998], [77.22550000000001, 28.718249999999998], [77.22550000000001, 28.718], [77.22600000000001, 28.718], [77.22600000000001, 28.71775], [77.22625000000001, 28.71775], [77.22625000000001, 28.715], [77.2265, 28.715], [77.2265, 28.71475], [77.22725000000001, 28.71475], [77.22725000000001, 28.715], [77.22775, 28.715], [77.22775, 28.716749999999998], [77.2275, 28.716749999999998], [77.2275, 28.71725], [77.227, 28.71725], [77.227, 28.7185], [77.22675000000001, 28.7185], [77.22675000000001, 28.71875], [77.2265, 28.71875], [77.2265, 28.71925], [77.22625000000001, 28.71925], [77.22625000000001, 28.7195], [77.22575, 28.7195], [77.22575, 28.72], [77.22525, 28.72], [77.22525, 28.72025], [77.22500000000001, 28.72025], [77.22500000000001, 28.720499999999998], [77.224, 28.720499999999998]]]}, "properties": {"area_km2": 0.0934, "area_ha": 9.34}}, {"type": "Feature", "geometry": {"type": "Polygon", "coordinates": [[[77.25925000000001, 28.654999999999998], [77.25925000000001, 28.65325], [77.25975000000001, 28.65325], [77.25975000000001, 28.652749999999997], [77.26, 28.652749999999997], [77.26, 28.65225], [77.26025, 28.65225], [77.26025, 28.65175], [77.26175, 28.65175], [77.26175, 28.6525], [77.262, 28.6525], [77.262, 28.652749999999997], [77.26225000000001, 28.652749999999997], [77.26225000000001, 28.653], [77.2625, 28.653], [77.2625, 28.65375], [77.26275000000001, 28.65375], [77.26275000000001, 28.654999999999998], [77.262, 28.654999999999998], [77.262, 28.654], [77.26125, 28.654], [77.26125, 28.6545], [77.26075, 28.6545], [77.26075, 28.654999999999998], [77.25925000000001, 28.654999999999998]]]}, "properties": {"area_km2": 0.0867, "area_ha": 8.67}}, {"type": "Feature", "geometry": {"type": "Polygon", "coordinates": [[[77.0475, 28.5565], [77.0475, 28.555249999999997], [77.046, 28.555249999999997], [77.046, 28.5535], [77.04650000000001, 28.5535], [77.04650000000001, 28.55325], [77.0475, 28.55325], [77.0475, 28.55175], [77.04825000000001, 28.55175], [77.04825000000001, 28.55325], [77.0485, 28.55325], [77.0485, 28.5555], [77.04875000000001, 28.5555], [77.04875000000001, 28.55625], [77.0485, 28.55625], [77.0485, 28.5565], [77.0475, 28.5565]]]}, "properties": {"area_km2": 0.0807, "area_ha": 8.07}}, {"type": "Feature", "geometry": {"type": "Polygon", "coordinates": [[[77.28075000000001, 28.58325], [77.28075000000001, 28.58225], [77.28375000000001, 28.58225], [77.28375000000001, 28.581999999999997], [77.28425, 28.581999999999997], [77.28425, 28.581], [77.28475, 28.581], [77.28475, 28.58075], [77.28500000000001, 28.58075], [77.28500000000001, 28.580499999999997], [77.2865, 28.580499999999997], [77.2865, 28.5815], [77.28625000000001, 28.5815], [77.28625000000001, 28.58225], [77.28575000000001, 28.58225], [77.28575000000001, 28.582749999999997], [77.28425, 28.582749999999997], [77.28425, 28.583], [77.28225, 28.583], [77.28225, 28.58325], [77.28075000000001, 28.58325]]]}, "properties": {"area_km2": 0.0793, "area_ha": 7.93}}, {"type": "Feature", "geometry": {"type": "Polygon", "coordinates": [[[77.35625, 28.7355], [77.35625, 28.735249999999997], [77.35575, 28.735249999999997], [77.35575, 28.73425], [77.35425000000001, 28.73425], [77.35425000000001, 28.732999999999997], [77.3555, 28.732999999999997], [77.3555, 28.733249999999998], [77.3575, 28.733249999999998], [77.3575, 28.733749999999997], [77.35775000000001, 28.733749999999997], [77.35775000000001, 28.734499999999997], [77.35925, 28.734499999999997], [77.35925, 28.735249999999997], [77.35825000000001, 28.735249999999997], [77.35825000000001, 28.7355], [77.35625, 28.7355]]]}, "properties": {"area_km2": 0.0792, "area_ha": 7.92}}, {"type": "Feature", "geometry": {"type": "Polygon", "coordinates": [[[77.36075000000001, 28.726999999999997], [77.36075000000001, 28.72675], [77.35975, 28.72675], [77.35975, 28.726499999999998], [77.35950000000001, 28.726499999999998], [77.35950000000001, 28.726249999999997], [77.35925, 28.726249999999997], [77.35925, 28.724249999999998], [77.3605, 28.724249999999998], [77.3605, 28.724749999999997], [77.36125000000001, 28.724749999999997], [77.36125000000001, 28.724999999999998], [77.36275, 28.724999999999998], [77.36275, 28.725749999999998], [77.36200000000001, 28.725749999999998], [77.36200000000001, 28.726999999999997], [77.36075000000001, 28.726999999999997]]]}, "properties": {"area_km2": 0.0717, "area_ha": 7.17}}, {"type": "Feature", "geometry": {"type": "Polygon", "coordinates": [[[77.29825000000001, 28.572499999999998], [77.29825000000001, 28.5705], [77.298, 28.5705], [77.298, 28.569499999999998], [77.29950000000001, 28.569499999999998], [77.29950000000001, 28.569999999999997], [77.29975, 28.569999999999997], [77.29975, 28.570249999999998], [77.301, 28.570249999999998], [77.301, 28.570999999999998], [77.30025, 28.570999999999998], [77.30025, 28.572499999999998], [77.29825000000001, 28.572499999999998]]]}, "properties": {"area_km2": 0.0684, "area_ha": 6.84}}, {"type": "Feature", "geometry": {"type": "Polygon", "coordinates": [[[77.25675000000001, 28.61375], [77.25675000000001, 28.610999999999997], [77.25725000000001, 28.610999999999997], [77.25725000000001, 28.61], [77.25800000000001, 28.61], [77.25800000000001, 28.612], [77.25825, 28.612], [77.25825, 28.61225], [77.25850000000001, 28.61225], [77.25850000000001, 28.612499999999997], [77.25975000000001, 28.612499999999997], [77.25975000000001, 28.613249999999997], [77.2595, 28.613249999999997], [77.2595, 28.6135], [77.25825, 28.6135], [77.25825, 28.61375], [77.25675000000001, 28.61375]]]}, "properties": {"area_km2": 0.0664, "area_ha": 6.64}}, {"type": "Feature", "geometry": {"type": "Polygon", "coordinates": [[[77.04175000000001, 28.674999999999997], [77.04175000000001, 28.67475], [77.04125, 28.67475], [77.04125, 28.67375], [77.04050000000001, 28.67375], [77.04050000000001, 28.671], [77.0415, 28.671], [77.0415, 28.671249999999997], [77.042, 28.671249999999997], [77.042, 28.6725], [77.0425, 28.6725], [77.0425, 28.674999999999997], [77.04175000000001, 28.674999999999997]]]}, "properties": {"area_km2": 0.0657, "area_ha": 6.57}}, {"type": "Feature", "geometry": {"type": "Polygon", "coordinates": [[[77.14800000000001, 28.64425], [77.14800000000001, 28.644], [77.14775, 28.644], [77.14775, 28.643749999999997], [77.14725, 28.643749999999997], [77.14725, 28.64325], [77.147, 28.64325], [77.147, 28.64275], [77.14675000000001, 28.64275], [77.14675000000001, 28.6425], [77.1465, 28.6425], [77.1465, 28.642], [77.14625000000001, 28.642], [77.14625000000001, 28.64125], [77.14725, 28.64125], [77.14725, 28.641499999999997], [77.14875, 28.641499999999997], [77.14875, 28.64175], [77.149, 28.64175], [77.149, 28.6425], [77.14925000000001, 28.6425], [77.14925000000001, 28.643749999999997], [77.149, 28.643749999999997], [77.149, 28.644], [77.14875, 28.644], [77.14875, 28.64425], [77.14800000000001, 28.64425]]]}, "properties": {"area_km2": 0.0657, "area_ha": 6.57}}, {"type": "Feature", "geometry": {"type": "Polygon", "coordinates": [[[77.17925000000001, 28.73275], [77.17925000000001, 28.731749999999998], [77.179, 28.731749999999998], [77.179, 28.731499999999997], [77.17875000000001, 28.731499999999997], [77.17875000000001, 28.730749999999997], [77.1795, 28.730749999999997], [77.1795, 28.729999999999997], [77.18, 28.729999999999997], [77.18, 28.72975], [77.18175000000001, 28.72975], [77.18175000000001, 28.73125], [77.1815, 28.73125], [77.1815, 28.731499999999997], [77.18100000000001, 28.731499999999997], [77.18100000000001, 28.732], [77.18025, 28.732], [77.18025, 28.73275], [77.17925000000001, 28.73275]]]}, "properties": {"area_km2": 0.065, "area_ha": 6.5}}, {"type": "Feature", "geometry": {"type": "Polygon", "coordinates": [[[77.3735, 28.7355], [77.3735, 28.73475], [77.37275000000001, 28.73475], [77.37275000000001, 28.7335], [77.373, 28.7335], [77.373, 28.732249999999997], [77.37375, 28.732249999999997], [77.37375, 28.731499999999997], [77.37450000000001, 28.731499999999997], [77.37450000000001, 28.731749999999998], [77.375, 28.731749999999998], [77.375, 28.732999999999997], [77.37475, 28.732999999999997], [77.37475, 28.733749999999997], [77.37450000000001, 28.733749999999997], [77.37450000000001, 28.73425], [77.37425, 28.73425], [77.37425, 28.734499999999997], [77.37375, 28.734499999999997], [77.37375, 28.73475], [77.37450000000001, 28.73475], [77.37450000000001, 28.7355], [77.3735, 28.7355]]]}, "properties": {"area_km2": 0.0643, "area_ha": 6.43}}, {"type": "Feature", "geometry": {"type": "Polygon", "coordinates": [[[77.218, 28.723], [77.218, 28.721999999999998], [77.2185, 28.721999999999998], [77.2185, 28.721249999999998], [77.21950000000001, 28.721249999999998], [77.21950000000001, 28.721], [77.221, 28.721], [77.221, 28.72075], [77.22250000000001, 28.72075], [77.22250000000001, 28.7215], [77.22175, 28.7215], [77.22175, 28.72175], [77.22125000000001, 28.72175], [77.22125000000001, 28.721999999999998], [77.22075000000001, 28.721999999999998], [77.22075000000001, 28.72225], [77.22025000000001, 28.72225], [77.22025000000001, 28.7225], [77.22000000000001, 28.7225], [77.22000000000001, 28.722749999999998], [77.21875, 28.722749999999998], [77.21875, 28.723], [77.218, 28.723]]]}, "properties": {"area_km2": 0.0602, "area_ha": 6.02}}, {"type": "Feature", "geometry": {"type": "Polygon", "coordinates": [[[77.30875, 28.56025], [77.30875, 28.558], [77.3095, 28.558], [77.3095, 28.5585], [77.31075000000001, 28.5585], [77.31075000000001, 28.558], [77.31200000000001, 28.558], [77.31200000000001, 28.5585], [77.31225, 28.5585], [77.31225, 28.5595], [77.31075000000001, 28.5595], [77.31075000000001, 28.55925], [77.3105, 28.55925], [77.3105, 28.5595], [77.31025000000001, 28.5595], [77.31025000000001, 28.559749999999998], [77.31, 28.559749999999998], [77.31, 28.56025], [77.30875, 28.56025]]]}, "properties": {"area_km2": 0.059, "area_ha": 5.9}}, {"type": "Feature", "geometry": {"type": "Polygon", "coordinates": [[[77.05575, 28.64625], [77.05575, 28.6455], [77.05600000000001, 28.6455], [77.05600000000001, 28.64475], [77.05625, 28.64475], [77.05625, 28.642999999999997], [77.05600000000001, 28.642999999999997], [77.05600000000001, 28.639999999999997], [77.05625, 28.639999999999997], [77.05625, 28.639249999999997], [77.057, 28.639249999999997], [77.057, 28.639999999999997], [77.05675000000001, 28.639999999999997], [77.05675000000001, 28.642249999999997], [77.057, 28.642249999999997], [77.057, 28.64475], [77.05675000000001, 28.64475], [77.05675000000001, 28.6455], [77.0565, 28.6455], [77.0565, 28.64625], [77.05575, 28.64625]]]}, "properties": {"area_km2": 0.0589, "area_ha": 5.89}}, {"type": "Feature", "geometry": {"type": "Polygon", "coordinates": [[[77.369, 28.72225], [77.369, 28.721999999999998], [77.36875, 28.721999999999998], [77.36875, 28.72175], [77.36850000000001, 28.72175], [77.36850000000001, 28.72075], [77.36675000000001, 28.72075], [77.36675000000001, 28.719749999999998], [77.36825, 28.719749999999998], [77.36825, 28.7195], [77.36925000000001, 28.7195], [77.36925000000001, 28.72], [77.36975000000001, 28.72], [77.36975000000001, 28.72025], [77.37, 28.72025], [77.37, 28.72175], [77.36975000000001, 28.72175], [77.36975000000001, 28.72225], [77.369, 28.72225]]]}, "properties": {"area_km2": 0.0562, "area_ha": 5.62}}, {"type": "Feature", "geometry": {"type": "Polygon", "coordinates": [[[77.15650000000001, 28.640249999999998], [77.15650000000001, 28.639999999999997], [77.15625, 28.639999999999997], [77.15625, 28.638499999999997], [77.156, 28.638499999999997], [77.156, 28.6375], [77.158, 28.6375], [77.158, 28.637999999999998], [77.159, 28.637999999999998], [77.159, 28.638749999999998], [77.15875000000001, 28.638749999999998], [77.15875000000001, 28.639249999999997], [77.158, 28.639249999999997], [77.158, 28.639], [77.15725, 28.639], [77.15725, 28.640249999999998], [77.15650000000001, 28.640249999999998]]]}, "properties": {"area_km2": 0.0562, "area_ha": 5.62}}, {"type": "Feature", "geometry": {"type": "Polygon", "coordinates": [[[77.269, 28.58675], [77.269, 28.58625], [77.26775, 28.58625], [77.26775, 28.584999999999997], [77.26725, 28.584999999999997], [77.26725, 28.584], [77.26825000000001, 28.584], [77.26825000000001, 28.5845], [77.26925, 28.5845], [77.26925, 28.58475], [77.27000000000001, 28.58475], [77.27000000000001, 28.58675], [77.269, 28.58675]]]}, "properties": {"area_km2": 0.0542, "area_ha": 5.42}}, {"type": "Feature", "geometry": {"type": "Polygon", "coordinates": [[[77.3725, 28.427249999999997], [77.3725, 28.426], [77.37275000000001, 28.426], [77.37275000000001, 28.424999999999997], [77.37325000000001, 28.424999999999997], [77.37325000000001, 28.4245], [77.37475, 28.4245], [77.37475, 28.426499999999997], [77.37450000000001, 28.426499999999997], [77.37450000000001, 28.42675], [77.37400000000001, 28.42675], [77.37400000000001, 28.427], [77.37325000000001, 28.427], [77.37325000000001, 28.427249999999997], [77.3725, 28.427249999999997]]]}, "properties": {"area_km2": 0.0536, "area_ha": 5.36}}, {"type": "Feature", "geometry": {"type": "Polygon", "coordinates": [[[77.19850000000001, 28.729499999999998], [77.19850000000001, 28.728499999999997], [77.19900000000001, 28.728499999999997], [77.19900000000001, 28.72825], [77.20175, 28.72825], [77.20175, 28.727999999999998], [77.20225, 28.727999999999998], [77.20225, 28.727749999999997], [77.203, 28.727749999999997], [77.203, 28.728749999999998], [77.20200000000001, 28.728749999999998], [77.20200000000001, 28.729249999999997], [77.20100000000001, 28.729249999999997], [77.20100000000001, 28.729499999999998], [77.20025000000001, 28.729499999999998], [77.20025000000001, 28.729249999999997], [77.2, 28.729249999999997], [77.2, 28.729499999999998], [77.19850000000001, 28.729499999999998]]]}, "properties": {"area_km2": 0.0535, "area_ha": 5.35}}, {"type": "Feature", "geometry": {"type": "Polygon", "coordinates": [[[77.1555, 28.633499999999998], [77.1555, 28.633], [77.15525000000001, 28.633], [77.15525000000001, 28.63225], [77.1555, 28.63225], [77.1555, 28.631999999999998], [77.15575000000001, 28.631999999999998], [77.15575000000001, 28.631749999999997], [77.15625, 28.631749999999997], [77.15625, 28.6315], [77.15750000000001, 28.6315], [77.15750000000001, 28.63225], [77.15725, 28.63225], [77.15725, 28.632499999999997], [77.15875000000001, 28.632499999999997], [77.15875000000001, 28.633249999999997], [77.15750000000001, 28.633249999999997], [77.15750000000001, 28.633499999999998], [77.1555, 28.633499999999998]]]}, "properties": {"area_km2": 0.0522, "area_ha": 5.22}}, {"type": "Feature", "geometry": {"type": "Polygon", "coordinates": [[[77.164, 28.73925], [77.164, 28.738999999999997], [77.16300000000001, 28.738999999999997], [77.16300000000001, 28.73875], [77.162, 28.73875], [77.162, 28.738], [77.16250000000001, 28.738], [77.16250000000001, 28.73775], [77.164, 28.73775], [77.164, 28.738], [77.16675000000001, 28.738], [77.16675000000001, 28.73875], [77.16475000000001, 28.73875], [77.16475000000001, 28.73925], [77.164, 28.73925]]]}, "properties": {"area_km2": 0.0494, "area_ha": 4.94}}, {"type": "Feature", "geometry": {"type": "Polygon", "coordinates": [[[77.32325, 28.5335], [77.32325, 28.532999999999998], [77.32300000000001, 28.532999999999998], [77.32300000000001, 28.53275], [77.3225, 28.53275], [77.3225, 28.53175], [77.32325, 28.53175], [77.32325, 28.530749999999998], [77.32400000000001, 28.530749999999998], [77.32400000000001, 28.5305], [77.32425, 28.5305], [77.32425, 28.53025], [77.32525000000001, 28.53025], [77.32525000000001, 28.53125], [77.3245, 28.53125], [77.3245, 28.532], [77.32425, 28.532], [77.32425, 28.532249999999998], [77.32400000000001, 28.532249999999998], [77.32400000000001, 28.5335], [77.32325, 28.5335]]]}, "properties": {"area_km2": 0.0488, "area_ha": 4.88}}, {"type": "Feature", "geometry": {"type": "Polygon", "coordinates": [[[77.35225000000001, 28.433], [77.35225000000001, 28.432499999999997], [77.352, 28.432499999999997], [77.352, 28.43225], [77.3515, 28.43225], [77.3515, 28.4315], [77.35175000000001, 28.4315], [77.35175000000001, 28.43075], [77.3525, 28.43075], [77.3525, 28.430249999999997], [77.35325, 28.430249999999997], [77.35325, 28.43075], [77.35350000000001, 28.43075], [77.35350000000001, 28.43125], [77.35375, 28.43125], [77.35375, 28.432], [77.35350000000001, 28.432], [77.35350000000001, 28.433], [77.35225000000001, 28.433]]]}, "properties": {"area_km2": 0.0475, "area_ha": 4.75}}, {"type": "Feature", "geometry": {"type": "Polygon", "coordinates": [[[77.24975, 28.657249999999998], [77.24975, 28.65625], [77.25, 28.65625], [77.25, 28.654999999999998], [77.25150000000001, 28.654999999999998], [77.25150000000001, 28.65525], [77.25200000000001, 28.65525], [77.25200000000001, 28.65625], [77.25175, 28.65625], [77.25175, 28.657249999999998], [77.24975, 28.657249999999998]]]}, "properties": {"area_km2": 0.0474, "area_ha": 4.74}}, {"type": "Feature", "geometry": {"type": "Polygon", "coordinates": [[[77.25475, 28.62025], [77.25475, 28.61875], [77.25500000000001, 28.61875], [77.25500000000001, 28.61825], [77.257, 28.61825], [77.257, 28.61875], [77.25750000000001, 28.61875], [77.25750000000001, 28.619999999999997], [77.25675000000001, 28.619999999999997], [77.25675000000001, 28.61975], [77.25550000000001, 28.61975], [77.25550000000001, 28.62025], [77.25475, 28.62025]]]}, "properties": {"area_km2": 0.0467, "area_ha": 4.67}}, {"type": "Feature", "geometry": {"type": "Polygon", "coordinates": [[[77.04175000000001, 28.55025], [77.04175000000001, 28.5495], [77.04350000000001, 28.5495], [77.04350000000001, 28.54875], [77.0445, 28.54875], [77.0445, 28.547749999999997], [77.0455, 28.547749999999997], [77.0455, 28.54875], [77.04475000000001, 28.54875], [77.04475000000001, 28.55025], [77.04175000000001, 28.55025]]]}, "properties": {"area_km2": 0.0454, "area_ha": 4.54}}, {"type": "Feature", "geometry": {"type": "Polygon", "coordinates": [[[77.05275, 28.5535], [77.05275, 28.551499999999997], [77.05300000000001, 28.551499999999997], [77.05300000000001, 28.55125], [77.0535, 28.55125], [77.0535, 28.551], [77.054, 28.551], [77.054, 28.549999999999997], [77.05425000000001, 28.549999999999997], [77.05425000000001, 28.549249999999997], [77.0545, 28.549249999999997], [77.0545, 28.549], [77.05525, 28.549], [77.05525, 28.54975], [77.055, 28.54975], [77.055, 28.549999999999997], [77.05475000000001, 28.549999999999997], [77.05475000000001, 28.551], [77.05425000000001, 28.551], [77.05425000000001, 28.55175], [77.05375000000001, 28.55175], [77.05375000000001, 28.5525], [77.0535, 28.5525], [77.0535, 28.5535], [77.05275, 28.5535]]]}, "properties": {"area_km2": 0.0434, "area_ha": 4.34}}, {"type": "Feature", "geometry": {"type": "Polygon", "coordinates": [[[77.388, 28.712], [77.388, 28.71175], [77.38775000000001, 28.71175], [77.38775000000001, 28.7105], [77.3875, 28.7105], [77.3875, 28.70975], [77.38850000000001, 28.70975], [77.38850000000001, 28.7095], [77.38950000000001, 28.7095], [77.38950000000001, 28.711], [77.38925, 28.711], [77.38925, 28.711499999999997], [77.38875, 28.711499999999997], [77.38875, 28.712], [77.388, 28.712]]]}, "properties": {"area_km2": 0.0413, "area_ha": 4.13}}, {"type": "Feature", "geometry": {"type": "Polygon", "coordinates": [[[77.26625, 28.627499999999998], [77.26625, 28.62725], [77.266, 28.62725], [77.266, 28.62625], [77.26750000000001, 28.62625], [77.26750000000001, 28.62575], [77.2685, 28.62575], [77.2685, 28.625999999999998], [77.26875000000001, 28.625999999999998], [77.26875000000001, 28.627499999999998], [77.26750000000001, 28.627499999999998], [77.26750000000001, 28.62725], [77.26700000000001, 28.62725], [77.26700000000001, 28.627499999999998], [77.26625, 28.627499999999998]]]}, "properties": {"area_km2": 0.0413, "area_ha": 4.13}}, {"type": "Feature", "geometry": {"type": "Polygon", "coordinates": [[[77.08675000000001, 28.563], [77.08675000000001, 28.561999999999998], [77.0875, 28.561999999999998], [77.0875, 28.561249999999998], [77.08825, 28.561249999999998], [77.08825, 28.56175], [77.08850000000001, 28.56175], [77.08850000000001, 28.561], [77.08925, 28.561], [77.08925, 28.5615], [77.0895, 28.5615], [77.0895, 28.562749999999998], [77.08850000000001, 28.562749999999998], [77.08850000000001, 28.5625], [77.08800000000001, 28.5625], [77.08800000000001, 28.563], [77.08675000000001, 28.563]]]}, "properties": {"area_km2": 0.0407, "area_ha": 4.07}}, {"type": "Feature", "geometry": {"type": "Polygon", "coordinates": [[[77.18400000000001, 28.733249999999998], [77.18400000000001, 28.732499999999998], [77.18425, 28.732499999999998], [77.18425, 28.732], [77.1855, 28.732], [77.1855, 28.730999999999998], [77.18575000000001, 28.730999999999998], [77.18575000000001, 28.730749999999997], [77.18650000000001, 28.730749999999997], [77.18650000000001, 28.732], [77.18675, 28.732], [77.18675, 28.73275], [77.1855, 28.73275], [77.1855, 28.732999999999997], [77.185, 28.732999999999997], [77.185, 28.733249999999998], [77.18400000000001, 28.733249999999998]]]}, "properties": {"area_km2": 0.0406, "area_ha": 4.06}}, {"type": "Feature", "geometry": {"type": "Polygon", "coordinates": [[[77.36275, 28.491], [77.36275, 28.49075], [77.36225, 28.49075], [77.36225, 28.490499999999997], [77.3615, 28.490499999999997], [77.3615, 28.48925], [77.36275, 28.48925], [77.36275, 28.4895], [77.3635, 28.4895], [77.3635, 28.489749999999997], [77.36425000000001, 28.489749999999997], [77.36425000000001, 28.49075], [77.3635, 28.49075], [77.3635, 28.491], [77.36275, 28.491]]]}, "properties": {"area_km2": 0.0387, "area_ha": 3.87}}, {"type": "Feature", "geometry": {"type": "Polygon", "coordinates": [[[77.10000000000001, 28.661749999999998], [77.10000000000001, 28.66075], [77.10350000000001, 28.66075], [77.10350000000001, 28.661749999999998], [77.10000000000001, 28.661749999999998]]]}, "properties": {"area_km2": 0.0379, "area_ha": 3.79}}, {"type": "Feature", "geometry": {"type": "Polygon", "coordinates": [[[77.275, 28.58375], [77.275, 28.5825], [77.27550000000001, 28.5825], [77.27550000000001, 28.58225], [77.2775, 28.58225], [77.2775, 28.58375], [77.27675, 28.58375], [77.27675, 28.583499999999997], [77.27575, 28.583499999999997], [77.27575, 28.58375], [77.275, 28.58375]]]}, "properties": {"area_km2": 0.0366, "area_ha": 3.66}}, {"type": "Feature", "geometry": {"type": "Polygon", "coordinates": [[[77.38775000000001, 28.49475], [77.38775000000001, 28.493499999999997], [77.38675, 28.493499999999997], [77.38675, 28.492749999999997], [77.38950000000001, 28.492749999999997], [77.38950000000001, 28.493499999999997], [77.38900000000001, 28.493499999999997], [77.38900000000001, 28.49375], [77.38875, 28.49375], [77.38875, 28.49475], [77.38775000000001, 28.49475]]]}, "properties": {"area_km2": 0.0366, "area_ha": 3.66}}, {"type": "Feature", "geometry": {"type": "Polygon", "coordinates": [[[77.2085, 28.726249999999997], [77.2085, 28.725499999999997], [77.209, 28.725499999999997], [77.209, 28.724749999999997], [77.2095, 28.724749999999997], [77.2095, 28.7245], [77.212, 28.7245], [77.212, 28.72525], [77.21050000000001, 28.72525], [77.21050000000001, 28.725749999999998], [77.20925000000001, 28.725749999999998], [77.20925000000001, 28.726249999999997], [77.2085, 28.726249999999997]]]}, "properties": {"area_km2": 0.0365, "area_ha": 3.65}}, {"type": "Feature", "geometry": {"type": "Polygon", "coordinates": [[[77.09825000000001, 28.560499999999998], [77.09825000000001, 28.56], [77.09750000000001, 28.56], [77.09750000000001, 28.5595], [77.09700000000001, 28.5595], [77.09700000000001, 28.55875], [77.09875000000001, 28.55875], [77.09875000000001, 28.5595], [77.09975, 28.5595], [77.09975, 28.560499999999998], [77.09825000000001, 28.560499999999998]]]}, "properties": {"area_km2": 0.0346, "area_ha": 3.46}}, {"type": "Feature", "geometry": {"type": "Polygon", "coordinates": [[[77.21300000000001, 28.724249999999998], [77.21300000000001, 28.723499999999998], [77.21375, 28.723499999999998], [77.21375, 28.72325], [77.2145, 28.72325], [77.2145, 28.723], [77.21625, 28.723], [77.21625, 28.72375], [77.21600000000001, 28.72375], [77.21600000000001, 28.724], [77.21525000000001, 28.724], [77.21525000000001, 28.724249999999998], [77.21300000000001, 28.724249999999998]]]}, "properties": {"area_km2": 0.0345, "area_ha": 3.45}}, {"type": "Feature", "geometry": {"type": "Polygon", "coordinates": [[[77.04775000000001, 28.712], [77.04775000000001, 28.71125], [77.048, 28.71125], [77.048, 28.710749999999997], [77.04825000000001, 28.710749999999997], [77.04825000000001, 28.7105], [77.04875000000001, 28.7105], [77.04875000000001, 28.71025], [77.05000000000001, 28.71025], [77.05000000000001, 28.71175], [77.049, 28.71175], [77.049, 28.712], [77.04775000000001, 28.712]]]}, "properties": {"area_km2": 0.0345, "area_ha": 3.45}}, {"type": "Feature", "geometry": {"type": "Polygon", "coordinates": [[[77.09225, 28.512749999999997], [77.09225, 28.51175], [77.0925, 28.51175], [77.0925, 28.511], [77.093, 28.511], [77.093, 28.51025], [77.09325000000001, 28.51025], [77.09325000000001, 28.509999999999998], [77.0935, 28.509999999999998], [77.0935, 28.509249999999998], [77.09425, 28.509249999999998], [77.09425, 28.510499999999997], [77.09400000000001, 28.510499999999997], [77.09400000000001, 28.510749999999998], [77.09375, 28.510749999999998], [77.09375, 28.511], [77.09325000000001, 28.511], [77.09325000000001, 28.512749999999997], [77.09225, 28.512749999999997]]]}, "properties": {"area_km2": 0.0339, "area_ha": 3.39}}, {"type": "Feature", "geometry": {"type": "Polygon", "coordinates": [[[77.16925, 28.738], [77.16925, 28.737], [77.1695, 28.737], [77.1695, 28.736749999999997], [77.17075000000001, 28.736749999999997], [77.17075000000001, 28.7365], [77.1725, 28.7365], [77.1725, 28.73725], [77.17150000000001, 28.73725], [77.17150000000001, 28.737499999999997], [77.1705, 28.737499999999997], [77.1705, 28.73775], [77.17025000000001, 28.73775], [77.17025000000001, 28.738], [77.16925, 28.738]]]}, "properties": {"area_km2": 0.0338, "area_ha": 3.38}}, {"type": "Feature", "geometry": {"type": "Polygon", "coordinates": [[[77.3585, 28.731499999999997], [77.3585, 28.730749999999997], [77.35775000000001, 28.730749999999997], [77.35775000000001, 28.730249999999998], [77.3575, 28.730249999999998], [77.3575, 28.729499999999998], [77.35775000000001, 28.729499999999998], [77.35775000000001, 28.729249999999997], [77.3585, 28.729249999999997], [77.3585, 28.729499999999998], [77.35950000000001, 28.729499999999998], [77.35950000000001, 28.7305], [77.35925, 28.7305], [77.35925, 28.731499999999997], [77.3585, 28.731499999999997]]]}, "properties": {"area_km2": 0.0332, "area_ha": 3.32}}, {"type": "Feature", "geometry": {"type": "Polygon", "coordinates": [[[77.35175000000001, 28.7365], [77.35175000000001, 28.73625], [77.35100000000001, 28.73625], [77.35100000000001, 28.735], [77.3525, 28.735], [77.3525, 28.734499999999997], [77.35325, 28.734499999999997], [77.35325, 28.73575], [77.3525, 28.73575], [77.3525, 28.7365], [77.35175000000001, 28.7365]]]}, "properties": {"area_km2": 0.0325, "area_ha": 3.25}}, {"type": "Feature", "geometry": {"type": "Polygon", "coordinates": [[[77.38775000000001, 28.43], [77.38775000000001, 28.428749999999997], [77.38875, 28.428749999999997], [77.38875, 28.42775], [77.38950000000001, 28.42775], [77.38950000000001, 28.43], [77.38775000000001, 28.43]]]}, "properties": {"area_km2": 0.0319, "area_ha": 3.19}}, {"type": "Feature", "geometry": {"type": "Polygon", "coordinates": [[[77.254, 28.656499999999998], [77.254, 28.655749999999998], [77.25325000000001, 28.655749999999998], [77.25325000000001, 28.65475], [77.25450000000001, 28.65475], [77.25450000000001, 28.654999999999998], [77.25475, 28.654999999999998], [77.25475, 28.65525], [77.25550000000001, 28.65525], [77.25550000000001, 28.656499999999998], [77.254, 28.656499999999998]]]}, "properties": {"area_km2": 0.0318, "area_ha": 3.18}}, {"type": "Feature", "geometry": {"type": "Polygon", "coordinates": [[[77.271, 28.584999999999997], [77.271, 28.583], [77.272, 28.583], [77.272, 28.58325], [77.27250000000001, 28.58325], [77.27250000000001, 28.584999999999997], [77.271, 28.584999999999997]]]}, "properties": {"area_km2": 0.0312, "area_ha": 3.12}}, {"type": "Feature", "geometry": {"type": "Polygon", "coordinates": [[[77.3095, 28.547749999999997], [77.3095, 28.54675], [77.31, 28.54675], [77.31, 28.546499999999998], [77.31025000000001, 28.546499999999998], [77.31025000000001, 28.546249999999997], [77.31075000000001, 28.546249999999997], [77.31075000000001, 28.546], [77.31150000000001, 28.546], [77.31150000000001, 28.547749999999997], [77.3095, 28.547749999999997]]]}, "properties": {"area_km2": 0.0312, "area_ha": 3.12}}, {"type": "Feature", "geometry": {"type": "Polygon", "coordinates": [[[77.22300000000001, 28.7395], [77.22300000000001, 28.738249999999997], [77.22325000000001, 28.738249999999997], [77.22325000000001, 28.738], [77.2235, 28.738], [77.2235, 28.737499999999997], [77.22500000000001, 28.737499999999997], [77.22500000000001, 28.7385], [77.2245, 28.7385], [77.2245, 28.73875], [77.22425000000001, 28.73875], [77.22425000000001, 28.738999999999997], [77.224, 28.738999999999997], [77.224, 28.7395], [77.22300000000001, 28.7395]]]}, "properties": {"area_km2": 0.0311, "area_ha": 3.11}}, {"type": "Feature", "geometry": {"type": "Polygon", "coordinates": [[[77.10875, 28.56675], [77.10875, 28.56475], [77.11075000000001, 28.56475], [77.11075000000001, 28.5655], [77.11, 28.5655], [77.11, 28.56625], [77.10950000000001, 28.56625], [77.10950000000001, 28.56675], [77.10875, 28.56675]]]}, "properties": {"area_km2": 0.0305, "area_ha": 3.05}}, {"type": "Feature", "geometry": {"type": "Polygon", "coordinates": [[[77.36175, 28.7385], [77.36175, 28.737499999999997], [77.36200000000001, 28.737499999999997], [77.36200000000001, 28.737], [77.3635, 28.737], [77.3635, 28.7385], [77.36175, 28.7385]]]}, "properties": {"area_km2": 0.0271, "area_ha": 2.71}}, {"type": "Feature", "geometry": {"type": "Polygon", "coordinates": [[[77.17975000000001, 28.733999999999998], [77.17975000000001, 28.733249999999998], [77.18075, 28.733249999999998], [77.18075, 28.732999999999997], [77.18175000000001, 28.732999999999997], [77.18175000000001, 28.73275], [77.18275000000001, 28.73275], [77.18275000000001, 28.7335], [77.182, 28.7335], [77.182, 28.733749999999997], [77.1815, 28.733749999999997], [77.1815, 28.733999999999998], [77.17975000000001, 28.733999999999998]]]}, "properties": {"area_km2": 0.0271, "area_ha": 2.71}}, {"type": "Feature", "geometry": {"type": "Polygon", "coordinates": [[[77.10125000000001, 28.559749999999998], [77.10125000000001, 28.5595], [77.10025, 28.5595], [77.10025, 28.55875], [77.10100000000001, 28.55875], [77.10100000000001, 28.55775], [77.102, 28.55775], [77.102, 28.559749999999998], [77.10125000000001, 28.559749999999998]]]}, "properties": {"area_km2": 0.0271, "area_ha": 2.71}}, {"type": "Feature", "geometry": {"type": "Polygon", "coordinates": [[[77.308, 28.499], [77.308, 28.498749999999998], [77.30775000000001, 28.498749999999998], [77.30775000000001, 28.4985], [77.3075, 28.4985], [77.3075, 28.4975], [77.30825, 28.4975], [77.30825, 28.497249999999998], [77.30900000000001, 28.497249999999998], [77.30900000000001, 28.4975], [77.30925, 28.4975], [77.30925, 28.498749999999998], [77.30875, 28.498749999999998], [77.30875, 28.499], [77.308, 28.499]]]}, "properties": {"area_km2": 0.0271, "area_ha": 2.71}}, {"type": "Feature", "geometry": {"type": "Polygon", "coordinates": [[[77.19025, 28.731749999999998], [77.19025, 28.7305], [77.19275, 28.7305], [77.19275, 28.73125], [77.1915, 28.73125], [77.1915, 28.731499999999997], [77.19125000000001, 28.731499999999997], [77.19125000000001, 28.731749999999998], [77.19025, 28.731749999999998]]]}, "properties": {"area_km2": 0.0264, "area_ha": 2.64}}, {"type": "Feature", "geometry": {"type": "Polygon", "coordinates": [[[77.19075000000001, 28.729], [77.19075000000001, 28.727249999999998], [77.19225, 28.727249999999998], [77.19225, 28.728499999999997], [77.19200000000001, 28.728499999999997], [77.19200000000001, 28.728749999999998], [77.19175000000001, 28.728749999999998], [77.19175000000001, 28.729], [77.19075000000001, 28.729]]]}, "properties": {"area_km2": 0.0264, "area_ha": 2.64}}, {"type": "Feature", "geometry": {"type": "Polygon", "coordinates": [[[77.105, 28.662], [77.105, 28.660999999999998], [77.10575, 28.660999999999998], [77.10575, 28.66075], [77.10725000000001, 28.66075], [77.10725000000001, 28.6615], [77.107, 28.6615], [77.107, 28.661749999999998], [77.10625, 28.661749999999998], [77.10625, 28.662], [77.105, 28.662]]]}, "properties": {"area_km2": 0.0251, "area_ha": 2.51}}, {"type": "Feature", "geometry": {"type": "Polygon", "coordinates": [[[77.363, 28.7365], [77.363, 28.73575], [77.364, 28.73575], [77.364, 28.735249999999997], [77.36525, 28.735249999999997], [77.36525, 28.7365], [77.363, 28.7365]]]}, "properties": {"area_km2": 0.025, "area_ha": 2.5}}, {"type": "Feature", "geometry": {"type": "Polygon", "coordinates": [[[77.04700000000001, 28.715999999999998], [77.04700000000001, 28.7155], [77.04675, 28.7155], [77.04675, 28.714499999999997], [77.04775000000001, 28.714499999999997], [77.04775000000001, 28.715249999999997], [77.049, 28.715249999999997], [77.049, 28.715999999999998], [77.04700000000001, 28.715999999999998]]]}, "properties": {"area_km2": 0.025, "area_ha": 2.5}}, {"type": "Feature", "geometry": {"type": "Polygon", "coordinates": [[[77.2425, 28.706249999999997], [77.2425, 28.705499999999997], [77.2455, 28.705499999999997], [77.2455, 28.706249999999997], [77.2425, 28.706249999999997]]]}, "properties": {"area_km2": 0.0244, "area_ha": 2.44}}, {"type": "Feature", "geometry": {"type": "Polygon", "coordinates": [[[77.20500000000001, 28.7275], [77.20500000000001, 28.72675], [77.20525, 28.72675], [77.20525, 28.726249999999997], [77.20625000000001, 28.726249999999997], [77.20625000000001, 28.726], [77.20725, 28.726], [77.20725, 28.72675], [77.20675, 28.72675], [77.20675, 28.726999999999997], [77.20625000000001, 28.726999999999997], [77.20625000000001, 28.727249999999998], [77.20575000000001, 28.727249999999998], [77.20575000000001, 28.7275], [77.20500000000001, 28.7275]]]}, "properties": {"area_km2": 0.0237, "area_ha": 2.37}}, {"type": "Feature", "geometry": {"type": "Polygon", "coordinates": [[[77.271, 28.5995], [77.271, 28.59825], [77.27275, 28.59825], [77.27275, 28.5995], [77.271, 28.5995]]]}, "properties": {"area_km2": 0.0237, "area_ha": 2.37}}, {"type": "Feature", "geometry": {"type": "Polygon", "coordinates": [[[77.37725, 28.735999999999997], [77.37725, 28.733999999999998], [77.378, 28.733999999999998], [77.378, 28.73425], [77.37825000000001, 28.73425], [77.37825000000001, 28.735249999999997], [77.3785, 28.735249999999997], [77.3785, 28.735999999999997], [77.37725, 28.735999999999997]]]}, "properties": {"area_km2": 0.023, "area_ha": 2.3}}, {"type": "Feature", "geometry": {"type": "Polygon", "coordinates": [[[77.37575000000001, 28.49525], [77.37575000000001, 28.4945], [77.376, 28.4945], [77.376, 28.494249999999997], [77.37675, 28.494249999999997], [77.37675, 28.49325], [77.37775, 28.49325], [77.37775, 28.494], [77.37750000000001, 28.494], [77.37750000000001, 28.4945], [77.37675, 28.4945], [77.37675, 28.49525], [77.37575000000001, 28.49525]]]}, "properties": {"area_km2": 0.0224, "area_ha": 2.24}}, {"type": "Feature", "geometry": {"type": "Polygon", "coordinates": [[[77.361, 28.735999999999997], [77.361, 28.735], [77.36175, 28.735], [77.36175, 28.73425], [77.36250000000001, 28.73425], [77.36250000000001, 28.735], [77.36275, 28.735], [77.36275, 28.73575], [77.36175, 28.73575], [77.36175, 28.735999999999997], [77.361, 28.735999999999997]]]}, "properties": {"area_km2": 0.0223, "area_ha": 2.23}}, {"type": "Feature", "geometry": {"type": "Polygon", "coordinates": [[[77.3485, 28.734499999999997], [77.3485, 28.73425], [77.34800000000001, 28.73425], [77.34800000000001, 28.732999999999997], [77.34925000000001, 28.732999999999997], [77.34925000000001, 28.733249999999998], [77.3495, 28.733249999999998], [77.3495, 28.734499999999997], [77.3485, 28.734499999999997]]]}, "properties": {"area_km2": 0.0223, "area_ha": 2.23}}, {"type": "Feature", "geometry": {"type": "Polygon", "coordinates": [[[77.15675, 28.42325], [77.15675, 28.421], [77.15775000000001, 28.421], [77.15775000000001, 28.42175], [77.15750000000001, 28.42175], [77.15750000000001, 28.42325], [77.15675, 28.42325]]]}, "properties": {"area_km2": 0.0204, "area_ha": 2.04}}, {"type": "Feature", "geometry": {"type": "Polygon", "coordinates": [[[77.30625, 28.55175], [77.30625, 28.551499999999997], [77.30600000000001, 28.551499999999997], [77.30600000000001, 28.550749999999997], [77.30625, 28.550749999999997], [77.30625, 28.549999999999997], [77.30725000000001, 28.549999999999997], [77.30725000000001, 28.551], [77.307, 28.551], [77.307, 28.55175], [77.30625, 28.55175]]]}, "properties": {"area_km2": 0.019, "area_ha": 1.9}}, {"type": "Feature", "geometry": {"type": "Polygon", "coordinates": [[[77.11075000000001, 28.545499999999997], [77.11075000000001, 28.544999999999998], [77.11025000000001, 28.544999999999998], [77.11025000000001, 28.544749999999997], [77.11, 28.544749999999997], [77.11, 28.543999999999997], [77.11125000000001, 28.543999999999997], [77.11125000000001, 28.544249999999998], [77.1115, 28.544249999999998], [77.1115, 28.545499999999997], [77.11075000000001, 28.545499999999997]]]}, "properties": {"area_km2": 0.019, "area_ha": 1.9}}, {"type": "Feature", "geometry": {"type": "Polygon", "coordinates": [[[77.37625000000001, 28.464499999999997], [77.37625000000001, 28.46325], [77.37750000000001, 28.46325], [77.37750000000001, 28.463749999999997], [77.37775, 28.463749999999997], [77.37775, 28.464499999999997], [77.37625000000001, 28.464499999999997]]]}, "properties": {"area_km2": 0.019, "area_ha": 1.9}}, {"type": "Feature", "geometry": {"type": "Polygon", "coordinates": [[[77.33500000000001, 28.735], [77.33500000000001, 28.73425], [77.33525, 28.73425], [77.33525, 28.732999999999997], [77.33625, 28.732999999999997], [77.33625, 28.733999999999998], [77.33600000000001, 28.733999999999998], [77.33600000000001, 28.73425], [77.33575, 28.73425], [77.33575, 28.735], [77.33500000000001, 28.735]]]}, "properties": {"area_km2": 0.0189, "area_ha": 1.89}}, {"type": "Feature", "geometry": {"type": "Polygon", "coordinates": [[[77.15025, 28.63525], [77.15025, 28.634999999999998], [77.1495, 28.634999999999998], [77.1495, 28.634249999999998], [77.15050000000001, 28.634249999999998], [77.15050000000001, 28.6345], [77.15150000000001, 28.6345], [77.15150000000001, 28.63525], [77.15025, 28.63525]]]}, "properties": {"area_km2": 0.0169, "area_ha": 1.69}}, {"type": "Feature", "geometry": {"type": "Polygon", "coordinates": [[[77.08775, 28.540499999999998], [77.08775, 28.53925], [77.08900000000001, 28.53925], [77.08900000000001, 28.540499999999998], [77.08775, 28.540499999999998]]]}, "properties": {"area_km2": 0.0169, "area_ha": 1.69}}, {"type": "Feature", "geometry": {"type": "Polygon", "coordinates": [[[77.3255, 28.6235], [77.3255, 28.6225], [77.32625, 28.6225], [77.32625, 28.622], [77.32725, 28.622], [77.32725, 28.62275], [77.32625, 28.62275], [77.32625, 28.6235], [77.3255, 28.6235]]]}, "properties": {"area_km2": 0.0163, "area_ha": 1.63}}, {"type": "Feature", "geometry": {"type": "Polygon", "coordinates": [[[77.2595, 28.589499999999997], [77.2595, 28.589], [77.25925000000001, 28.589], [77.25925000000001, 28.58825], [77.26, 28.58825], [77.26, 28.5885], [77.26075, 28.5885], [77.26075, 28.58925], [77.26050000000001, 28.58925], [77.26050000000001, 28.589499999999997], [77.2595, 28.589499999999997]]]}, "properties": {"area_km2": 0.0163, "area_ha": 1.63}}, {"type": "Feature", "geometry": {"type": "Polygon", "coordinates": [[[77.25150000000001, 28.7015], [77.25150000000001, 28.7], [77.25250000000001, 28.7], [77.25250000000001, 28.7015], [77.25150000000001, 28.7015]]]}, "properties": {"area_km2": 0.0162, "area_ha": 1.62}}, {"type": "Feature", "geometry": {"type": "Polygon", "coordinates": [[[77.04400000000001, 28.6725], [77.04400000000001, 28.671], [77.045, 28.671], [77.045, 28.6725], [77.04400000000001, 28.6725]]]}, "properties": {"area_km2": 0.0162, "area_ha": 1.62}}, {"type": "Feature", "geometry": {"type": "Polygon", "coordinates": [[[77.32525000000001, 28.7395], [77.32525000000001, 28.7385], [77.3255, 28.7385], [77.3255, 28.738249999999997], [77.32650000000001, 28.738249999999997], [77.32650000000001, 28.73925], [77.32625, 28.73925], [77.32625, 28.7395], [77.32525000000001, 28.7395]]]}, "properties": {"area_km2": 0.0156, "area_ha": 1.56}}, {"type": "Feature", "geometry": {"type": "Polygon", "coordinates": [[[77.04050000000001, 28.721249999999998], [77.04050000000001, 28.720499999999998], [77.04075, 28.720499999999998], [77.04075, 28.72025], [77.04100000000001, 28.72025], [77.04100000000001, 28.72], [77.042, 28.72], [77.042, 28.72075], [77.04175000000001, 28.72075], [77.04175000000001, 28.721], [77.04125, 28.721], [77.04125, 28.721249999999998], [77.04050000000001, 28.721249999999998]]]}, "properties": {"area_km2": 0.0156, "area_ha": 1.56}}, {"type": "Feature", "geometry": {"type": "Polygon", "coordinates": [[[77.38075, 28.488999999999997], [77.38075, 28.488], [77.381, 28.488], [77.381, 28.487499999999997], [77.38175000000001, 28.487499999999997], [77.38175000000001, 28.488999999999997], [77.38075, 28.488999999999997]]]}, "properties": {"area_km2": 0.0149, "area_ha": 1.49}}, {"type": "Feature", "geometry": {"type": "Polygon", "coordinates": [[[77.38575, 28.459249999999997], [77.38575, 28.458], [77.38675, 28.458], [77.38675, 28.45825], [77.387, 28.45825], [77.387, 28.459], [77.38650000000001, 28.459], [77.38650000000001, 28.459249999999997], [77.38575, 28.459249999999997]]]}, "properties": {"area_km2": 0.0149, "area_ha": 1.49}}, {"type": "Feature", "geometry": {"type": "Polygon", "coordinates": [[[77.14200000000001, 28.584249999999997], [77.14200000000001, 28.58325], [77.1435, 28.58325], [77.1435, 28.584], [77.14275, 28.584], [77.14275, 28.584249999999997], [77.14200000000001, 28.584249999999997]]]}, "properties": {"area_km2": 0.0142, "area_ha": 1.42}}, {"type": "Feature", "geometry": {"type": "Polygon", "coordinates": [[[77.09775, 28.549], [77.09775, 28.54875], [77.09700000000001, 28.54875], [77.09700000000001, 28.548], [77.0985, 28.548], [77.0985, 28.549], [77.09775, 28.549]]]}, "properties": {"area_km2": 0.0142, "area_ha": 1.42}}, {"type": "Feature", "geometry": {"type": "Polygon", "coordinates": [[[77.29350000000001, 28.572499999999998], [77.29350000000001, 28.571499999999997], [77.29475000000001, 28.571499999999997], [77.29475000000001, 28.572499999999998], [77.29350000000001, 28.572499999999998]]]}, "properties": {"area_km2": 0.0136, "area_ha": 1.36}}, {"type": "Feature", "geometry": {"type": "Polygon", "coordinates": [[[77.19850000000001, 28.4435], [77.19850000000001, 28.4425], [77.19975000000001, 28.4425], [77.19975000000001, 28.4435], [77.19850000000001, 28.4435]]]}, "properties": {"area_km2": 0.0136, "area_ha": 1.36}}, {"type": "Feature", "geometry": {"type": "Polygon", "coordinates": [[[77.241, 28.695249999999998], [77.241, 28.694249999999997], [77.24225000000001, 28.694249999999997], [77.24225000000001, 28.695249999999998], [77.241, 28.695249999999998]]]}, "properties": {"area_km2": 0.0135, "area_ha": 1.35}}, {"type": "Feature", "geometry": {"type": "Polygon", "coordinates": [[[77.248, 28.641499999999997], [77.248, 28.64125], [77.24775000000001, 28.64125], [77.24775000000001, 28.6405], [77.2485, 28.6405], [77.2485, 28.640749999999997], [77.24925, 28.640749999999997], [77.24925, 28.641499999999997], [77.248, 28.641499999999997]]]}, "properties": {"area_km2": 0.0135, "area_ha": 1.35}}, {"type": "Feature", "geometry": {"type": "Polygon", "coordinates": [[[77.3405, 28.718999999999998], [77.3405, 28.718], [77.34175, 28.718], [77.34175, 28.71875], [77.34150000000001, 28.71875], [77.34150000000001, 28.718999999999998], [77.3405, 28.718999999999998]]]}, "properties": {"area_km2": 0.0129, "area_ha": 1.29}}, {"type": "Feature", "geometry": {"type": "Polygon", "coordinates": [[[77.27850000000001, 28.608749999999997], [77.27850000000001, 28.607999999999997], [77.27875, 28.607999999999997], [77.27875, 28.60775], [77.27975, 28.60775], [77.27975, 28.608749999999997], [77.27850000000001, 28.608749999999997]]]}, "properties": {"area_km2": 0.0129, "area_ha": 1.29}}, {"type": "Feature", "geometry": {"type": "Polygon", "coordinates": [[[77.126, 28.56975], [77.126, 28.568749999999998], [77.12725, 28.568749999999998], [77.12725, 28.569499999999998], [77.12700000000001, 28.569499999999998], [77.12700000000001, 28.56975], [77.126, 28.56975]]]}, "properties": {"area_km2": 0.0129, "area_ha": 1.29}}, {"type": "Feature", "geometry": {"type": "Polygon", "coordinates": [[[77.36525, 28.437749999999998], [77.36525, 28.4375], [77.36500000000001, 28.4375], [77.36500000000001, 28.43675], [77.36625000000001, 28.43675], [77.36625000000001, 28.437749999999998], [77.36525, 28.437749999999998]]]}, "properties": {"area_km2": 0.0129, "area_ha": 1.29}}, {"type": "Feature", "geometry": {"type": "Polygon", "coordinates": [[[77.36800000000001, 28.42975], [77.36800000000001, 28.429499999999997], [77.36775, 28.429499999999997], [77.36775, 28.428749999999997], [77.369, 28.428749999999997], [77.369, 28.42975], [77.36800000000001, 28.42975]]]}, "properties": {"area_km2": 0.0129, "area_ha": 1.29}}, {"type": "Feature", "geometry": {"type": "Polygon", "coordinates": [[[77.28825, 28.578999999999997], [77.28825, 28.577749999999998], [77.289, 28.577749999999998], [77.289, 28.578249999999997], [77.28925000000001, 28.578249999999997], [77.28925000000001, 28.578999999999997], [77.28825, 28.578999999999997]]]}, "properties": {"area_km2": 0.0122, "area_ha": 1.22}}, {"type": "Feature", "geometry": {"type": "Polygon", "coordinates": [[[77.378, 28.497249999999998], [77.378, 28.497], [77.37750000000001, 28.497], [77.37750000000001, 28.49625], [77.37875000000001, 28.49625], [77.37875000000001, 28.497249999999998], [77.378, 28.497249999999998]]]}, "properties": {"area_km2": 0.0122, "area_ha": 1.22}}, {"type": "Feature", "geometry": {"type": "Polygon", "coordinates": [[[77.34325000000001, 28.733749999999997], [77.34325000000001, 28.7335], [77.343, 28.7335], [77.343, 28.73275], [77.34375, 28.73275], [77.34375, 28.732999999999997], [77.34425, 28.732999999999997], [77.34425, 28.733749999999997], [77.34325000000001, 28.733749999999997]]]}, "properties": {"area_km2": 0.0115, "area_ha": 1.15}}, {"type": "Feature", "geometry": {"type": "Polygon", "coordinates": [[[77.22375000000001, 28.494999999999997], [77.22375000000001, 28.494], [77.22475, 28.494], [77.22475, 28.494999999999997], [77.22375000000001, 28.494999999999997]]]}, "properties": {"area_km2": 0.0109, "area_ha": 1.09}}, {"type": "Feature", "geometry": {"type": "Polygon", "coordinates": [[[77.046, 28.549999999999997], [77.046, 28.5495], [77.04575000000001, 28.5495], [77.04575000000001, 28.54875], [77.04650000000001, 28.54875], [77.04650000000001, 28.549249999999997], [77.04675, 28.549249999999997], [77.04675, 28.549999999999997], [77.046, 28.549999999999997]]]}, "properties": {"area_km2": 0.0108, "area_ha": 1.08}}, {"type": "Feature", "geometry": {"type": "Polygon", "coordinates": [[[77.357, 28.712249999999997], [77.357, 28.711499999999997], [77.35825000000001, 28.711499999999997], [77.35825000000001, 28.712249999999997], [77.357, 28.712249999999997]]]}, "properties": {"area_km2": 0.0102, "area_ha": 1.02}}, {"type": "Feature", "geometry": {"type": "Polygon", "coordinates": [[[77.09675, 28.660249999999998], [77.09675, 28.659499999999998], [77.09800000000001, 28.659499999999998], [77.09800000000001, 28.660249999999998], [77.09675, 28.660249999999998]]]}, "properties": {"area_km2": 0.0102, "area_ha": 1.02}}, {"type": "Feature", "geometry": {"type": "Polygon", "coordinates": [[[77.0425, 28.651], [77.0425, 28.65025], [77.04375, 28.65025], [77.04375, 28.651], [77.0425, 28.651]]]}, "properties": {"area_km2": 0.0102, "area_ha": 1.02}}, {"type": "Feature", "geometry": {"type": "Polygon", "coordinates": [[[77.05775000000001, 28.639], [77.05775000000001, 28.63825], [77.05900000000001, 28.63825], [77.05900000000001, 28.639], [77.05775000000001, 28.639]]]}, "properties": {"area_km2": 0.0102, "area_ha": 1.02}}, {"type": "Feature", "geometry": {"type": "Polygon", "coordinates": [[[77.1025, 28.57425], [77.1025, 28.573999999999998], [77.10225000000001, 28.573999999999998], [77.10225000000001, 28.573249999999998], [77.10325, 28.573249999999998], [77.10325, 28.57425], [77.1025, 28.57425]]]}, "properties": {"area_km2": 0.0102, "area_ha": 1.02}}, {"type": "Feature", "geometry": {"type": "Polygon", "coordinates": [[[77.10350000000001, 28.565749999999998], [77.10350000000001, 28.564999999999998], [77.10475000000001, 28.564999999999998], [77.10475000000001, 28.565749999999998], [77.10350000000001, 28.565749999999998]]]}, "properties": {"area_km2": 0.0102, "area_ha": 1.02}}, {"type": "Feature", "geometry": {"type": "Polygon", "coordinates": [[[77.08000000000001, 28.5585], [77.08000000000001, 28.557499999999997], [77.08075000000001, 28.557499999999997], [77.08075000000001, 28.55775], [77.081, 28.55775], [77.081, 28.5585], [77.08000000000001, 28.5585]]]}, "properties": {"area_km2": 0.0102, "area_ha": 1.02}}, {"type": "Feature", "geometry": {"type": "Polygon", "coordinates": [[[77.1145, 28.558249999999997], [77.1145, 28.557], [77.11525, 28.557], [77.11525, 28.558249999999997], [77.1145, 28.558249999999997]]]}, "properties": {"area_km2": 0.0102, "area_ha": 1.02}}, {"type": "Feature", "geometry": {"type": "Polygon", "coordinates": [[[77.31575000000001, 28.550749999999997], [77.31575000000001, 28.54975], [77.3165, 28.54975], [77.3165, 28.549999999999997], [77.31675000000001, 28.549999999999997], [77.31675000000001, 28.550749999999997], [77.31575000000001, 28.550749999999997]]]}, "properties": {"area_km2": 0.0102, "area_ha": 1.02}}, {"type": "Feature", "geometry": {"type": "Polygon", "coordinates": [[[77.3285, 28.4885], [77.3285, 28.48725], [77.32925, 28.48725], [77.32925, 28.4885], [77.3285, 28.4885]]]}, "properties": {"area_km2": 0.0102, "area_ha": 1.02}}, {"type": "Feature", "geometry": {"type": "Polygon", "coordinates": [[[77.34700000000001, 28.7395], [77.34700000000001, 28.7385], [77.34775, 28.7385], [77.34775, 28.7395], [77.34700000000001, 28.7395]]]}, "properties": {"area_km2": 0.0081, "area_ha": 0.81}}, {"type": "Feature", "geometry": {"type": "Polygon", "coordinates": [[[77.3275, 28.73725], [77.3275, 28.7365], [77.3285, 28.7365], [77.3285, 28.73725], [77.3275, 28.73725]]]}, "properties": {"area_km2": 0.0081, "area_ha": 0.81}}, {"type": "Feature", "geometry": {"type": "Polygon", "coordinates": [[[77.19600000000001, 28.730249999999998], [77.19600000000001, 28.729499999999998], [77.197, 28.729499999999998], [77.197, 28.730249999999998], [77.19600000000001, 28.730249999999998]]]}, "properties": {"area_km2": 0.0081, "area_ha": 0.81}}, {"type": "Feature", "geometry": {"type": "Polygon", "coordinates": [[[77.20375, 28.727999999999998], [77.20375, 28.727249999999998], [77.20475, 28.727249999999998], [77.20475, 28.727999999999998], [77.20375, 28.727999999999998]]]}, "properties": {"area_km2": 0.0081, "area_ha": 0.81}}, {"type": "Feature", "geometry": {"type": "Polygon", "coordinates": [[[77.058, 28.710749999999997], [77.058, 28.709999999999997], [77.05900000000001, 28.709999999999997], [77.05900000000001, 28.710749999999997], [77.058, 28.710749999999997]]]}, "properties": {"area_km2": 0.0081, "area_ha": 0.81}}, {"type": "Feature", "geometry": {"type": "Polygon", "coordinates": [[[77.0955, 28.659], [77.0955, 28.657999999999998], [77.09625000000001, 28.657999999999998], [77.09625000000001, 28.659], [77.0955, 28.659]]]}, "properties": {"area_km2": 0.0081, "area_ha": 0.81}}, {"type": "Feature", "geometry": {"type": "Polygon", "coordinates": [[[77.26725, 28.619], [77.26725, 28.618], [77.268, 28.618], [77.268, 28.619], [77.26725, 28.619]]]}, "properties": {"area_km2": 0.0081, "area_ha": 0.81}}, {"type": "Feature", "geometry": {"type": "Polygon", "coordinates": [[[77.27050000000001, 28.602249999999998], [77.27050000000001, 28.601249999999997], [77.27125000000001, 28.601249999999997], [77.27125000000001, 28.602249999999998], [77.27050000000001, 28.602249999999998]]]}, "properties": {"area_km2": 0.0081, "area_ha": 0.81}}, {"type": "Feature", "geometry": {"type": "Polygon", "coordinates": [[[77.2745, 28.593], [77.2745, 28.592], [77.27525, 28.592], [77.27525, 28.593], [77.2745, 28.593]]]}, "properties": {"area_km2": 0.0081, "area_ha": 0.81}}, {"type": "Feature", "geometry": {"type": "Polygon", "coordinates": [[[77.04525000000001, 28.556749999999997], [77.04525000000001, 28.555999999999997], [77.04625, 28.555999999999997], [77.04625, 28.556749999999997], [77.04525000000001, 28.556749999999997]]]}, "properties": {"area_km2": 0.0081, "area_ha": 0.81}}, {"type": "Feature", "geometry": {"type": "Polygon", "coordinates": [[[77.09, 28.551499999999997], [77.09, 28.550749999999997], [77.09100000000001, 28.550749999999997], [77.09100000000001, 28.551499999999997], [77.09, 28.551499999999997]]]}, "properties": {"area_km2": 0.0081, "area_ha": 0.81}}, {"type": "Feature", "geometry": {"type": "Polygon", "coordinates": [[[77.04050000000001, 28.54725], [77.04050000000001, 28.546499999999998], [77.0415, 28.546499999999998], [77.0415, 28.54725], [77.04050000000001, 28.54725]]]}, "properties": {"area_km2": 0.0081, "area_ha": 0.81}}, {"type": "Feature", "geometry": {"type": "Polygon", "coordinates": [[[77.117, 28.505999999999997], [77.117, 28.505249999999997], [77.11800000000001, 28.505249999999997], [77.11800000000001, 28.505999999999997], [77.117, 28.505999999999997]]]}, "properties": {"area_km2": 0.0081, "area_ha": 0.81}}, {"type": "Feature", "geometry": {"type": "Polygon", "coordinates": [[[77.11825, 28.50575], [77.11825, 28.504749999999998], [77.119, 28.504749999999998], [77.119, 28.50575], [77.11825, 28.50575]]]}, "properties": {"area_km2": 0.0081, "area_ha": 0.81}}, {"type": "Feature", "geometry": {"type": "Polygon", "coordinates": [[[77.385, 28.462249999999997], [77.385, 28.461499999999997], [77.38600000000001, 28.461499999999997], [77.38600000000001, 28.462249999999997], [77.385, 28.462249999999997]]]}, "properties": {"area_km2": 0.0081, "area_ha": 0.81}}, {"type": "Feature", "geometry": {"type": "Polygon", "coordinates": [[[77.355, 28.440749999999998], [77.355, 28.43975], [77.35575, 28.43975], [77.35575, 28.440749999999998], [77.355, 28.440749999999998]]]}, "properties": {"area_km2": 0.0081, "area_ha": 0.81}}, {"type": "Feature", "geometry": {"type": "Polygon", "coordinates": [[[77.12575000000001, 28.43575], [77.12575000000001, 28.435], [77.12675, 28.435], [77.12675, 28.43575], [77.12575000000001, 28.43575]]]}, "properties": {"area_km2": 0.0081, "area_ha": 0.81}}, {"type": "Feature", "geometry": {"type": "Polygon", "coordinates": [[[77.369, 28.73425], [77.369, 28.7335], [77.36975000000001, 28.7335], [77.36975000000001, 28.73425], [77.369, 28.73425]]]}, "properties": {"area_km2": 0.0061, "area_ha": 0.61}}, {"type": "Feature", "geometry": {"type": "Polygon", "coordinates": [[[77.3585, 28.73275], [77.3585, 28.732], [77.35925, 28.732], [77.35925, 28.73275], [77.3585, 28.73275]]]}, "properties": {"area_km2": 0.0061, "area_ha": 0.61}}, {"type": "Feature", "geometry": {"type": "Polygon", "coordinates": [[[77.23425, 28.71575], [77.23425, 28.715], [77.235, 28.715], [77.235, 28.71575], [77.23425, 28.71575]]]}, "properties": {"area_km2": 0.0061, "area_ha": 0.61}}, {"type": "Feature", "geometry": {"type": "Polygon", "coordinates": [[[77.22000000000001, 28.71475], [77.22000000000001, 28.714], [77.22075000000001, 28.714], [77.22075000000001, 28.71475], [77.22000000000001, 28.71475]]]}, "properties": {"area_km2": 0.0061, "area_ha": 0.61}}, {"type": "Feature", "geometry": {"type": "Polygon", "coordinates": [[[77.35950000000001, 28.7125], [77.35950000000001, 28.71175], [77.36025000000001, 28.71175], [77.36025000000001, 28.7125], [77.35950000000001, 28.7125]]]}, "properties": {"area_km2": 0.0061, "area_ha": 0.61}}, {"type": "Feature", "geometry": {"type": "Polygon", "coordinates": [[[77.12375, 28.659499999999998], [77.12375, 28.658749999999998], [77.12450000000001, 28.658749999999998], [77.12450000000001, 28.659499999999998], [77.12375, 28.659499999999998]]]}, "properties": {"area_km2": 0.0061, "area_ha": 0.61}}, {"type": "Feature", "geometry": {"type": "Polygon", "coordinates": [[[77.04400000000001, 28.651249999999997], [77.04400000000001, 28.650499999999997], [77.04475000000001, 28.650499999999997], [77.04475000000001, 28.651249999999997], [77.04400000000001, 28.651249999999997]]]}, "properties": {"area_km2": 0.0061, "area_ha": 0.61}}, {"type": "Feature", "geometry": {"type": "Polygon", "coordinates": [[[77.24875, 28.648999999999997], [77.24875, 28.648249999999997], [77.24950000000001, 28.648249999999997], [77.24950000000001, 28.648999999999997], [77.24875, 28.648999999999997]]]}, "properties": {"area_km2": 0.0061, "area_ha": 0.61}}, {"type": "Feature", "geometry": {"type": "Polygon", "coordinates": [[[77.25225, 28.648], [77.25225, 28.64725], [77.253, 28.64725], [77.253, 28.648], [77.25225, 28.648]]]}, "properties": {"area_km2": 0.0061, "area_ha": 0.61}}, {"type": "Feature", "geometry": {"type": "Polygon", "coordinates": [[[77.25850000000001, 28.633], [77.25850000000001, 28.63225], [77.25925000000001, 28.63225], [77.25925000000001, 28.633], [77.25850000000001, 28.633]]]}, "properties": {"area_km2": 0.0061, "area_ha": 0.61}}, {"type": "Feature", "geometry": {"type": "Polygon", "coordinates": [[[77.26225000000001, 28.599249999999998], [77.26225000000001, 28.598499999999998], [77.263, 28.598499999999998], [77.263, 28.599249999999998], [77.26225000000001, 28.599249999999998]]]}, "properties": {"area_km2": 0.0061, "area_ha": 0.61}}, {"type": "Feature", "geometry": {"type": "Polygon", "coordinates": [[[77.268, 28.59], [77.268, 28.58925], [77.26875000000001, 28.58925], [77.26875000000001, 28.59], [77.268, 28.59]]]}, "properties": {"area_km2": 0.0061, "area_ha": 0.61}}, {"type": "Feature", "geometry": {"type": "Polygon", "coordinates": [[[77.12950000000001, 28.586499999999997], [77.12950000000001, 28.585749999999997], [77.13025, 28.585749999999997], [77.13025, 28.586499999999997], [77.12950000000001, 28.586499999999997]]]}, "properties": {"area_km2": 0.0061, "area_ha": 0.61}}, {"type": "Feature", "geometry": {"type": "Polygon", "coordinates": [[[77.34825000000001, 28.583499999999997], [77.34825000000001, 28.582749999999997], [77.349, 28.582749999999997], [77.349, 28.583499999999997], [77.34825000000001, 28.583499999999997]]]}, "properties": {"area_km2": 0.0061, "area_ha": 0.61}}, {"type": "Feature", "geometry": {"type": "Polygon", "coordinates": [[[77.28775, 28.58175], [77.28775, 28.581], [77.28850000000001, 28.581], [77.28850000000001, 28.58175], [77.28775, 28.58175]]]}, "properties": {"area_km2": 0.0061, "area_ha": 0.61}}, {"type": "Feature", "geometry": {"type": "Polygon", "coordinates": [[[77.2925, 28.570999999999998], [77.2925, 28.570249999999998], [77.29325, 28.570249999999998], [77.29325, 28.570999999999998], [77.2925, 28.570999999999998]]]}, "properties": {"area_km2": 0.0061, "area_ha": 0.61}}, {"type": "Feature", "geometry": {"type": "Polygon", "coordinates": [[[77.298, 28.569249999999997], [77.298, 28.568499999999997], [77.29875000000001, 28.568499999999997], [77.29875000000001, 28.569249999999997], [77.298, 28.569249999999997]]]}, "properties": {"area_km2": 0.0061, "area_ha": 0.61}}, {"type": "Feature", "geometry": {"type": "Polygon", "coordinates": [[[77.1045, 28.56675], [77.1045, 28.566], [77.10525000000001, 28.566], [77.10525000000001, 28.56675], [77.1045, 28.56675]]]}, "properties": {"area_km2": 0.0061, "area_ha": 0.61}}, {"type": "Feature", "geometry": {"type": "Polygon", "coordinates": [[[77.313, 28.556749999999997], [77.313, 28.555999999999997], [77.31375000000001, 28.555999999999997], [77.31375000000001, 28.556749999999997], [77.313, 28.556749999999997]]]}, "properties": {"area_km2": 0.0061, "area_ha": 0.61}}, {"type": "Feature", "geometry": {"type": "Polygon", "coordinates": [[[77.08500000000001, 28.55625], [77.08500000000001, 28.5555], [77.08575, 28.5555], [77.08575, 28.55625], [77.08500000000001, 28.55625]]]}, "properties": {"area_km2": 0.0061, "area_ha": 0.61}}, {"type": "Feature", "geometry": {"type": "Polygon", "coordinates": [[[77.06125, 28.529249999999998], [77.06125, 28.528499999999998], [77.06200000000001, 28.528499999999998], [77.06200000000001, 28.529249999999998], [77.06125, 28.529249999999998]]]}, "properties": {"area_km2": 0.0061, "area_ha": 0.61}}, {"type": "Feature", "geometry": {"type": "Polygon", "coordinates": [[[77.343, 28.50725], [77.343, 28.5065], [77.34375, 28.5065], [77.34375, 28.50725], [77.343, 28.50725]]]}, "properties": {"area_km2": 0.0061, "area_ha": 0.61}}, {"type": "Feature", "geometry": {"type": "Polygon", "coordinates": [[[77.33300000000001, 28.49675], [77.33300000000001, 28.496], [77.33375000000001, 28.496], [77.33375000000001, 28.49675], [77.33300000000001, 28.49675]]]}, "properties": {"area_km2": 0.0061, "area_ha": 0.61}}, {"type": "Feature", "geometry": {"type": "Polygon", "coordinates": [[[77.37225000000001, 28.49525], [77.37225000000001, 28.4945], [77.373, 28.4945], [77.373, 28.49525], [77.37225000000001, 28.49525]]]}, "properties": {"area_km2": 0.0061, "area_ha": 0.61}}, {"type": "Feature", "geometry": {"type": "Polygon", "coordinates": [[[77.32900000000001, 28.48475], [77.32900000000001, 28.483999999999998], [77.32975, 28.483999999999998], [77.32975, 28.48475], [77.32900000000001, 28.48475]]]}, "properties": {"area_km2": 0.0061, "area_ha": 0.61}}, {"type": "Feature", "geometry": {"type": "Polygon", "coordinates": [[[77.37525000000001, 28.465999999999998], [77.37525000000001, 28.465249999999997], [77.376, 28.465249999999997], [77.376, 28.465999999999998], [77.37525000000001, 28.465999999999998]]]}, "properties": {"area_km2": 0.0061, "area_ha": 0.61}}, {"type": "Feature", "geometry": {"type": "Polygon", "coordinates": [[[77.1045, 28.451249999999998], [77.1045, 28.450499999999998], [77.10525000000001, 28.450499999999998], [77.10525000000001, 28.451249999999998], [77.1045, 28.451249999999998]]]}, "properties": {"area_km2": 0.0061, "area_ha": 0.61}}, {"type": "Feature", "geometry": {"type": "Polygon", "coordinates": [[[77.36250000000001, 28.435], [77.36250000000001, 28.43425], [77.36325000000001, 28.43425], [77.36325000000001, 28.435], [77.36250000000001, 28.435]]]}, "properties": {"area_km2": 0.0061, "area_ha": 0.61}}, {"type": "Feature", "geometry": {"type": "Polygon", "coordinates": [[[77.15325, 28.421249999999997], [77.15325, 28.420499999999997], [77.15400000000001, 28.420499999999997], [77.15400000000001, 28.421249999999997], [77.15325, 28.421249999999997]]]}, "properties": {"area_km2": 0.0061, "area_ha": 0.61}}]}