{"type": "FeatureCollection", "name": "perm_pass-20260827-00", "features": [{"type": "Feature", "geometry": {"type": "Polygon", "coordinates": [[[77.1025, 28.577499999999997], [77.1025, 28.57725], [77.10225000000001, 28.57725], [77.10225000000001, 28.5765], [77.1025, 28.5765], [77.1025, 28.576249999999998], [77.10275, 28.576249999999998], [77.10275, 28.575999999999997], [77.104, 28.575999999999997], [77.104, 28.57575], [77.10425000000001, 28.57575], [77.10425000000001, 28.575], [77.104, 28.575], [77.104, 28.574749999999998], [77.10350000000001, 28.574749999999998], [77.10350000000001, 28.574499999999997], [77.10325, 28.574499999999997], [77.10325, 28.5735], [77.10300000000001, 28.5735], [77.10300000000001, 28.573249999999998], [77.1025, 28.573249999999998], [77.1025, 28.572999999999997], [77.10175000000001, 28.572999999999997], [77.10175000000001, 28.57275], [77.10000000000001, 28.57275], [77.10000000000001, 28.572499999999998], [77.09675, 28.572499999999998], [77.09675, 28.57275], [77.0955, 28.57275], [77.0955, 28.572499999999998], [77.09475, 28.572499999999998], [77.09475, 28.57275], [77.09400000000001, 28.57275], [77.09400000000001, 28.572499999999998], [77.0935, 28.572499999999998], [77.0935, 28.572249999999997], [77.09325000000001, 28.572249999999997], [77.09325000000001, 28.57125], [77.093, 28.57125], [77.093, 28.570999999999998], [77.08925, 28.570999999999998], [77.08925, 28.57125], [77.08800000000001, 28.57125], [77.08800000000001, 28.571499999999997], [77.08775, 28.571499999999997], [77.08775, 28.57125], [77.087, 28.57125], [77.087, 28.570999999999998], [77.08675000000001, 28.570999999999998], [77.08675000000001, 28.570749999999997], [77.08525, 28.570749999999997], [77.08525, 28.570999999999998], [77.08475, 28.570999999999998], [77.08475, 28.5705], [77.08525, 28.5705], [77.08525, 28.570249999999998], [77.08575, 28.570249999999998], [77.08575, 28.569999999999997], [77.08600000000001, 28.569999999999997], [77.08600000000001, 28.569249999999997], [77.08475, 28.569249999999997], [77.08475, 28.569499999999998], [77.08425000000001, 28.569499999999998], [77.08425000000001, 28.570249999999998], [77.0845, 28.570249999999998], [77.0845, 28.5705], [77.084, 28.5705], [77.084, 28.56975], [77.08225, 28.56975], [77.08225, 28.569249999999997], [77.08250000000001, 28.569249999999997], [77.08250000000001, 28.569], [77.08425000000001, 28.569], [77.08425000000001, 28.568749999999998], [77.08500000000001, 28.568749999999998], [77.08500000000001, 28.568499999999997], [77.08525, 28.568499999999997], [77.08525, 28.567749999999997], [77.08375000000001, 28.567749999999997], [77.08375000000001, 28.567999999999998], [77.08225, 28.567999999999998], [77.08225, 28.56825], [77.08200000000001, 28.56825], [77.08200000000001, 28.567749999999997], [77.08225, 28.567749999999997], [77.08225, 28.5675], [77.08325, 28.5675], [77.08325, 28.56675], [77.08300000000001, 28.56675], [77.08300000000001, 28.566499999999998], [77.08275, 28.566499999999998], [77.08275, 28.56625], [77.08250000000001, 28.56625], [77.08250000000001, 28.566], [77.08200000000001, 28.566], [77.08200000000001, 28.565749999999998], [77.0815, 28.565749999999998], [77.0815, 28.5655], [77.081, 28.5655], [77.081, 28.56525], [77.08000000000001, 28.56525], [77.08000000000001, 28.564999999999998], [77.07900000000001, 28.564999999999998], [77.07900000000001, 28.56475], [77.078, 28.56475], [77.078, 28.5645], [77.0775, 28.5645], [77.0775, 28.564249999999998], [77.07775000000001, 28.564249999999998], [77.07775000000001, 28.564], [77.0785, 28.564], [77.0785, 28.56375], [77.07900000000001, 28.56375], [77.07900000000001, 28.563499999999998], [77.07925, 28.563499999999998], [77.07925, 28.562749999999998], [77.07900000000001, 28.562749999999998], [77.07900000000001, 28.561999999999998], [77.07875, 28.561999999999998], [77.07875, 28.5615], [77.07775000000001, 28.5615], [77.07775000000001, 28.56225], [77.07725, 28.56225], [77.07725, 28.561999999999998], [77.07700000000001, 28.561999999999998], [77.07700000000001, 28.5615], [77.07675, 28.5615], [77.07675, 28.561249999999998], [77.07700000000001, 28.561249999999998], [77.07700000000001, 28.56075], [77.07825000000001, 28.56075], [77.07825000000001, 28.559749999999998], [77.078, 28.559749999999998], [77.078, 28.55925], [77.07700000000001, 28.55925], [77.07700000000001, 28.558999999999997], [77.07675, 28.558999999999997], [77.07675, 28.558249999999997], [77.07650000000001, 28.558249999999997], [77.07650000000001, 28.558], [77.0775, 28.558], [77.0775, 28.557], [77.07725, 28.557], [77.07725, 28.555999999999997], [77.07700000000001, 28.555999999999997], [77.07700000000001, 28.555], [77.07675, 28.555], [77.07675, 28.55475], [77.07650000000001, 28.55475], [77.07650000000001, 28.5535], [77.07625, 28.5535], [77.07625, 28.5525], [77.07575, 28.5525], [77.07575, 28.552249999999997], [77.0745, 28.552249999999997], [77.0745, 28.5525], [77.07375, 28.5525], [77.07375, 28.55275], [77.0725, 28.55275], [77.0725, 28.552999999999997], [77.0715, 28.552999999999997], [77.0715, 28.55325], [77.07025, 28.55325], [77.07025, 28.5535], [77.0685, 28.5535], [77.0685, 28.553749999999997], [77.06775, 28.553749999999997], [77.06775, 28.554], [77.06725, 28.554], [77.06725, 28.553749999999997], [77.06675000000001, 28.553749999999997], [77.06675000000001, 28.55325], [77.0665, 28.55325], [77.0665, 28.552249999999997], [77.06700000000001, 28.552249999999997], [77.06700000000001, 28.55125], [77.06750000000001, 28.55125], [77.06750000000001, 28.549999999999997], [77.06725, 28.549999999999997], [77.06725, 28.54975], [77.06575000000001, 28.54975], [77.06575000000001, 28.551], [77.066, 28.551], [77.066, 28.55125], [77.06525, 28.55125], [77.06525, 28.551499999999997], [77.06500000000001, 28.551499999999997], [77.06500000000001, 28.550749999999997], [77.06475, 28.550749999999997], [77.06475, 28.5505], [77.06500000000001, 28.5505], [77.06500000000001, 28.5495], [77.06475, 28.5495], [77.06475, 28.549249999999997], [77.06425, 28.549249999999997], [77.06425, 28.54825], [77.06375000000001, 28.54825], [77.06375000000001, 28.548], [77.06325000000001, 28.548], [77.06325000000001, 28.5475], [77.06275000000001, 28.5475], [77.06275000000001, 28.54725], [77.06400000000001, 28.54725], [77.06400000000001, 28.54675], [77.06475, 28.54675], [77.06475, 28.54525], [77.0655, 28.54525], [77.0655, 28.544749999999997], [77.06675000000001, 28.544749999999997], [77.06675000000001, 28.5445], [77.06700000000001, 28.5445], [77.06700000000001, 28.544749999999997], [77.06775, 28.544749999999997], [77.06775, 28.5445], [77.069, 28.5445], [77.069, 28.544249999999998], [77.07075, 28.544249999999998], [77.07075, 28.543499999999998], [77.07050000000001, 28.543499999999998], [77.07050000000001, 28.543249999999997], [77.07075, 28.543249999999997], [77.07075, 28.543], [77.07125, 28.543], [77.07125, 28.54375], [77.072, 28.54375], [77.072, 28.543499999999998], [77.07350000000001, 28.543499999999998], [77.07350000000001, 28.54375], [77.07525000000001, 28.54375], [77.07525000000001, 28.543999999999997], [77.0755, 28.543999999999997], [77.0755, 28.544249999999998], [77.07725, 28.544249999999998], [77.07725, 28.543499999999998], [77.07625, 28.543499999999998], [77.07625, 28.543249999999997], [77.07600000000001, 28.543249999999997], [77.07600000000001, 28.543], [77.07725, 28.543], [77.07725, 28.542749999999998], [77.0775, 28.542749999999998], [77.0775, 28.54225], [77.07775000000001, 28.54225], [77.07775000000001, 28.5415], [77.078, 28.5415], [77.078, 28.541999999999998], [77.07975, 28.541999999999998], [77.07975, 28.541749999999997], [77.08000000000001, 28.541749999999997], [77.08000000000001, 28.540999999999997], [77.0805, 28.540999999999997], [77.0805, 28.5415], [77.0815, 28.5415], [77.0815, 28.541999999999998], [77.08225, 28.541999999999998], [77.08225, 28.540999999999997], [77.0835, 28.540999999999997], [77.0835, 28.540249999999997], [77.08250000000001, 28.540249999999997], [77.08250000000001, 28.54], [77.0835, 28.54], [77.0835, 28.539749999999998], [77.08375000000001, 28.539749999999998], [77.08375000000001, 28.540249999999997], [77.08475, 28.540249999999997], [77.08475, 28.540499999999998], [77.08525, 28.540499999999998], [77.08525, 28.54075], [77.08550000000001, 28.54075], [77.08550000000001, 28.540999999999997], [77.08500000000001, 28.540999999999997], [77.08500000000001, 28.541749999999997], [77.08550000000001, 28.541749999999997], [77.08550000000001, 28.541999999999998], [77.0865, 28.541999999999998], [77.0865, 28.541249999999998], [77.08575, 28.541249999999998], [77.08575, 28.540999999999997], [77.08675000000001, 28.540999999999997], [77.08675000000001, 28.54], [77.08625, 28.54], [77.08625, 28.539749999999998], [77.087, 28.539749999999998], [77.087, 28.540249999999997], [77.08725000000001, 28.540249999999997], [77.08725000000001, 28.54075], [77.0875, 28.54075], [77.0875, 28.540999999999997], [77.08775, 28.540999999999997], [77.08775, 28.5415], [77.08850000000001, 28.5415], [77.08850000000001, 28.540999999999997], [77.09, 28.540999999999997], [77.09, 28.541249999999998], [77.09100000000001, 28.541249999999998], [77.09100000000001, 28.540999999999997], [77.09125, 28.540999999999997], [77.09125, 28.540249999999997], [77.09225, 28.540249999999997], [77.09225, 28.54], [77.093, 28.54], [77.093, 28.540249999999997], [77.0955, 28.540249999999997], [77.0955, 28.53925], [77.09475, 28.53925], [77.09475, 28.5385], [77.09525000000001, 28.5385], [77.09525000000001, 28.538749999999997], [77.09575000000001, 28.538749999999997], [77.09575000000001, 28.538999999999998], [77.09625000000001, 28.538999999999998], [77.09625000000001, 28.53925], [77.09675, 28.53925], [77.09675, 28.539749999999998], [77.09750000000001, 28.539749999999998], [77.09750000000001, 28.539499999999997], [77.09800000000001, 28.539499999999997], [77.09800000000001, 28.539749999999998], [77.09875000000001, 28.539749999999998], [77.09875000000001, 28.539499999999997], [77.09925000000001, 28.539499999999997], [77.09925000000001, 28.53925], [77.10100000000001, 28.53925], [77.10100000000001, 28.538999999999998], [77.10175000000001, 28.538999999999998], [77.10175000000001, 28.538749999999997], [77.10300000000001, 28.538749999999997], [77.10300000000001, 28.5385], [77.104, 28.5385], [77.104, 28.538249999999998], [77.1055, 28.538249999999998], [77.1055, 28.537999999999997], [77.107, 28.537999999999997], [77.107, 28.537249999999997], [77.10825000000001, 28.537249999999997], [77.10825000000001, 28.537], [77.11025000000001, 28.537], [77.11025000000001, 28.536749999999998], [77.1105, 28.536749999999998], [77.1105, 28.537249999999997], [77.11075000000001, 28.537249999999997], [77.11075000000001, 28.537999999999997], [77.111, 28.537999999999997], [77.111, 28.538249999999998], [77.1115, 28.538249999999998], [77.1115, 28.5385], [77.11125000000001, 28.5385], [77.11125000000001, 28.54], [77.1115, 28.54], [77.1115, 28.540249999999997], [77.11225, 28.540249999999997], [77.11225, 28.538999999999998], [77.11250000000001, 28.538999999999998], [77.11250000000001, 28.538749999999997], [77.11275, 28.538749999999997], [77.11275, 28.538999999999998], [77.1135, 28.538999999999998], [77.1135, 28.538749999999997], [77.11375000000001, 28.538749999999997], [77.11375000000001, 28.538999999999998], [77.1145, 28.538999999999998], [77.1145, 28.539499999999997], [77.11475, 28.539499999999997], [77.11475, 28.540499999999998], [77.11500000000001, 28.540499999999998], [77.11500000000001, 28.54075], [77.11525, 28.54075], [77.11525, 28.540999999999997], [77.11500000000001, 28.540999999999997], [77.11500000000001, 28.541249999999998], [77.11425000000001, 28.541249999999998], [77.11425000000001, 28.540249999999997], [77.1135, 28.540249999999997], [77.1135, 28.5415], [77.113, 28.5415], [77.113, 28.541249999999998], [77.11225, 28.541249999999998], [77.11225, 28.541999999999998], [77.11250000000001, 28.541999999999998], [77.11250000000001, 28.543249999999997], [77.11225, 28.543249999999997], [77.11225, 28.543499999999998], [77.11200000000001, 28.543499999999998], [77.11200000000001, 28.54375], [77.1115, 28.54375], [77.1115, 28.544749999999997], [77.11175, 28.544749999999997], [77.11175, 28.545499999999997], [77.11200000000001, 28.545499999999997], [77.11200000000001, 28.546499999999998], [77.11225, 28.546499999999998], [77.11225, 28.5475], [77.11250000000001, 28.5475], [77.11250000000001, 28.54825], [77.11275, 28.54825], [77.11275, 28.549], [77.113, 28.549], [77.113, 28.5495], [77.11325000000001, 28.5495], [77.11325000000001, 28.55025], [77.1135, 28.55025], [77.1135, 28.551499999999997], [77.11375000000001, 28.551499999999997], [77.11375000000001, 28.552], [77.114, 28.552], [77.114, 28.5535], [77.11425000000001, 28.5535], [77.11425000000001, 28.554499999999997], [77.1145, 28.554499999999997], [77.1145, 28.555], [77.11475, 28.555], [77.11475, 28.55575], [77.11500000000001, 28.55575], [77.11500000000001, 28.5565], [77.11525, 28.5565], [77.11525, 28.557], [77.11675000000001, 28.557], [77.11675000000001, 28.555999999999997], [77.11725000000001, 28.555999999999997], [77.11725000000001, 28.55575], [77.1175, 28.55575], [77.1175, 28.5565], [77.11825, 28.5565], [77.11825, 28.555], [77.11800000000001, 28.555], [77.11800000000001, 28.5535], [77.11875, 28.5535], [77.11875, 28.55425], [77.119, 28.55425], [77.119, 28.55475], [77.11925000000001, 28.55475], [77.11925000000001, 28.555249999999997], [77.1195, 28.555249999999997], [77.1195, 28.555999999999997], [77.11925000000001, 28.555999999999997], [77.11925000000001, 28.556749999999997], [77.1195, 28.556749999999997], [77.1195, 28.557], [77.12075, 28.557], [77.12075, 28.556749999999997], [77.12225000000001, 28.556749999999997], [77.12225000000001, 28.5565], [77.12325000000001, 28.5565], [77.12325000000001, 28.558], [77.12400000000001, 28.558], [77.12400000000001, 28.558249999999997], [77.12450000000001, 28.558249999999997], [77.12450000000001, 28.55875], [77.12375, 28.55875], [77.12375, 28.559749999999998], [77.12325000000001, 28.559749999999998], [77.12325000000001, 28.560499999999998], [77.123, 28.560499999999998], [77.123, 28.559749999999998], [77.12175, 28.559749999999998], [77.12175, 28.5595], [77.12075, 28.5595], [77.12075, 28.559749999999998], [77.12025000000001, 28.559749999999998], [77.12025000000001, 28.56025], [77.12, 28.56025], [77.12, 28.560499999999998], [77.11975000000001, 28.560499999999998], [77.11975000000001, 28.56075], [77.11925000000001, 28.56075], [77.11925000000001, 28.560499999999998], [77.119, 28.560499999999998], [77.119, 28.56], [77.11825, 28.56], [77.11825, 28.561249999999998], [77.11800000000001, 28.561249999999998], [77.11800000000001, 28.563], [77.11825, 28.563], [77.11825, 28.56375], [77.11675000000001, 28.56375], [77.11675000000001, 28.564], [77.11575, 28.564], [77.11575, 28.564249999999998], [77.1145, 28.564249999999998], [77.1145, 28.5645], [77.11375000000001, 28.5645], [77.11375000000001, 28.56475], [77.1135, 28.56475], [77.1135, 28.5655], [77.11375000000001, 28.5655], [77.11375000000001, 28.566], [77.114, 28.566], [77.114, 28.56625], [77.116, 28.56625], [77.116, 28.566], [77.11675000000001, 28.566], [77.11675000000001, 28.565749999999998], [77.11850000000001, 28.565749999999998], [77.11850000000001, 28.5655], [77.119, 28.5655], [77.119, 28.56525], [77.1195, 28.56525], [77.1195, 28.565749999999998], [77.11925000000001, 28.565749999999998], [77.11925000000001, 28.568499999999997], [77.11775, 28.568499999999997], [77.11775, 28.568749999999998], [77.1175, 28.568749999999998], [77.1175, 28.569499999999998], [77.11725000000001, 28.569499999999998], [77.11725000000001, 28.56975], [77.117, 28.56975], [77.117, 28.570999999999998], [77.1165, 28.570999999999998], [77.1165, 28.57125], [77.11525, 28.57125], [77.11525, 28.571499999999997], [77.11500000000001, 28.571499999999997], [77.11500000000001, 28.572249999999997], [77.114, 28.572249999999997], [77.114, 28.572499999999998], [77.1135, 28.572499999999998], [77.1135, 28.5735], [77.1145, 28.5735], [77.1145, 28.573249999999998], [77.11500000000001, 28.573249999999998], [77.11500000000001, 28.572999999999997], [77.11525, 28.572999999999997], [77.11525, 28.57275], [77.11575, 28.57275], [77.11575, 28.572499999999998], [77.11625000000001, 28.572499999999998], [77.11625000000001, 28.573249999999998], [77.1165, 28.573249999999998], [77.1165, 28.5735], [77.11625000000001, 28.5735], [77.11625000000001, 28.573749999999997], [77.116, 28.573749999999997], [77.116, 28.5735], [77.11500000000001, 28.5735], [77.11500000000001, 28.573749999999997], [77.11475, 28.573749999999997], [77.11475, 28.574499999999997], [77.1145, 28.574499999999997], [77.1145, 28.574749999999998], [77.114, 28.574749999999998], [77.114, 28.575], [77.11250000000001, 28.575], [77.11250000000001, 28.575249999999997], [77.11200000000001, 28.575249999999997], [77.11200000000001, 28.575499999999998], [77.11175, 28.575499999999998], [77.11175, 28.57575], [77.111, 28.57575], [77.111, 28.575249999999997], [77.11125000000001, 28.575249999999997], [77.11125000000001, 28.575], [77.1115, 28.575], [77.1115, 28.574749999999998], [77.11225, 28.574749999999998], [77.11225, 28.573749999999997], [77.11200000000001, 28.573749999999997], [77.11200000000001, 28.5735], [77.11075000000001, 28.5735], [77.11075000000001, 28.573749999999997], [77.1105, 28.573749999999997], [77.1105, 28.573999999999998], [77.10975, 28.573999999999998], [77.10975, 28.57425], [77.10950000000001, 28.57425], [77.10950000000001, 28.574499999999997], [77.10925, 28.574499999999997], [77.10925, 28.574749999999998], [77.10825000000001, 28.574749999999998], [77.10825000000001, 28.575499999999998], [77.10875, 28.575499999999998], [77.10875, 28.57575], [77.10825000000001, 28.57575], [77.10825000000001, 28.575999999999997], [77.108, 28.575999999999997], [77.108, 28.576749999999997], [77.10775000000001, 28.576749999999997], [77.10775000000001, 28.576249999999998], [77.1075, 28.576249999999998], [77.1075, 28.575249999999997], [77.10675, 28.575249999999997], [77.10675, 28.575499999999998], [77.10650000000001, 28.575499999999998], [77.10650000000001, 28.57575], [77.10625, 28.57575], [77.10625, 28.575999999999997], [77.105, 28.575999999999997], [77.105, 28.576249999999998], [77.104, 28.576249999999998], [77.104, 28.5765], [77.10325, 28.5765], [77.10325, 28.576749999999997], [77.10300000000001, 28.576749999999997], [77.10300000000001, 28.57725], [77.10275, 28.57725], [77.10275, 28.577499999999997], [77.1025, 28.577499999999997]], [[77.10675, 28.574749999999998], [77.1075, 28.574749999999998], [77.1075, 28.574499999999997], [77.108, 28.574499999999997], [77.108, 28.57425], [77.1085, 28.57425], [77.1085, 28.573999999999998], [77.10925, 28.573999999999998], [77.10925, 28.573249999999998], [77.10725000000001, 28.573249999999998], [77.10725000000001, 28.5735], [77.107, 28.5735], [77.107, 28.573999999999998], [77.10675, 28.573999999999998], [77.10675, 28.574749999999998]], [[77.10525000000001, 28.57425], [77.10600000000001, 28.57425], [77.10600000000001, 28.573999999999998], [77.10625, 28.573999999999998], [77.10625, 28.572499999999998], [77.10725000000001, 28.572499999999998], [77.10725000000001, 28.572249999999997], [77.1075, 28.572249999999997], [77.1075, 28.572], [77.10775000000001, 28.572], [77.10775000000001, 28.571499999999997], [77.108, 28.571499999999997], [77.108, 28.57125], [77.10825000000001, 28.57125], [77.10825000000001, 28.5705], [77.1075, 28.5705], [77.1075, 28.570749999999997], [77.10725000000001, 28.570749999999997], [77.10725000000001, 28.5705], [77.10650000000001, 28.5705], [77.10650000000001, 28.570749999999997], [77.10575, 28.570749999999997], [77.10575, 28.5705], [77.104, 28.5705], [77.104, 28.570749999999997], [77.0985, 28.570749999999997], [77.0985, 28.570999999999998], [77.09825000000001, 28.570999999999998], [77.09825000000001, 28.570749999999997], [77.09575000000001, 28.570749999999997], [77.09575000000001, 28.570999999999998], [77.09500000000001, 28.570999999999998], [77.09500000000001, 28.57125], [77.09400000000001, 28.57125], [77.09400000000001, 28.572249999999997], [77.10025, 28.572249999999997], [77.10025, 28.572499999999998], [77.1015, 28.572499999999998], [77.1015, 28.572249999999997], [77.10225000000001, 28.572249999999997], [77.10225000000001, 28.572499999999998], [77.10275, 28.572499999999998], [77.10275, 28.57275], [77.10325, 28.57275], [77.10325, 28.572999999999997], [77.10350000000001, 28.572999999999997], [77.10350000000001, 28.573249999999998], [77.10375, 28.573249999999998], [77.10375, 28.573749999999997], [77.1045, 28.573749999999997], [77.1045, 28.573999999999998], [77.10525000000001, 28.573999999999998], [77.10525000000001, 28.57425]], [[77.10825000000001, 28.57275], [77.10925, 28.57275], [77.10925, 28.572499999999998], [77.10975, 28.572499999999998], [77.10975, 28.57275], [77.11200000000001, 28.57275], [77.11200000000001, 28.572499999999998], [77.11275, 28.572499999999998], [77.11275, 28.572], [77.113, 28.572], [77.113, 28.571749999999998], [77.1135, 28.571749999999998], [77.1135, 28.571499999999997], [77.114, 28.571499999999997], [77.114, 28.57125], [77.11425000000001, 28.57125], [77.11425000000001, 28.5705], [77.1135, 28.5705], [77.1135, 28.570749999999997], [77.11325000000001, 28.570749999999997], [77.11325000000001, 28.5705], [77.10950000000001, 28.5705], [77.10950000000001, 28.570749999999997], [77.10900000000001, 28.570749999999997], [77.10900000000001, 28.570999999999998], [77.10875, 28.570999999999998], [77.10875, 28.57125], [77.1085, 28.57125], [77.1085, 28.571499999999997], [77.10825000000001, 28.571499999999997], [77.10825000000001, 28.57275]], [[77.09825000000001, 28.569999999999997], [77.09925000000001, 28.569999999999997], [77.09925000000001, 28.569], [77.09825000000001, 28.569], [77.09825000000001, 28.569999999999997]], [[77.10000000000001, 28.569999999999997], [77.10075, 28.569999999999997], [77.10075, 28.56975], [77.1015, 28.56975], [77.1015, 28.569], [77.10000000000001, 28.569], [77.10000000000001, 28.569999999999997]], [[77.10425000000001, 28.56975], [77.107, 28.56975], [77.107, 28.569499999999998], [77.10825000000001, 28.569499999999998], [77.10825000000001, 28.568749999999998], [77.107, 28.568749999999998], [77.107, 28.569], [77.10425000000001, 28.569], [77.10425000000001, 28.56975]], [[77.11025000000001, 28.56975], [77.11225, 28.56975], [77.11225, 28.569], [77.11025000000001, 28.569], [77.11025000000001, 28.56975]], [[77.11250000000001, 28.56975], [77.11425000000001, 28.56975], [77.11425000000001, 28.569499999999998], [77.1145, 28.569499999999998], [77.1145, 28.568749999999998], [77.11250000000001, 28.568749999999998], [77.11250000000001, 28.56975]], [[77.107, 28.568499999999997], [77.10775000000001, 28.568499999999997], [77.10775000000001, 28.5675], [77.10725000000001, 28.5675], [77.10725000000001, 28.566], [77.10650000000001, 28.566], [77.10650000000001, 28.56675], [77.10625, 28.56675], [77.10625, 28.566499999999998], [77.10575, 28.566499999999998], [77.10575, 28.56625], [77.10475000000001, 28.56625], [77.10475000000001, 28.566], [77.10525000000001, 28.566], [77.10525000000001, 28.564999999999998], [77.1045, 28.564999999999998], [77.1045, 28.56525], [77.10375, 28.56525], [77.10375, 28.566], [77.10350000000001, 28.566], [77.10350000000001, 28.566499999999998], [77.10275, 28.566499999999998], [77.10275, 28.56625], [77.102, 28.56625], [77.102, 28.566499999999998], [77.10125000000001, 28.566499999999998], [77.10125000000001, 28.565749999999998], [77.09975, 28.565749999999998], [77.09975, 28.566], [77.0995, 28.566], [77.0995, 28.56625], [77.09775, 28.56625], [77.09775, 28.566499999999998], [77.09750000000001, 28.566499999999998], [77.09750000000001, 28.567749999999997], [77.09775, 28.567749999999997], [77.09775, 28.567999999999998], [77.0985, 28.567999999999998], [77.0985, 28.567749999999997], [77.099, 28.567749999999997], [77.099, 28.567999999999998], [77.10075, 28.567999999999998], [77.10075, 28.567749999999997], [77.10125000000001, 28.567749999999997], [77.10125000000001, 28.567999999999998], [77.102, 28.567999999999998], [77.102, 28.567749999999997], [77.10225000000001, 28.567749999999997], [77.10225000000001, 28.5675], [77.10275, 28.5675], [77.10275, 28.567749999999997], [77.107, 28.567749999999997], [77.107, 28.568499999999997]], [[77.10875, 28.56825], [77.11, 28.56825], [77.11, 28.5675], [77.10875, 28.5675], [77.10875, 28.56825]], [[77.111, 28.56825], [77.11175, 28.56825], [77.11175, 28.5675], [77.111, 28.5675], [77.111, 28.56825]], [[77.11275, 28.56825], [77.1135, 28.56825], [77.1135, 28.5675], [77.11275, 28.5675], [77.11275, 28.56825]], [[77.11550000000001, 28.56825], [77.1175, 28.56825], [77.1175, 28.567749999999997], [77.11775, 28.567749999999997], [77.11775, 28.567], [77.116, 28.567], [77.116, 28.567249999999998], [77.11550000000001, 28.567249999999998], [77.11550000000001, 28.56825]], [[77.08825, 28.567999999999998], [77.0895, 28.567999999999998], [77.0895, 28.567749999999997], [77.08975000000001, 28.567749999999997], [77.08975000000001, 28.567], [77.08800000000001, 28.567], [77.08800000000001, 28.567749999999997], [77.08825, 28.567749999999997], [77.08825, 28.567999999999998]], [[77.09125, 28.567999999999998], [77.0925, 28.567999999999998], [77.0925, 28.567749999999997], [77.09325000000001, 28.567749999999997], [77.09325000000001, 28.567999999999998], [77.09575000000001, 28.567999999999998], [77.09575000000001, 28.567749999999997], [77.096, 28.567749999999997], [77.096, 28.56675], [77.09575000000001, 28.56675], [77.09575000000001, 28.566499999999998], [77.0955, 28.566499999999998], [77.0955, 28.565749999999998], [77.09525000000001, 28.565749999999998], [77.09525000000001, 28.5655], [77.09400000000001, 28.5655], [77.09400000000001, 28.565749999999998], [77.0925, 28.565749999999998], [77.0925, 28.566], [77.09200000000001, 28.566], [77.09200000000001, 28.56625], [77.09125, 28.56625], [77.09125, 28.566499999999998], [77.09075, 28.566499999999998], [77.09075, 28.5675], [77.09100000000001, 28.5675], [77.09100000000001, 28.567749999999997], [77.09125, 28.567749999999997], [77.09125, 28.567999999999998]], [[77.08600000000001, 28.566499999999998], [77.08675000000001, 28.566499999999998], [77.08675000000001, 28.56625], [77.08825, 28.56625], [77.08825, 28.566], [77.08925, 28.566], [77.08925, 28.565749999999998], [77.09, 28.565749999999998], [77.09, 28.5655], [77.09025000000001, 28.5655], [77.09025000000001, 28.56475], [77.0895, 28.56475], [77.0895, 28.564999999999998], [77.0875, 28.564999999999998], [77.0875, 28.56525], [77.08725000000001, 28.56525], [77.08725000000001, 28.5655], [77.08600000000001, 28.5655], [77.08600000000001, 28.566499999999998]], [[77.09625000000001, 28.565749999999998], [77.09750000000001, 28.565749999999998], [77.09750000000001, 28.564999999999998], [77.09625000000001, 28.564999999999998], [77.09625000000001, 28.565749999999998]], [[77.08375000000001, 28.56525], [77.08475, 28.56525], [77.08475, 28.564999999999998], [77.08600000000001, 28.564999999999998], [77.08600000000001, 28.56475], [77.0865, 28.56475], [77.0865, 28.5645], [77.08825, 28.5645], [77.08825, 28.564249999999998], [77.0895, 28.564249999999998], [77.0895, 28.564], [77.09, 28.564], [77.09, 28.56375], [77.0905, 28.56375], [77.0905, 28.562749999999998], [77.08850000000001, 28.562749999999998], [77.08850000000001, 28.563], [77.08800000000001, 28.563], [77.08800000000001, 28.56325], [77.0865, 28.56325], [77.0865, 28.563499999999998], [77.08500000000001, 28.563499999999998], [77.08500000000001, 28.56325], [77.08425000000001, 28.56325], [77.08425000000001, 28.563499999999998], [77.08375000000001, 28.563499999999998], [77.08375000000001, 28.56375], [77.08275, 28.56375], [77.08275, 28.56475], [77.08325, 28.56475], [77.08325, 28.564999999999998], [77.08375000000001, 28.564999999999998], [77.08375000000001, 28.56525]], [[77.09125, 28.56525], [77.09225, 28.56525], [77.09225, 28.564249999999998], [77.09125, 28.564249999999998], [77.09125, 28.56525]], [[77.10025, 28.564999999999998], [77.10100000000001, 28.564999999999998], [77.10100000000001, 28.564249999999998], [77.10025, 28.564249999999998], [77.10025, 28.564999999999998]], [[77.09475, 28.5645], [77.0955, 28.5645], [77.0955, 28.564249999999998], [77.09675, 28.564249999999998], [77.09675, 28.564], [77.09800000000001, 28.564], [77.09800000000001, 28.56375], [77.09875000000001, 28.56375], [77.09875000000001, 28.563], [77.09825000000001, 28.563], [77.09825000000001, 28.562749999999998], [77.09725, 28.562749999999998], [77.09725, 28.563], [77.09625000000001, 28.563], [77.09625000000001, 28.56325], [77.09450000000001, 28.56325], [77.09450000000001, 28.563499999999998], [77.09425, 28.563499999999998], [77.09425, 28.564249999999998], [77.09475, 28.564249999999998], [77.09475, 28.5645]], [[77.10175000000001, 28.5645], [77.10300000000001, 28.5645], [77.10300000000001, 28.564249999999998], [77.10375, 28.564249999999998], [77.10375, 28.563499999999998], [77.10275, 28.563499999999998], [77.10275, 28.56375], [77.10175000000001, 28.56375], [77.10175000000001, 28.5645]], [[77.09100000000001, 28.563499999999998], [77.0925, 28.563499999999998], [77.0925, 28.56325], [77.0935, 28.56325], [77.0935, 28.563], [77.09500000000001, 28.563], [77.09500000000001, 28.562749999999998], [77.096, 28.562749999999998], [77.096, 28.5625], [77.09675, 28.5625], [77.09675, 28.56175], [77.0965, 28.56175], [77.0965, 28.5615], [77.09575000000001, 28.5615], [77.09575000000001, 28.56175], [77.09450000000001, 28.56175], [77.09450000000001, 28.561999999999998], [77.09200000000001, 28.561999999999998], [77.09200000000001, 28.5625], [77.09100000000001, 28.5625], [77.09100000000001, 28.563499999999998]], [[77.1075, 28.56325], [77.10900000000001, 28.56325], [77.10900000000001, 28.5625], [77.1075, 28.5625], [77.1075, 28.56325]], [[77.10075, 28.563], [77.10175000000001, 28.563], [77.10175000000001, 28.562749999999998], [77.10225000000001, 28.562749999999998], [77.10225000000001, 28.5625], [77.10275, 28.5625], [77.10275, 28.56225], [77.10375, 28.56225], [77.10375, 28.5615], [77.102, 28.5615], [77.102, 28.56175], [77.10175000000001, 28.56175], [77.10175000000001, 28.561999999999998], [77.10025, 28.561999999999998], [77.10025, 28.562749999999998], [77.10075, 28.562749999999998], [77.10075, 28.563]], [[77.08075000000001, 28.5625], [77.08225, 28.5625], [77.08225, 28.561999999999998], [77.08250000000001, 28.561999999999998], [77.08250000000001, 28.56175], [77.08275, 28.56175], [77.08275, 28.561249999999998], [77.08300000000001, 28.561249999999998], [77.08300000000001, 28.561], [77.08325, 28.561], [77.08325, 28.56075], [77.0835, 28.56075], [77.0835, 28.56025], [77.08375000000001, 28.56025], [77.08375000000001, 28.56], [77.084, 28.56], [77.084, 28.5595], [77.08425000000001, 28.5595], [77.08425000000001, 28.56025], [77.0845, 28.56025], [77.0845, 28.560499999999998], [77.08500000000001, 28.560499999999998], [77.08500000000001, 28.56075], [77.0845, 28.56075], [77.0845, 28.561], [77.08425000000001, 28.561], [77.08425000000001, 28.561999999999998], [77.08525, 28.561999999999998], [77.08525, 28.56175], [77.08550000000001, 28.56175], [77.08550000000001, 28.561249999999998], [77.08575, 28.561249999999998], [77.08575, 28.560499999999998], [77.08600000000001, 28.560499999999998], [77.08600000000001, 28.56025], [77.08625, 28.56025], [77.08625, 28.560499999999998], [77.08725000000001, 28.560499999999998], [77.08725000000001, 28.56075], [77.0875, 28.56075], [77.0875, 28.561], [77.08800000000001, 28.561], [77.08800000000001, 28.561249999999998], [77.08875, 28.561249999999998], [77.08875, 28.561], [77.08925, 28.561], [77.08925, 28.55925], [77.08900000000001, 28.55925], [77.08900000000001, 28.55875], [77.08875, 28.55875], [77.08875, 28.557499999999997], [77.08850000000001, 28.557499999999997], [77.08850000000001, 28.55725], [77.08925, 28.55725], [77.08925, 28.557499999999997], [77.0895, 28.557499999999997], [77.0895, 28.558249999999997], [77.08975000000001, 28.558249999999997], [77.08975000000001, 28.5595], [77.09, 28.5595], [77.09, 28.56025], [77.0905, 28.56025], [77.0905, 28.560499999999998], [77.09075, 28.560499999999998], [77.09075, 28.56075], [77.09325000000001, 28.56075], [77.09325000000001, 28.560499999999998], [77.09400000000001, 28.560499999999998], [77.09400000000001, 28.56025], [77.09475, 28.56025], [77.09475, 28.56], [77.09575000000001, 28.56], [77.09575000000001, 28.559749999999998], [77.096, 28.559749999999998], [77.096, 28.5595], [77.09625000000001, 28.5595], [77.09625000000001, 28.55925], [77.09725, 28.55925], [77.09725, 28.558999999999997], [77.09750000000001, 28.558999999999997], [77.09750000000001, 28.55875], [77.09775, 28.55875], [77.09775, 28.558999999999997], [77.09800000000001, 28.558999999999997], [77.09800000000001, 28.55925], [77.09875000000001, 28.55925], [77.09875000000001, 28.558999999999997], [77.09925000000001, 28.558999999999997], [77.09925000000001, 28.55875], [77.0995, 28.55875], [77.0995, 28.5585], [77.10000000000001, 28.5585], [77.10000000000001, 28.55875], [77.10075, 28.55875], [77.10075, 28.5585], [77.10100000000001, 28.5585], [77.10100000000001, 28.558249999999997], [77.10125000000001, 28.558249999999997], [77.10125000000001, 28.558], [77.10175000000001, 28.558], [77.10175000000001, 28.558249999999997], [77.10275, 28.558249999999997], [77.10275, 28.558], [77.10300000000001, 28.558], [77.10300000000001, 28.55775], [77.10350000000001, 28.55775], [77.10350000000001, 28.558], [77.10375, 28.558], [77.10375, 28.558249999999997], [77.104, 28.558249999999997], [77.104, 28.559749999999998], [77.1045, 28.559749999999998], [77.1045, 28.560499999999998], [77.10525000000001, 28.560499999999998], [77.10525000000001, 28.56025], [77.10675, 28.56025], [77.10675, 28.56], [77.108, 28.56], [77.108, 28.559749999999998], [77.10925, 28.559749999999998], [77.10925, 28.5595], [77.10975, 28.5595], [77.10975, 28.55925], [77.11025000000001, 28.55925], [77.11025000000001, 28.558], [77.11, 28.558], [77.11, 28.55725], [77.10975, 28.55725], [77.10975, 28.557], [77.10825000000001, 28.557], [77.10825000000001, 28.556749999999997], [77.108, 28.556749999999997], [77.108, 28.5565], [77.10775000000001, 28.5565], [77.10775000000001, 28.55625], [77.108, 28.55625], [77.108, 28.5555], [77.10925, 28.5555], [77.10925, 28.55575], [77.11075000000001, 28.55575], [77.11075000000001, 28.55625], [77.11025000000001, 28.55625], [77.11025000000001, 28.557499999999997], [77.1105, 28.557499999999997], [77.1105, 28.558], [77.11225, 28.558], [77.11225, 28.55775], [77.1135, 28.55775], [77.1135, 28.5565], [77.11225, 28.5565], [77.11225, 28.55625], [77.11200000000001, 28.55625], [77.11200000000001, 28.555249999999997], [77.11225, 28.555249999999997], [77.11225, 28.554499999999997], [77.1115, 28.554499999999997], [77.1115, 28.55475], [77.111, 28.55475], [77.111, 28.55425], [77.11075000000001, 28.55425], [77.11075000000001, 28.553749999999997], [77.11125000000001, 28.553749999999997], [77.11125000000001, 28.5535], [77.11175, 28.5535], [77.11175, 28.55425], [77.11250000000001, 28.55425], [77.11250000000001, 28.552999999999997], [77.11225, 28.552999999999997], [77.11225, 28.5525], [77.11200000000001, 28.5525], [77.11200000000001, 28.55125], [77.11175, 28.55125], [77.11175, 28.551], [77.1115, 28.551], [77.1115, 28.5495], [77.11125000000001, 28.5495], [77.11125000000001, 28.548499999999997], [77.111, 28.548499999999997], [77.111, 28.547749999999997], [77.11075000000001, 28.547749999999997], [77.11075000000001, 28.54725], [77.1105, 28.54725], [77.1105, 28.546249999999997], [77.11025000000001, 28.546249999999997], [77.11025000000001, 28.545499999999997], [77.11, 28.545499999999997], [77.11, 28.544749999999997], [77.10975, 28.544749999999997], [77.10975, 28.5445], [77.10875, 28.5445], [77.10875, 28.544749999999997], [77.107, 28.544749999999997], [77.107, 28.544999999999998], [77.10625, 28.544999999999998], [77.10625, 28.54525], [77.10525000000001, 28.54525], [77.10525000000001, 28.545499999999997], [77.1045, 28.545499999999997], [77.1045, 28.545749999999998], [77.10300000000001, 28.545749999999998], [77.10300000000001, 28.546], [77.102, 28.546], [77.102, 28.546249999999997], [77.10100000000001, 28.546249999999997], [77.10100000000001, 28.546499999999998], [77.0995, 28.546499999999998], [77.0995, 28.54675], [77.0985, 28.54675], [77.0985, 28.546999999999997], [77.09800000000001, 28.546999999999997], [77.09800000000001, 28.547749999999997], [77.09825000000001, 28.547749999999997], [77.09825000000001, 28.54825], [77.0985, 28.54825], [77.0985, 28.549], [77.09825000000001, 28.549], [77.09825000000001, 28.549249999999997], [77.09775, 28.549249999999997], [77.09775, 28.5495], [77.09750000000001, 28.5495], [77.09750000000001, 28.54975], [77.0965, 28.54975], [77.0965, 28.549999999999997], [77.09625000000001, 28.549999999999997], [77.09625000000001, 28.54975], [77.096, 28.54975], [77.096, 28.549249999999997], [77.09575000000001, 28.549249999999997], [77.09575000000001, 28.54825], [77.0955, 28.54825], [77.0955, 28.547749999999997], [77.09475, 28.547749999999997], [77.09475, 28.548], [77.09425, 28.548], [77.09425, 28.54825], [77.09400000000001, 28.54825], [77.09400000000001, 28.549], [77.0935, 28.549], [77.0935, 28.549249999999997], [77.093, 28.549249999999997], [77.093, 28.5495], [77.09275000000001, 28.5495], [77.09275000000001, 28.55025], [77.093, 28.55025], [77.093, 28.5505], [77.09175, 28.5505], [77.09175, 28.551], [77.09150000000001, 28.551], [77.09150000000001, 28.55125], [77.09100000000001, 28.55125], [77.09100000000001, 28.551499999999997], [77.09075, 28.551499999999997], [77.09075, 28.55175], [77.09025000000001, 28.55175], [77.09025000000001, 28.552249999999997], [77.0895, 28.552249999999997], [77.0895, 28.552999999999997], [77.08925, 28.552999999999997], [77.08925, 28.5535], [77.08875, 28.5535], [77.08875, 28.552], [77.08900000000001, 28.552], [77.08900000000001, 28.55175], [77.08925, 28.55175], [77.08925, 28.55125], [77.0895, 28.55125], [77.0895, 28.550749999999997], [77.08975000000001, 28.550749999999997], [77.08975000000001, 28.5505], [77.09, 28.5505], [77.09, 28.55025], [77.09025000000001, 28.55025], [77.09025000000001, 28.54975], [77.0905, 28.54975], [77.0905, 28.5495], [77.09075, 28.5495], [77.09075, 28.54875], [77.08975000000001, 28.54875], [77.08975000000001, 28.549], [77.08900000000001, 28.549], [77.08900000000001, 28.549249999999997], [77.08875, 28.549249999999997], [77.08875, 28.5495], [77.08850000000001, 28.5495], [77.08850000000001, 28.54975], [77.08825, 28.54975], [77.08825, 28.55025], [77.08800000000001, 28.55025], [77.08800000000001, 28.5505], [77.08775, 28.5505], [77.08775, 28.551], [77.0875, 28.551], [77.0875, 28.55125], [77.08725000000001, 28.55125], [77.08725000000001, 28.551499999999997], [77.087, 28.551499999999997], [77.087, 28.55175], [77.08675000000001, 28.55175], [77.08675000000001, 28.552], [77.08575, 28.552], [77.08575, 28.552249999999997], [77.08475, 28.552249999999997], [77.08475, 28.552], [77.084, 28.552], [77.084, 28.55175], [77.08375000000001, 28.55175], [77.08375000000001, 28.551499999999997], [77.08275, 28.551499999999997], [77.08275, 28.55125], [77.08225, 28.55125], [77.08225, 28.551], [77.08200000000001, 28.551], [77.08200000000001, 28.550749999999997], [77.08075000000001, 28.550749999999997], [77.08075000000001, 28.551], [77.08000000000001, 28.551], [77.08000000000001, 28.55175], [77.08025, 28.55175], [77.08025, 28.552], [77.08075000000001, 28.552], [77.08075000000001, 28.552249999999997], [77.0815, 28.552249999999997], [77.0815, 28.5525], [77.08175, 28.5525], [77.08175, 28.55275], [77.08250000000001, 28.55275], [77.08250000000001, 28.552999999999997], [77.08275, 28.552999999999997], [77.08275, 28.55325], [77.08300000000001, 28.55325], [77.08300000000001, 28.5535], [77.08275, 28.5535], [77.08275, 28.554], [77.08250000000001, 28.554], [77.08250000000001, 28.554499999999997], [77.08225, 28.554499999999997], [77.08225, 28.55475], [77.08175, 28.55475], [77.08175, 28.554499999999997], [77.0815, 28.554499999999997], [77.0815, 28.55425], [77.08075000000001, 28.55425], [77.08075000000001, 28.554], [77.08025, 28.554], [77.08025, 28.553749999999997], [77.07950000000001, 28.553749999999997], [77.07950000000001, 28.5535], [77.07925, 28.5535], [77.07925, 28.552999999999997], [77.07825000000001, 28.552999999999997], [77.07825000000001, 28.55425], [77.0785, 28.55425], [77.0785, 28.555], [77.07875, 28.555], [77.07875, 28.555249999999997], [77.07900000000001, 28.555249999999997], [77.07900000000001, 28.5555], [77.07975, 28.5555], [77.07975, 28.55575], [77.08000000000001, 28.55575], [77.08000000000001, 28.555999999999997], [77.08025, 28.555999999999997], [77.08025, 28.55625], [77.08075000000001, 28.55625], [77.08075000000001, 28.5565], [77.0815, 28.5565], [77.0815, 28.556749999999997], [77.08175, 28.556749999999997], [77.08175, 28.557], [77.08200000000001, 28.557], [77.08200000000001, 28.557499999999997], [77.08225, 28.557499999999997], [77.08225, 28.55925], [77.08200000000001, 28.55925], [77.08200000000001, 28.5595], [77.08175, 28.5595], [77.08175, 28.559749999999998], [77.0815, 28.559749999999998], [77.0815, 28.56025], [77.08125000000001, 28.56025], [77.08125000000001, 28.560499999999998], [77.081, 28.560499999999998], [77.081, 28.561], [77.08075000000001, 28.561], [77.08075000000001, 28.561249999999998], [77.0805, 28.561249999999998], [77.0805, 28.561999999999998], [77.08075000000001, 28.561999999999998], [77.08075000000001, 28.5625]], [[77.1115, 28.56225], [77.11325000000001, 28.56225], [77.11325000000001, 28.561999999999998], [77.11425000000001, 28.561999999999998], [77.11425000000001, 28.561249999999998], [77.11225, 28.561249999999998], [77.11225, 28.5615], [77.1115, 28.5615], [77.1115, 28.56225]], [[77.09725, 28.561999999999998], [77.099, 28.561999999999998], [77.099, 28.56175], [77.10050000000001, 28.56175], [77.10050000000001, 28.5615], [77.10125000000001, 28.5615], [77.10125000000001, 28.561249999999998], [77.10225000000001, 28.561249999999998], [77.10225000000001, 28.561], [77.10300000000001, 28.561], [77.10300000000001, 28.56075], [77.10325, 28.56075], [77.10325, 28.559749999999998], [77.10300000000001, 28.559749999999998], [77.10300000000001, 28.55925], [77.10225000000001, 28.55925], [77.10225000000001, 28.559749999999998], [77.102, 28.559749999999998], [77.102, 28.56], [77.10175000000001, 28.56], [77.10175000000001, 28.56025], [77.10075, 28.56025], [77.10075, 28.560499999999998], [77.10050000000001, 28.560499999999998], [77.10050000000001, 28.56025], [77.0995, 28.56025], [77.0995, 28.56075], [77.09800000000001, 28.56075], [77.09800000000001, 28.561], [77.09725, 28.561], [77.09725, 28.561999999999998]], [[77.10600000000001, 28.56175], [77.107, 28.56175], [77.107, 28.5615], [77.108, 28.5615], [77.108, 28.561249999999998], [77.10825000000001, 28.561249999999998], [77.10825000000001, 28.561], [77.10875, 28.561], [77.10875, 28.56025], [77.10775000000001, 28.56025], [77.10775000000001, 28.560499999999998], [77.107, 28.560499999999998], [77.107, 28.56075], [77.10650000000001, 28.56075], [77.10650000000001, 28.561], [77.10600000000001, 28.561], [77.10600000000001, 28.56175]], [[77.11075000000001, 28.56075], [77.11225, 28.56075], [77.11225, 28.560499999999998], [77.11250000000001, 28.560499999999998], [77.11250000000001, 28.56025], [77.11275, 28.56025], [77.11275, 28.56], [77.1135, 28.56], [77.1135, 28.559749999999998], [77.114, 28.559749999999998], [77.114, 28.558999999999997], [77.113, 28.558999999999997], [77.113, 28.55925], [77.11250000000001, 28.55925], [77.11250000000001, 28.5595], [77.11125000000001, 28.5595], [77.11125000000001, 28.559749999999998], [77.111, 28.559749999999998], [77.111, 28.56], [77.11075000000001, 28.56], [77.11075000000001, 28.56075]], [[77.11575, 28.5595], [77.11675000000001, 28.5595], [77.11675000000001, 28.55925], [77.117, 28.55925], [77.117, 28.5585], [77.116, 28.5585], [77.116, 28.55875], [77.11575, 28.55875], [77.11575, 28.5595]], [[77.07975, 28.558999999999997], [77.0805, 28.558999999999997], [77.0805, 28.55775], [77.08025, 28.55775], [77.08025, 28.557499999999997], [77.07950000000001, 28.557499999999997], [77.07950000000001, 28.55875], [77.07975, 28.55875], [77.07975, 28.558999999999997]], [[77.11800000000001, 28.558999999999997], [77.119, 28.558999999999997], [77.119, 28.55875], [77.11925000000001, 28.55875], [77.11925000000001, 28.558], [77.11775, 28.558], [77.11775, 28.55875], [77.11800000000001, 28.55875], [77.11800000000001, 28.558999999999997]], [[77.12, 28.5585], [77.12100000000001, 28.5585], [77.12100000000001, 28.557499999999997], [77.12025000000001, 28.557499999999997], [77.12025000000001, 28.55775], [77.12, 28.55775], [77.12, 28.5585]], [[77.07425, 28.5505], [77.075, 28.5505], [77.075, 28.54975], [77.07425, 28.54975], [77.07425, 28.5505]], [[77.08550000000001, 28.5505], [77.0865, 28.5505], [77.0865, 28.54975], [77.08550000000001, 28.54975], [77.08550000000001, 28.5505]], [[77.081, 28.54875], [77.08175, 28.54875], [77.08175, 28.548499999999997], [77.08250000000001, 28.548499999999997], [77.08250000000001, 28.5475], [77.08175, 28.5475], [77.08175, 28.547749999999997], [77.08125000000001, 28.547749999999997], [77.08125000000001, 28.548], [77.081, 28.548], [77.081, 28.54875]], [[77.08775, 28.54725], [77.08900000000001, 28.54725], [77.08900000000001, 28.546999999999997], [77.08925, 28.546999999999997], [77.08925, 28.546249999999997], [77.08825, 28.546249999999997], [77.08825, 28.546499999999998], [77.08775, 28.546499999999998], [77.08775, 28.54725]], [[77.08000000000001, 28.546999999999997], [77.08075000000001, 28.546999999999997], [77.08075000000001, 28.546249999999997], [77.08000000000001, 28.546249999999997], [77.08000000000001, 28.546999999999997]], [[77.08175, 28.54675], [77.08250000000001, 28.54675], [77.08250000000001, 28.546], [77.08175, 28.546], [77.08175, 28.54675]], [[77.0895, 28.54675], [77.09025000000001, 28.54675], [77.09025000000001, 28.546], [77.0895, 28.546], [77.0895, 28.54675]], [[77.08275, 28.546499999999998], [77.08425000000001, 28.546499999999998], [77.08425000000001, 28.546249999999997], [77.08525, 28.546249999999997], [77.08525, 28.545499999999997], [77.084, 28.545499999999997], [77.084, 28.545749999999998], [77.08275, 28.545749999999998], [77.08275, 28.546499999999998]], [[77.0905, 28.546499999999998], [77.09200000000001, 28.546499999999998], [77.09200000000001, 28.546249999999997], [77.09375, 28.546249999999997], [77.09375, 28.54525], [77.09225, 28.54525], [77.09225, 28.545499999999997], [77.09150000000001, 28.545499999999997], [77.09150000000001, 28.545749999999998], [77.0905, 28.545749999999998], [77.0905, 28.546499999999998]], [[77.0685, 28.546], [77.06925000000001, 28.546], [77.06925000000001, 28.54525], [77.0685, 28.54525], [77.0685, 28.546]], [[77.09400000000001, 28.546], [77.09500000000001, 28.546], [77.09500000000001, 28.54525], [77.09400000000001, 28.54525], [77.09400000000001, 28.546]], [[77.08775, 28.545499999999997], [77.08850000000001, 28.545499999999997], [77.08850000000001, 28.544749999999997], [77.08775, 28.544749999999997], [77.08775, 28.545499999999997]], [[77.09025000000001, 28.544999999999998], [77.09100000000001, 28.544999999999998], [77.09100000000001, 28.544249999999998], [77.09025000000001, 28.544249999999998], [77.09025000000001, 28.544999999999998]], [[77.0745, 28.544749999999997], [77.07525000000001, 28.544749999999997], [77.07525000000001, 28.543999999999997], [77.0745, 28.543999999999997], [77.0745, 28.544749999999997]], [[77.1015, 28.544249999999998], [77.10275, 28.544249999999998], [77.10275, 28.543999999999997], [77.10300000000001, 28.543999999999997], [77.10300000000001, 28.543249999999997], [77.102, 28.543249999999997], [77.102, 28.543499999999998], [77.1015, 28.543499999999998], [77.1015, 28.544249999999998]], [[77.09425, 28.543999999999997], [77.0955, 28.543999999999997], [77.0955, 28.543249999999997], [77.09425, 28.543249999999997], [77.09425, 28.543999999999997]], [[77.07875, 28.54375], [77.07975, 28.54375], [77.07975, 28.543], [77.07875, 28.543], [77.07875, 28.54375]], [[77.0875, 28.54375], [77.08825, 28.54375], [77.08825, 28.543499999999998], [77.08900000000001, 28.543499999999998], [77.08900000000001, 28.542749999999998], [77.08825, 28.542749999999998], [77.08825, 28.543], [77.0875, 28.543], [77.0875, 28.54375]], [[77.09750000000001, 28.543249999999997], [77.099, 28.543249999999997], [77.099, 28.543], [77.0995, 28.543], [77.0995, 28.54225], [77.0985, 28.54225], [77.0985, 28.542499999999997], [77.09750000000001, 28.542499999999997], [77.09750000000001, 28.543249999999997]], [[77.09975, 28.543], [77.10050000000001, 28.543], [77.10050000000001, 28.54225], [77.09975, 28.54225], [77.09975, 28.543]], [[77.108, 28.542749999999998], [77.10900000000001, 28.542749999999998], [77.10900000000001, 28.541999999999998], [77.108, 28.541999999999998], [77.108, 28.542749999999998]], [[77.09325000000001, 28.542499999999997], [77.09400000000001, 28.542499999999997], [77.09400000000001, 28.541749999999997], [77.09325000000001, 28.541749999999997], [77.09325000000001, 28.542499999999997]], [[77.10350000000001, 28.541999999999998], [77.1045, 28.541999999999998], [77.1045, 28.541249999999998], [77.10350000000001, 28.541249999999998], [77.10350000000001, 28.541999999999998]], [[77.10650000000001, 28.541249999999998], [77.10725000000001, 28.541249999999998], [77.10725000000001, 28.540499999999998], [77.10650000000001, 28.540499999999998], [77.10650000000001, 28.541249999999998]], [[77.10175000000001, 28.54075], [77.1025, 28.54075], [77.1025, 28.540499999999998], [77.10375, 28.540499999999998], [77.10375, 28.540249999999997], [77.104, 28.540249999999997], [77.104, 28.539499999999997], [77.10275, 28.539499999999997], [77.10275, 28.539749999999998], [77.10225000000001, 28.539749999999998], [77.10225000000001, 28.54], [77.10175000000001, 28.54], [77.10175000000001, 28.54075]], [[77.10525000000001, 28.54], [77.10600000000001, 28.54], [77.10600000000001, 28.539749999999998], [77.107, 28.539749999999998], [77.107, 28.538999999999998], [77.105, 28.538999999999998], [77.105, 28.539749999999998], [77.10525000000001, 28.539749999999998], [77.10525000000001, 28.54]]]}, "properties": {"area_km2": 8.9538, "area_ha": 895.38}}, {"type": "Feature", "geometry": {"type": "Polygon", "coordinates": [[[77.27275, 28.592499999999998], [77.27275, 28.591749999999998], [77.27250000000001, 28.591749999999998], [77.27250000000001, 28.5915], [77.272, 28.5915], [77.272, 28.59125], [77.27175000000001, 28.59125], [77.27175000000001, 28.59075], [77.27125000000001, 28.59075], [77.27125000000001, 28.5905], [77.271, 28.5905], [77.271, 28.590249999999997], [77.27125000000001, 28.590249999999997], [77.27125000000001, 28.59], [77.272, 28.59], [77.272, 28.58975], [77.27250000000001, 28.58975], [77.27250000000001, 28.589499999999997], [77.27300000000001, 28.589499999999997], [77.27300000000001, 28.58925], [77.27350000000001, 28.58925], [77.27350000000001, 28.589], [77.2745, 28.589], [77.2745, 28.588749999999997], [77.27475000000001, 28.588749999999997], [77.27475000000001, 28.5885], [77.27550000000001, 28.5885], [77.27550000000001, 28.58825], [77.27600000000001, 28.58825], [77.27600000000001, 28.587999999999997], [77.27675, 28.587999999999997], [77.27675, 28.58775], [77.277, 28.58775], [77.277, 28.5875], [77.27725000000001, 28.5875], [77.27725000000001, 28.587249999999997], [77.27775000000001, 28.587249999999997], [77.27775000000001, 28.587], [77.278, 28.587], [77.278, 28.58675], [77.27825, 28.58675], [77.27825, 28.586499999999997], [77.27850000000001, 28.586499999999997], [77.27850000000001, 28.58625], [77.27900000000001, 28.58625], [77.27900000000001, 28.585749999999997], [77.27950000000001, 28.585749999999997], [77.27950000000001, 28.5855], [77.27975, 28.5855], [77.27975, 28.584999999999997], [77.28025000000001, 28.584999999999997], [77.28025000000001, 28.58475], [77.28075000000001, 28.58475], [77.28075000000001, 28.5845], [77.281, 28.5845], [77.281, 28.584249999999997], [77.28125, 28.584249999999997], [77.28125, 28.584], [77.28225, 28.584], [77.28225, 28.58375], [77.28250000000001, 28.58375], [77.28250000000001, 28.583499999999997], [77.283, 28.583499999999997], [77.283, 28.58325], [77.2835, 28.58325], [77.2835, 28.583], [77.28375000000001, 28.583], [77.28375000000001, 28.582749999999997], [77.28450000000001, 28.582749999999997], [77.28450000000001, 28.5825], [77.28525, 28.5825], [77.28525, 28.58225], [77.28550000000001, 28.58225], [77.28550000000001, 28.581999999999997], [77.286, 28.581999999999997], [77.286, 28.58175], [77.2865, 28.58175], [77.2865, 28.5815], [77.28675000000001, 28.5815], [77.28675000000001, 28.581], [77.287, 28.581], [77.287, 28.581249999999997], [77.28825, 28.581249999999997], [77.28825, 28.581], [77.28850000000001, 28.581], [77.28850000000001, 28.58075], [77.28875000000001, 28.58075], [77.28875000000001, 28.58025], [77.289, 28.58025], [77.289, 28.579749999999997], [77.28925000000001, 28.579749999999997], [77.28925000000001, 28.578999999999997], [77.28875000000001, 28.578999999999997], [77.28875000000001, 28.5785], [77.28850000000001, 28.5785], [77.28850000000001, 28.578249999999997], [77.28975000000001, 28.578249999999997], [77.28975000000001, 28.5785], [77.29050000000001, 28.5785], [77.29050000000001, 28.577749999999998], [77.29025, 28.577749999999998], [77.29025, 28.57725], [77.29050000000001, 28.57725], [77.29050000000001, 28.576999999999998], [77.29075, 28.576999999999998], [77.29075, 28.5765], [77.29100000000001, 28.5765], [77.29100000000001, 28.575999999999997], [77.29125, 28.575999999999997], [77.29125, 28.575499999999998], [77.2915, 28.575499999999998], [77.2915, 28.575249999999997], [77.29175000000001, 28.575249999999997], [77.29175000000001, 28.574749999999998], [77.292, 28.574749999999998], [77.292, 28.57425], [77.29225000000001, 28.57425], [77.29225000000001, 28.573749999999997], [77.2925, 28.573749999999997], [77.2925, 28.573249999999998], [77.29275000000001, 28.573249999999998], [77.29275000000001, 28.572999999999997], [77.293, 28.572999999999997], [77.293, 28.572499999999998], [77.29325, 28.572499999999998], [77.29325, 28.572], [77.29350000000001, 28.572], [77.29350000000001, 28.571749999999998], [77.29375, 28.571749999999998], [77.29375, 28.57125], [77.29400000000001, 28.57125], [77.29400000000001, 28.570749999999997], [77.29425, 28.570749999999997], [77.29425, 28.569999999999997], [77.2945, 28.569999999999997], [77.2945, 28.5675], [77.29475000000001, 28.5675], [77.29475000000001, 28.567249999999998], [77.29525000000001, 28.567249999999998], [77.29525000000001, 28.566499999999998], [77.295, 28.566499999999998], [77.295, 28.56625], [77.29525000000001, 28.56625], [77.29525000000001, 28.565749999999998], [77.2955, 28.565749999999998], [77.2955, 28.5655], [77.29575000000001, 28.5655], [77.29575000000001, 28.56475], [77.296, 28.56475], [77.296, 28.5645], [77.29625, 28.5645], [77.29625, 28.56375], [77.29650000000001, 28.56375], [77.29650000000001, 28.563499999999998], [77.29675, 28.563499999999998], [77.29675, 28.563], [77.29700000000001, 28.563], [77.29700000000001, 28.562749999999998], [77.29725, 28.562749999999998], [77.29725, 28.56225], [77.2975, 28.56225], [77.2975, 28.5615], [77.29775000000001, 28.5615], [77.29775000000001, 28.56075], [77.298, 28.56075], [77.298, 28.560499999999998], [77.2985, 28.560499999999998], [77.2985, 28.56025], [77.29875000000001, 28.56025], [77.29875000000001, 28.5595], [77.299, 28.5595], [77.299, 28.55875], [77.2975, 28.55875], [77.2975, 28.55925], [77.29700000000001, 28.55925], [77.29700000000001, 28.5585], [77.29725, 28.5585], [77.29725, 28.55725], [77.29825000000001, 28.55725], [77.29825000000001, 28.557], [77.2985, 28.557], [77.2985, 28.55775], [77.29950000000001, 28.55775], [77.29950000000001, 28.557499999999997], [77.29975, 28.557499999999997], [77.29975, 28.55725], [77.30025, 28.55725], [77.30025, 28.5565], [77.3005, 28.5565], [77.3005, 28.55625], [77.30075000000001, 28.55625], [77.30075000000001, 28.55575], [77.301, 28.55575], [77.301, 28.555], [77.30025, 28.555], [77.30025, 28.555249999999997], [77.30000000000001, 28.555249999999997], [77.30000000000001, 28.55575], [77.29875000000001, 28.55575], [77.29875000000001, 28.555], [77.299, 28.555], [77.299, 28.554499999999997], [77.29925, 28.554499999999997], [77.29925, 28.554], [77.29950000000001, 28.554], [77.29950000000001, 28.553749999999997], [77.29975, 28.553749999999997], [77.29975, 28.5535], [77.30000000000001, 28.5535], [77.30000000000001, 28.552999999999997], [77.30025, 28.552999999999997], [77.30025, 28.55275], [77.3005, 28.55275], [77.3005, 28.552249999999997], [77.30075000000001, 28.552249999999997], [77.30075000000001, 28.552], [77.3015, 28.552], [77.3015, 28.552249999999997], [77.30175000000001, 28.552249999999997], [77.30175000000001, 28.5525], [77.30300000000001, 28.5525], [77.30300000000001, 28.55175], [77.3035, 28.55175], [77.3035, 28.551499999999997], [77.30375000000001, 28.551499999999997], [77.30375000000001, 28.55125], [77.304, 28.55125], [77.304, 28.551], [77.3045, 28.551], [77.3045, 28.550749999999997], [77.305, 28.550749999999997], [77.305, 28.5505], [77.30525, 28.5505], [77.30525, 28.55025], [77.30550000000001, 28.55025], [77.30550000000001, 28.54975], [77.30600000000001, 28.54975], [77.30600000000001, 28.5495], [77.3065, 28.5495], [77.3065, 28.549249999999997], [77.30675000000001, 28.549249999999997], [77.30675000000001, 28.54875], [77.30725000000001, 28.54875], [77.30725000000001, 28.548499999999997], [77.3075, 28.548499999999997], [77.3075, 28.54825], [77.308, 28.54825], [77.308, 28.548], [77.30825, 28.548], [77.30825, 28.547749999999997], [77.30900000000001, 28.547749999999997], [77.30900000000001, 28.5475], [77.30925, 28.5475], [77.30925, 28.54725], [77.3095, 28.54725], [77.3095, 28.546999999999997], [77.31, 28.546999999999997], [77.31, 28.54675], [77.3105, 28.54675], [77.3105, 28.546499999999998], [77.31075000000001, 28.546499999999998], [77.31075000000001, 28.54675], [77.31125, 28.54675], [77.31125, 28.546999999999997], [77.31200000000001, 28.546999999999997], [77.31200000000001, 28.54725], [77.3125, 28.54725], [77.3125, 28.5475], [77.31275000000001, 28.5475], [77.31275000000001, 28.547749999999997], [77.313, 28.547749999999997], [77.313, 28.548], [77.31325000000001, 28.548], [77.31325000000001, 28.54825], [77.31375000000001, 28.54825], [77.31375000000001, 28.54875], [77.31400000000001, 28.54875], [77.31400000000001, 28.549], [77.31325000000001, 28.549], [77.31325000000001, 28.5495], [77.313, 28.5495], [77.313, 28.54975], [77.31275000000001, 28.54975], [77.31275000000001, 28.5505], [77.3125, 28.5505], [77.3125, 28.55125], [77.31225, 28.55125], [77.31225, 28.552999999999997], [77.3125, 28.552999999999997], [77.3125, 28.5535], [77.31275000000001, 28.5535], [77.31275000000001, 28.553749999999997], [77.313, 28.553749999999997], [77.313, 28.554], [77.3135, 28.554], [77.3135, 28.55425], [77.31375000000001, 28.55425], [77.31375000000001, 28.554499999999997], [77.31400000000001, 28.554499999999997], [77.31400000000001, 28.555], [77.31475, 28.555], [77.31475, 28.555249999999997], [77.31500000000001, 28.555249999999997], [77.31500000000001, 28.5555], [77.31475, 28.5555], [77.31475, 28.5565], [77.3155, 28.5565], [77.3155, 28.555999999999997], [77.316, 28.555999999999997], [77.316, 28.555249999999997], [77.31575000000001, 28.555249999999997], [77.31575000000001, 28.55475], [77.3155, 28.55475], [77.3155, 28.55425], [77.31450000000001, 28.55425], [77.31450000000001, 28.5535], [77.31375000000001, 28.5535], [77.31375000000001, 28.552999999999997], [77.3135, 28.552999999999997], [77.3135, 28.55275], [77.31325000000001, 28.55275], [77.31325000000001, 28.55175], [77.3135, 28.55175], [77.3135, 28.551499999999997], [77.31375000000001, 28.551499999999997], [77.31375000000001, 28.55125], [77.31400000000001, 28.55125], [77.31400000000001, 28.551], [77.31425, 28.551], [77.31425, 28.550749999999997], [77.31450000000001, 28.550749999999997], [77.31450000000001, 28.5505], [77.31475, 28.5505], [77.31475, 28.55025], [77.31500000000001, 28.55025], [77.31500000000001, 28.549999999999997], [77.31575000000001, 28.549999999999997], [77.31575000000001, 28.55025], [77.3165, 28.55025], [77.3165, 28.5505], [77.31675000000001, 28.5505], [77.31675000000001, 28.550749999999997], [77.31725, 28.550749999999997], [77.31725, 28.551], [77.31750000000001, 28.551], [77.31750000000001, 28.551499999999997], [77.31775, 28.551499999999997], [77.31775, 28.552], [77.31800000000001, 28.552], [77.31800000000001, 28.55275], [77.31825, 28.55275], [77.31825, 28.55325], [77.3185, 28.55325], [77.3185, 28.553749999999997], [77.31875000000001, 28.553749999999997], [77.31875000000001, 28.554499999999997], [77.319, 28.554499999999997], [77.319, 28.555], [77.31925000000001, 28.555], [77.31925000000001, 28.5555], [77.31875000000001, 28.5555], [77.31875000000001, 28.555999999999997], [77.3185, 28.555999999999997], [77.3185, 28.55625], [77.31825, 28.55625], [77.31825, 28.556749999999997], [77.31800000000001, 28.556749999999997], [77.31800000000001, 28.557], [77.31775, 28.557], [77.31775, 28.55725], [77.31750000000001, 28.55725], [77.31750000000001, 28.557499999999997], [77.31725, 28.557499999999997], [77.31725, 28.558], [77.31700000000001, 28.558], [77.31700000000001, 28.558249999999997], [77.31675000000001, 28.558249999999997], [77.31675000000001, 28.5585], [77.3165, 28.5585], [77.3165, 28.55875], [77.31625000000001, 28.55875], [77.31625000000001, 28.55925], [77.316, 28.55925], [77.316, 28.5595], [77.31575000000001, 28.5595], [77.31575000000001, 28.559749999999998], [77.3155, 28.559749999999998], [77.3155, 28.56025], [77.31525, 28.56025], [77.31525, 28.560499999999998], [77.31500000000001, 28.560499999999998], [77.31500000000001, 28.561], [77.31475, 28.561], [77.31475, 28.561249999999998], [77.31450000000001, 28.561249999999998], [77.31450000000001, 28.5615], [77.31425, 28.5615], [77.31425, 28.561999999999998], [77.31400000000001, 28.561999999999998], [77.31400000000001, 28.56225], [77.31375000000001, 28.56225], [77.31375000000001, 28.5625], [77.3135, 28.5625], [77.3135, 28.563], [77.31325000000001, 28.563], [77.31325000000001, 28.56325], [77.313, 28.56325], [77.313, 28.56375], [77.31275000000001, 28.56375], [77.31275000000001, 28.564], [77.3125, 28.564], [77.3125, 28.564249999999998], [77.31225, 28.564249999999998], [77.31225, 28.5645], [77.31200000000001, 28.5645], [77.31200000000001, 28.564999999999998], [77.31175, 28.564999999999998], [77.31175, 28.56525], [77.31150000000001, 28.56525], [77.31150000000001, 28.5655], [77.31125, 28.5655], [77.31125, 28.566], [77.311, 28.566], [77.311, 28.56625], [77.31075000000001, 28.56625], [77.31075000000001, 28.566499999999998], [77.3105, 28.566499999999998], [77.3105, 28.567], [77.31025000000001, 28.567], [77.31025000000001, 28.567249999999998], [77.31, 28.567249999999998], [77.31, 28.5675], [77.30975000000001, 28.5675], [77.30975000000001, 28.567999999999998], [77.3095, 28.567999999999998], [77.3095, 28.56825], [77.30925, 28.56825], [77.30925, 28.568499999999997], [77.30900000000001, 28.568499999999997], [77.30900000000001, 28.568749999999998], [77.30875, 28.568749999999998], [77.30875, 28.569249999999997], [77.30850000000001, 28.569249999999997], [77.30850000000001, 28.569499999999998], [77.30825, 28.569499999999998], [77.30825, 28.56975], [77.308, 28.56975], [77.308, 28.569], [77.30775000000001, 28.569], [77.30775000000001, 28.568749999999998], [77.3065, 28.568749999999998], [77.3065, 28.569], [77.30600000000001, 28.569], [77.30600000000001, 28.568499999999997], [77.3065, 28.568499999999997], [77.3065, 28.567999999999998], [77.30675000000001, 28.567999999999998], [77.30675000000001, 28.56675], [77.30725000000001, 28.56675], [77.30725000000001, 28.567249999999998], [77.3075, 28.567249999999998], [77.3075, 28.567749999999997], [77.30775000000001, 28.567749999999997], [77.30775000000001, 28.567999999999998], [77.308, 28.567999999999998], [77.308, 28.56825], [77.30875, 28.56825], [77.30875, 28.5675], [77.30850000000001, 28.5675], [77.30850000000001, 28.567], [77.30825, 28.567], [77.30825, 28.566499999999998], [77.308, 28.566499999999998], [77.308, 28.56625], [77.30775000000001, 28.56625], [77.30775000000001, 28.565749999999998], [77.308, 28.565749999999998], [77.308, 28.564999999999998], [77.3075, 28.564999999999998], [77.3075, 28.56475], [77.30725000000001, 28.56475], [77.30725000000001, 28.5645], [77.307, 28.5645], [77.307, 28.564249999999998], [77.30675000000001, 28.564249999999998], [77.30675000000001, 28.564], [77.307, 28.564], [77.307, 28.56325], [77.30625, 28.56325], [77.30625, 28.563499999999998], [77.30600000000001, 28.563499999999998], [77.30600000000001, 28.56375], [77.30575, 28.56375], [77.30575, 28.564], [77.30550000000001, 28.564], [77.30550000000001, 28.564249999999998], [77.305, 28.564249999999998], [77.305, 28.5645], [77.30475000000001, 28.5645], [77.30475000000001, 28.56475], [77.3045, 28.56475], [77.3045, 28.564999999999998], [77.30425000000001, 28.564999999999998], [77.30425000000001, 28.56525], [77.304, 28.56525], [77.304, 28.5655], [77.30375000000001, 28.5655], [77.30375000000001, 28.565749999999998], [77.3035, 28.565749999999998], [77.3035, 28.566], [77.30300000000001, 28.566], [77.30300000000001, 28.56625], [77.30275, 28.56625], [77.30275, 28.566499999999998], [77.30250000000001, 28.566499999999998], [77.30250000000001, 28.56675], [77.30225, 28.56675], [77.30225, 28.567], [77.302, 28.567], [77.302, 28.567249999999998], [77.30175000000001, 28.567249999999998], [77.30175000000001, 28.5675], [77.3015, 28.5675], [77.3015, 28.567749999999997], [77.30125000000001, 28.567749999999997], [77.30125000000001, 28.567999999999998], [77.301, 28.567999999999998], [77.301, 28.56825], [77.30075000000001, 28.56825], [77.30075000000001, 28.568499999999997], [77.3005, 28.568499999999997], [77.3005, 28.568749999999998], [77.30000000000001, 28.568749999999998], [77.30000000000001, 28.569], [77.29950000000001, 28.569], [77.29950000000001, 28.569499999999998], [77.2985, 28.569499999999998], [77.2985, 28.56975], [77.29825000000001, 28.56975], [77.29825000000001, 28.570249999999998], [77.298, 28.570249999999998], [77.298, 28.5705], [77.29775000000001, 28.5705], [77.29775000000001, 28.570999999999998], [77.2975, 28.570999999999998], [77.2975, 28.571499999999997], [77.29725, 28.571499999999997], [77.29725, 28.571749999999998], [77.29700000000001, 28.571749999999998], [77.29700000000001, 28.572499999999998], [77.29675, 28.572499999999998], [77.29675, 28.573249999999998], [77.29700000000001, 28.573249999999998], [77.29700000000001, 28.5735], [77.29725, 28.5735], [77.29725, 28.574499999999997], [77.2975, 28.574499999999997], [77.2975, 28.574749999999998], [77.29775000000001, 28.574749999999998], [77.29775000000001, 28.575], [77.298, 28.575], [77.298, 28.575249999999997], [77.29925, 28.575249999999997], [77.29925, 28.57575], [77.299, 28.57575], [77.299, 28.575999999999997], [77.2985, 28.575999999999997], [77.2985, 28.576249999999998], [77.29825000000001, 28.576249999999998], [77.29825000000001, 28.5765], [77.29775000000001, 28.5765], [77.29775000000001, 28.576249999999998], [77.29625, 28.576249999999998], [77.29625, 28.575999999999997], [77.295, 28.575999999999997], [77.295, 28.576749999999997], [77.29625, 28.576749999999997], [77.29625, 28.57725], [77.296, 28.57725], [77.296, 28.577499999999997], [77.29575000000001, 28.577499999999997], [77.29575000000001, 28.57725], [77.29525000000001, 28.57725], [77.29525000000001, 28.576999999999998], [77.29400000000001, 28.576999999999998], [77.29400000000001, 28.576749999999997], [77.293, 28.576749999999997], [77.293, 28.57725], [77.29275000000001, 28.57725], [77.29275000000001, 28.577499999999997], [77.2925, 28.577499999999997], [77.2925, 28.577749999999998], [77.29225000000001, 28.577749999999998], [77.29225000000001, 28.578249999999997], [77.292, 28.578249999999997], [77.292, 28.5785], [77.2915, 28.5785], [77.2915, 28.5795], [77.29125, 28.5795], [77.29125, 28.58], [77.29100000000001, 28.58], [77.29100000000001, 28.580499999999997], [77.29075, 28.580499999999997], [77.29075, 28.581], [77.29050000000001, 28.581], [77.29050000000001, 28.5815], [77.29025, 28.5815], [77.29025, 28.58175], [77.29, 28.58175], [77.29, 28.5825], [77.28975000000001, 28.5825], [77.28975000000001, 28.583], [77.2895, 28.583], [77.2895, 28.58375], [77.28975000000001, 28.58375], [77.28975000000001, 28.584], [77.29, 28.584], [77.29, 28.584249999999997], [77.29025, 28.584249999999997], [77.29025, 28.58475], [77.29075, 28.58475], [77.29075, 28.584999999999997], [77.29100000000001, 28.584999999999997], [77.29100000000001, 28.5855], [77.2915, 28.5855], [77.2915, 28.585749999999997], [77.29225000000001, 28.585749999999997], [77.29225000000001, 28.5855], [77.2925, 28.5855], [77.2925, 28.585749999999997], [77.29275000000001, 28.585749999999997], [77.29275000000001, 28.586], [77.29125, 28.586], [77.29125, 28.58625], [77.29050000000001, 28.58625], [77.29050000000001, 28.585749999999997], [77.29025, 28.585749999999997], [77.29025, 28.5855], [77.29, 28.5855], [77.29, 28.58525], [77.28975000000001, 28.58525], [77.28975000000001, 28.584999999999997], [77.2895, 28.584999999999997], [77.2895, 28.584249999999997], [77.28875000000001, 28.584249999999997], [77.28875000000001, 28.5845], [77.28825, 28.5845], [77.28825, 28.58525], [77.28800000000001, 28.58525], [77.28800000000001, 28.585749999999997], [77.28750000000001, 28.585749999999997], [77.28750000000001, 28.586], [77.28725, 28.586], [77.28725, 28.58625], [77.287, 28.58625], [77.287, 28.586499999999997], [77.2865, 28.586499999999997], [77.2865, 28.58675], [77.28625000000001, 28.58675], [77.28625000000001, 28.587], [77.28575000000001, 28.587], [77.28575000000001, 28.587249999999997], [77.28525, 28.587249999999997], [77.28525, 28.5875], [77.28475, 28.5875], [77.28475, 28.58775], [77.28425, 28.58775], [77.28425, 28.587999999999997], [77.28375000000001, 28.587999999999997], [77.28375000000001, 28.58825], [77.28325000000001, 28.58825], [77.28325000000001, 28.5885], [77.28275000000001, 28.5885], [77.28275000000001, 28.588749999999997], [77.28250000000001, 28.588749999999997], [77.28250000000001, 28.589], [77.28175, 28.589], [77.28175, 28.58925], [77.28125, 28.58925], [77.28125, 28.589499999999997], [77.281, 28.589499999999997], [77.281, 28.58975], [77.28025000000001, 28.58975], [77.28025000000001, 28.59], [77.28, 28.59], [77.28, 28.590249999999997], [77.27950000000001, 28.590249999999997], [77.27950000000001, 28.5905], [77.27775000000001, 28.5905], [77.27775000000001, 28.590249999999997], [77.277, 28.590249999999997], [77.277, 28.5905], [77.27675, 28.5905], [77.27675, 28.59125], [77.27600000000001, 28.59125], [77.27600000000001, 28.5915], [77.27550000000001, 28.5915], [77.27550000000001, 28.591749999999998], [77.27475000000001, 28.591749999999998], [77.27475000000001, 28.592], [77.274, 28.592], [77.274, 28.59225], [77.27350000000001, 28.59225], [77.27350000000001, 28.592499999999998], [77.27275, 28.592499999999998]], [[77.30825, 28.5655], [77.30900000000001, 28.5655], [77.30900000000001, 28.56525], [77.30925, 28.56525], [77.30925, 28.5645], [77.30850000000001, 28.5645], [77.30850000000001, 28.56475], [77.30825, 28.56475], [77.30825, 28.5655]], [[77.30175000000001, 28.564999999999998], [77.30275, 28.564999999999998], [77.30275, 28.56475], [77.30325, 28.56475], [77.30325, 28.5645], [77.3035, 28.5645], [77.3035, 28.564249999999998], [77.30375000000001, 28.564249999999998], [77.30375000000001, 28.564], [77.304, 28.564], [77.304, 28.56375], [77.30425000000001, 28.56375], [77.30425000000001, 28.563499999999998], [77.3045, 28.563499999999998], [77.3045, 28.56325], [77.305, 28.56325], [77.305, 28.563], [77.30525, 28.563], [77.30525, 28.562749999999998], [77.30550000000001, 28.562749999999998], [77.30550000000001, 28.561999999999998], [77.30625, 28.561999999999998], [77.30625, 28.56175], [77.3065, 28.56175], [77.3065, 28.5615], [77.30675000000001, 28.5615], [77.30675000000001, 28.561249999999998], [77.307, 28.561249999999998], [77.307, 28.561], [77.3075, 28.561], [77.3075, 28.56075], [77.30775000000001, 28.56075], [77.30775000000001, 28.560499999999998], [77.308, 28.560499999999998], [77.308, 28.56025], [77.30825, 28.56025], [77.30825, 28.56], [77.30875, 28.56], [77.30875, 28.559749999999998], [77.30900000000001, 28.559749999999998], [77.30900000000001, 28.5595], [77.30925, 28.5595], [77.30925, 28.55925], [77.3095, 28.55925], [77.3095, 28.558999999999997], [77.30975000000001, 28.558999999999997], [77.30975000000001, 28.55875], [77.31, 28.55875], [77.31, 28.5585], [77.31025000000001, 28.5585], [77.31025000000001, 28.558249999999997], [77.3105, 28.558249999999997], [77.3105, 28.558], [77.31075000000001, 28.558], [77.31075000000001, 28.55775], [77.31125, 28.55775], [77.31125, 28.557499999999997], [77.31150000000001, 28.557499999999997], [77.31150000000001, 28.55725], [77.31175, 28.55725], [77.31175, 28.557], [77.31200000000001, 28.557], [77.31200000000001, 28.556749999999997], [77.31225, 28.556749999999997], [77.31225, 28.55625], [77.3125, 28.55625], [77.3125, 28.55575], [77.31275000000001, 28.55575], [77.31275000000001, 28.55475], [77.31175, 28.55475], [77.31175, 28.554], [77.31150000000001, 28.554], [77.31150000000001, 28.553749999999997], [77.31125, 28.553749999999997], [77.31125, 28.5535], [77.311, 28.5535], [77.311, 28.55325], [77.31025000000001, 28.55325], [77.31025000000001, 28.5535], [77.31, 28.5535], [77.31, 28.553749999999997], [77.30975000000001, 28.553749999999997], [77.30975000000001, 28.554], [77.3095, 28.554], [77.3095, 28.555], [77.30925, 28.555], [77.30925, 28.555249999999997], [77.30900000000001, 28.555249999999997], [77.30900000000001, 28.5555], [77.30875, 28.5555], [77.30875, 28.55575], [77.30850000000001, 28.55575], [77.30850000000001, 28.555999999999997], [77.30775000000001, 28.555999999999997], [77.30775000000001, 28.5565], [77.30725000000001, 28.5565], [77.30725000000001, 28.55625], [77.307, 28.55625], [77.307, 28.555999999999997], [77.30725000000001, 28.555999999999997], [77.30725000000001, 28.55575], [77.308, 28.55575], [77.308, 28.555249999999997], [77.30825, 28.555249999999997], [77.30825, 28.555], [77.30850000000001, 28.555], [77.30850000000001, 28.55475], [77.30875, 28.55475], [77.30875, 28.554], [77.30900000000001, 28.554], [77.30900000000001, 28.55325], [77.308, 28.55325], [77.308, 28.552999999999997], [77.30875, 28.552999999999997], [77.30875, 28.552], [77.30775000000001, 28.552], [77.30775000000001, 28.55175], [77.308, 28.55175], [77.308, 28.551499999999997], [77.30825, 28.551499999999997], [77.30825, 28.55125], [77.30900000000001, 28.55125], [77.30900000000001, 28.551], [77.3095, 28.551], [77.3095, 28.5505], [77.30975000000001, 28.5505], [77.30975000000001, 28.54975], [77.30875, 28.54975], [77.30875, 28.549999999999997], [77.30850000000001, 28.549999999999997], [77.30850000000001, 28.55025], [77.308, 28.55025], [77.308, 28.5505], [77.3075, 28.5505], [77.3075, 28.550749999999997], [77.30725000000001, 28.550749999999997], [77.30725000000001, 28.551], [77.30675000000001, 28.551], [77.30675000000001, 28.55125], [77.3065, 28.55125], [77.3065, 28.551499999999997], [77.30625, 28.551499999999997], [77.30625, 28.55175], [77.30600000000001, 28.55175], [77.30600000000001, 28.552], [77.30575, 28.552], [77.30575, 28.5525], [77.30550000000001, 28.5525], [77.30550000000001, 28.55275], [77.305, 28.55275], [77.305, 28.55325], [77.30475000000001, 28.55325], [77.30475000000001, 28.553749999999997], [77.3045, 28.553749999999997], [77.3045, 28.55475], [77.30425000000001, 28.55475], [77.30425000000001, 28.55575], [77.304, 28.55575], [77.304, 28.55625], [77.30375000000001, 28.55625], [77.30375000000001, 28.55725], [77.3035, 28.55725], [77.3035, 28.557499999999997], [77.30325, 28.557499999999997], [77.30325, 28.5585], [77.30300000000001, 28.5585], [77.30300000000001, 28.55925], [77.30275, 28.55925], [77.30275, 28.559749999999998], [77.30250000000001, 28.559749999999998], [77.30250000000001, 28.56025], [77.30225, 28.56025], [77.30225, 28.561], [77.302, 28.561], [77.302, 28.5625], [77.30175000000001, 28.5625], [77.30175000000001, 28.56325], [77.302, 28.56325], [77.302, 28.563499999999998], [77.30225, 28.563499999999998], [77.30225, 28.56375], [77.30175000000001, 28.56375], [77.30175000000001, 28.564], [77.3015, 28.564], [77.3015, 28.56475], [77.30175000000001, 28.56475], [77.30175000000001, 28.564999999999998]], [[77.308, 28.562749999999998], [77.30925, 28.562749999999998], [77.30925, 28.5625], [77.30975000000001, 28.5625], [77.30975000000001, 28.56225], [77.31, 28.56225], [77.31, 28.561999999999998], [77.31025000000001, 28.561999999999998], [77.31025000000001, 28.5615], [77.3105, 28.5615], [77.3105, 28.561249999999998], [77.31075000000001, 28.561249999999998], [77.31075000000001, 28.561], [77.311, 28.561], [77.311, 28.56075], [77.31125, 28.56075], [77.31125, 28.560499999999998], [77.31175, 28.560499999999998], [77.31175, 28.56025], [77.31200000000001, 28.56025], [77.31200000000001, 28.559749999999998], [77.31225, 28.559749999999998], [77.31225, 28.5595], [77.3125, 28.5595], [77.3125, 28.55925], [77.31275000000001, 28.55925], [77.31275000000001, 28.558999999999997], [77.313, 28.558999999999997], [77.313, 28.558], [77.31225, 28.558], [77.31225, 28.5585], [77.31200000000001, 28.5585], [77.31200000000001, 28.55875], [77.31175, 28.55875], [77.31175, 28.558999999999997], [77.31150000000001, 28.558999999999997], [77.31150000000001, 28.55925], [77.31125, 28.55925], [77.31125, 28.5595], [77.311, 28.5595], [77.311, 28.559749999999998], [77.31075000000001, 28.559749999999998], [77.31075000000001, 28.56], [77.3105, 28.56], [77.3105, 28.56025], [77.31, 28.56025], [77.31, 28.560499999999998], [77.30975000000001, 28.560499999999998], [77.30975000000001, 28.56075], [77.3095, 28.56075], [77.3095, 28.561], [77.30925, 28.561], [77.30925, 28.561249999999998], [77.30900000000001, 28.561249999999998], [77.30900000000001, 28.5615], [77.30875, 28.5615], [77.30875, 28.56175], [77.30825, 28.56175], [77.30825, 28.561999999999998], [77.308, 28.561999999999998], [77.308, 28.562749999999998]]]}, "properties": {"area_km2": 3.7302, "area_ha": 373.02}}, {"type": "Feature", "geometry": {"type": "Polygon", "coordinates": [[[77.31625000000001, 28.546999999999997], [77.31625000000001, 28.546499999999998], [77.3165, 28.546499999999998], [77.3165, 28.545749999999998], [77.31575000000001, 28.545749999999998], [77.31575000000001, 28.546499999999998], [77.3155, 28.546499999999998], [77.3155, 28.54675], [77.31525, 28.54675], [77.31525, 28.546499999999998], [77.31500000000001, 28.546499999999998], [77.31500000000001, 28.546249999999997], [77.31475, 28.546249999999997], [77.31475, 28.546], [77.31450000000001, 28.546], [77.31450000000001, 28.545749999999998], [77.31425, 28.545749999999998], [77.31425, 28.545499999999997], [77.31375000000001, 28.545499999999997], [77.31375000000001, 28.54525], [77.3135, 28.54525], [77.3135, 28.544999999999998], [77.31325000000001, 28.544999999999998], [77.31325000000001, 28.544749999999997], [77.313, 28.544749999999997], [77.313, 28.5445], [77.31275000000001, 28.5445], [77.31275000000001, 28.544249999999998], [77.313, 28.544249999999998], [77.313, 28.543999999999997], [77.31325000000001, 28.543999999999997], [77.31325000000001, 28.54375], [77.31425, 28.54375], [77.31425, 28.543499999999998], [77.31500000000001, 28.543499999999998], [77.31500000000001, 28.543249999999997], [77.31625000000001, 28.543249999999997], [77.31625000000001, 28.543], [77.3165, 28.543], [77.3165, 28.542749999999998], [77.31675000000001, 28.542749999999998], [77.31675000000001, 28.542499999999997], [77.31700000000001, 28.542499999999997], [77.31700000000001, 28.541999999999998], [77.31725, 28.541999999999998], [77.31725, 28.541749999999997], [77.31750000000001, 28.541749999999997], [77.31750000000001, 28.541249999999998], [77.31775, 28.541249999999998], [77.31775, 28.540999999999997], [77.31800000000001, 28.540999999999997], [77.31800000000001, 28.54075], [77.31825, 28.54075], [77.31825, 28.540499999999998], [77.3185, 28.540499999999998], [77.3185, 28.540249999999997], [77.31875000000001, 28.540249999999997], [77.31875000000001, 28.54], [77.319, 28.54], [77.319, 28.539749999999998], [77.31925000000001, 28.539749999999998], [77.31925000000001, 28.539499999999997], [77.3195, 28.539499999999997], [77.3195, 28.53925], [77.31975000000001, 28.53925], [77.31975000000001, 28.538999999999998], [77.32000000000001, 28.538999999999998], [77.32000000000001, 28.538749999999997], [77.32025, 28.538749999999997], [77.32025, 28.5385], [77.32075, 28.5385], [77.32075, 28.538249999999998], [77.32100000000001, 28.538249999999998], [77.32100000000001, 28.537999999999997], [77.32125, 28.537999999999997], [77.32125, 28.53775], [77.32175000000001, 28.53775], [77.32175000000001, 28.537499999999998], [77.322, 28.537499999999998], [77.322, 28.537249999999997], [77.3225, 28.537249999999997], [77.3225, 28.537], [77.32275, 28.537], [77.32275, 28.536749999999998], [77.32300000000001, 28.536749999999998], [77.32300000000001, 28.536499999999997], [77.32325, 28.536499999999997], [77.32325, 28.53625], [77.32350000000001, 28.53625], [77.32350000000001, 28.5355], [77.32375, 28.5355], [77.32375, 28.53575], [77.3245, 28.53575], [77.3245, 28.5355], [77.32475000000001, 28.5355], [77.32475000000001, 28.535249999999998], [77.325, 28.535249999999998], [77.325, 28.535], [77.32525000000001, 28.535], [77.32525000000001, 28.53475], [77.3255, 28.53475], [77.3255, 28.534499999999998], [77.32575, 28.534499999999998], [77.32575, 28.53425], [77.32600000000001, 28.53425], [77.32600000000001, 28.534], [77.32650000000001, 28.534], [77.32650000000001, 28.533749999999998], [77.32675, 28.533749999999998], [77.32675, 28.5335], [77.32700000000001, 28.5335], [77.32700000000001, 28.53325], [77.32775000000001, 28.53325], [77.32775000000001, 28.53275], [77.328, 28.53275], [77.328, 28.5325], [77.3285, 28.5325], [77.3285, 28.532249999999998], [77.32875, 28.532249999999998], [77.32875, 28.532], [77.32900000000001, 28.532], [77.32900000000001, 28.53175], [77.32950000000001, 28.53175], [77.32950000000001, 28.531499999999998], [77.32975, 28.531499999999998], [77.32975, 28.53125], [77.33025, 28.53125], [77.33025, 28.531], [77.3305, 28.531], [77.3305, 28.530749999999998], [77.33075000000001, 28.530749999999998], [77.33075000000001, 28.5305], [77.331, 28.5305], [77.331, 28.53025], [77.33125000000001, 28.53025], [77.33125000000001, 28.529999999999998], [77.3315, 28.529999999999998], [77.3315, 28.52975], [77.33175, 28.52975], [77.33175, 28.5295], [77.33200000000001, 28.5295], [77.33200000000001, 28.529], [77.33225, 28.529], [77.33225, 28.52875], [77.33250000000001, 28.52875], [77.33250000000001, 28.528499999999998], [77.33275, 28.528499999999998], [77.33275, 28.52825], [77.33300000000001, 28.52825], [77.33300000000001, 28.528], [77.33325, 28.528], [77.33325, 28.527749999999997], [77.3335, 28.527749999999997], [77.3335, 28.52725], [77.33375000000001, 28.52725], [77.33375000000001, 28.526999999999997], [77.334, 28.526999999999997], [77.334, 28.5265], [77.33425000000001, 28.5265], [77.33425000000001, 28.526249999999997], [77.3345, 28.526249999999997], [77.3345, 28.526], [77.33475, 28.526], [77.33475, 28.52575], [77.33500000000001, 28.52575], [77.33500000000001, 28.525499999999997], [77.33525, 28.525499999999997], [77.33525, 28.52525], [77.33550000000001, 28.52525], [77.33550000000001, 28.524749999999997], [77.33575, 28.524749999999997], [77.33575, 28.5245], [77.33600000000001, 28.5245], [77.33600000000001, 28.52425], [77.33625, 28.52425], [77.33625, 28.523999999999997], [77.3365, 28.523999999999997], [77.3365, 28.52375], [77.33675000000001, 28.52375], [77.33675000000001, 28.523249999999997], [77.337, 28.523249999999997], [77.337, 28.523], [77.3375, 28.523], [77.3375, 28.522499999999997], [77.33775, 28.522499999999997], [77.33775, 28.52225], [77.33800000000001, 28.52225], [77.33800000000001, 28.522], [77.33825, 28.522], [77.33825, 28.521749999999997], [77.33850000000001, 28.521749999999997], [77.33850000000001, 28.52125], [77.33875, 28.52125], [77.33875, 28.520999999999997], [77.33900000000001, 28.520999999999997], [77.33900000000001, 28.52075], [77.33925, 28.52075], [77.33925, 28.5205], [77.3395, 28.5205], [77.3395, 28.520249999999997], [77.33975000000001, 28.520249999999997], [77.33975000000001, 28.52], [77.34, 28.52], [77.34, 28.51975], [77.34025000000001, 28.51975], [77.34025000000001, 28.519499999999997], [77.3405, 28.519499999999997], [77.3405, 28.51925], [77.34075, 28.51925], [77.34075, 28.519], [77.34100000000001, 28.519], [77.34100000000001, 28.518749999999997], [77.34125, 28.518749999999997], [77.34125, 28.5185], [77.34150000000001, 28.5185], [77.34150000000001, 28.51825], [77.34175, 28.51825], [77.34175, 28.517999999999997], [77.34200000000001, 28.517999999999997], [77.34200000000001, 28.5175], [77.3425, 28.5175], [77.3425, 28.517249999999997], [77.34275000000001, 28.517249999999997], [77.34275000000001, 28.517], [77.343, 28.517], [77.343, 28.516499999999997], [77.34325000000001, 28.516499999999997], [77.34325000000001, 28.51625], [77.3435, 28.51625], [77.3435, 28.516], [77.34375, 28.516], [77.34375, 28.5155], [77.34400000000001, 28.5155], [77.34400000000001, 28.515249999999998], [77.34425, 28.515249999999998], [77.34425, 28.51475], [77.34450000000001, 28.51475], [77.34450000000001, 28.514249999999997], [77.34475, 28.514249999999997], [77.34475, 28.513749999999998], [77.34500000000001, 28.513749999999998], [77.34500000000001, 28.512999999999998], [77.34525000000001, 28.512999999999998], [77.34525000000001, 28.512749999999997], [77.3455, 28.512749999999997], [77.3455, 28.512249999999998], [77.34575000000001, 28.512249999999998], [77.34575000000001, 28.51175], [77.346, 28.51175], [77.346, 28.511499999999998], [77.34625000000001, 28.511499999999998], [77.34625000000001, 28.511], [77.34675, 28.511], [77.34675, 28.510499999999997], [77.34700000000001, 28.510499999999997], [77.34700000000001, 28.51025], [77.34725, 28.51025], [77.34725, 28.509999999999998], [77.34750000000001, 28.509999999999998], [77.34750000000001, 28.5095], [77.34775, 28.5095], [77.34775, 28.508999999999997], [77.34800000000001, 28.508999999999997], [77.34800000000001, 28.508499999999998], [77.34825000000001, 28.508499999999998], [77.34825000000001, 28.508249999999997], [77.3485, 28.508249999999997], [77.3485, 28.507749999999998], [77.34875000000001, 28.507749999999998], [77.34875000000001, 28.50725], [77.349, 28.50725], [77.349, 28.506749999999997], [77.34925000000001, 28.506749999999997], [77.34925000000001, 28.505999999999997], [77.3495, 28.505999999999997], [77.3495, 28.50575], [77.34975, 28.50575], [77.34975, 28.505249999999997], [77.35000000000001, 28.505249999999997], [77.35000000000001, 28.505], [77.35025, 28.505], [77.35025, 28.503999999999998], [77.35050000000001, 28.503999999999998], [77.35050000000001, 28.5035], [77.35075, 28.5035], [77.35075, 28.503], [77.35100000000001, 28.503], [77.35100000000001, 28.502499999999998], [77.35125000000001, 28.502499999999998], [77.35125000000001, 28.50225], [77.3515, 28.50225], [77.3515, 28.50125], [77.35175000000001, 28.50125], [77.35175000000001, 28.5005], [77.352, 28.5005], [77.352, 28.5], [77.35225000000001, 28.5], [77.35225000000001, 28.49925], [77.3525, 28.49925], [77.3525, 28.4985], [77.35275, 28.4985], [77.35275, 28.497999999999998], [77.35300000000001, 28.497999999999998], [77.35300000000001, 28.49775], [77.35325, 28.49775], [77.35325, 28.497249999999998], [77.35350000000001, 28.497249999999998], [77.35350000000001, 28.49675], [77.35375, 28.49675], [77.35375, 28.496499999999997], [77.354, 28.496499999999997], [77.354, 28.496], [77.35425000000001, 28.496], [77.35425000000001, 28.4955], [77.3545, 28.4955], [77.3545, 28.494999999999997], [77.35475000000001, 28.494999999999997], [77.35475000000001, 28.494], [77.355, 28.494], [77.355, 28.49325], [77.35525000000001, 28.49325], [77.35525000000001, 28.493], [77.3555, 28.493], [77.3555, 28.4925], [77.35575, 28.4925], [77.35575, 28.49175], [77.35600000000001, 28.49175], [77.35600000000001, 28.4915], [77.35625, 28.4915], [77.35625, 28.49075], [77.35650000000001, 28.49075], [77.35650000000001, 28.489749999999997], [77.35675, 28.489749999999997], [77.35675, 28.48925], [77.357, 28.48925], [77.357, 28.48875], [77.35725000000001, 28.48875], [77.35725000000001, 28.488], [77.3575, 28.488], [77.3575, 28.487499999999997], [77.35775000000001, 28.487499999999997], [77.35775000000001, 28.487], [77.358, 28.487], [77.358, 28.4865], [77.35825000000001, 28.4865], [77.35825000000001, 28.485999999999997], [77.3585, 28.485999999999997], [77.3585, 28.48575], [77.35875, 28.48575], [77.35875, 28.485249999999997], [77.35900000000001, 28.485249999999997], [77.35900000000001, 28.484499999999997], [77.35925, 28.484499999999997], [77.35925, 28.483999999999998], [77.35950000000001, 28.483999999999998], [77.35950000000001, 28.483249999999998], [77.35975, 28.483249999999998], [77.35975, 28.482999999999997], [77.36, 28.482999999999997], [77.36, 28.48275], [77.36025000000001, 28.48275], [77.36025000000001, 28.482249999999997], [77.3605, 28.482249999999997], [77.3605, 28.482], [77.361, 28.482], [77.361, 28.481749999999998], [77.36125000000001, 28.481749999999998], [77.36125000000001, 28.481499999999997], [77.3615, 28.481499999999997], [77.3615, 28.48125], [77.36175, 28.48125], [77.36175, 28.480999999999998], [77.36200000000001, 28.480999999999998], [77.36200000000001, 28.480749999999997], [77.36225, 28.480749999999997], [77.36225, 28.4805], [77.36250000000001, 28.4805], [77.36250000000001, 28.480249999999998], [77.36275, 28.480249999999998], [77.36275, 28.479999999999997], [77.363, 28.479999999999997], [77.363, 28.47975], [77.3635, 28.47975], [77.3635, 28.479499999999998], [77.36375000000001, 28.479499999999998], [77.36375000000001, 28.479249999999997], [77.36425000000001, 28.479249999999997], [77.36425000000001, 28.478749999999998], [77.36475, 28.478749999999998], [77.36475, 28.47825], [77.36500000000001, 28.47825], [77.36500000000001, 28.477999999999998], [77.36550000000001, 28.477999999999998], [77.36550000000001, 28.477749999999997], [77.36575, 28.477749999999997], [77.36575, 28.4775], [77.366, 28.4775], [77.366, 28.477249999999998], [77.3665, 28.477249999999998], [77.3665, 28.476999999999997], [77.36675000000001, 28.476999999999997], [77.36675000000001, 28.47675], [77.367, 28.47675], [77.367, 28.476499999999998], [77.36725000000001, 28.476499999999998], [77.36725000000001, 28.476249999999997], [77.3675, 28.476249999999997], [77.3675, 28.476], [77.36800000000001, 28.476], [77.36800000000001, 28.475749999999998], [77.36825, 28.475749999999998], [77.36825, 28.475499999999997], [77.36850000000001, 28.475499999999997], [77.36850000000001, 28.474999999999998], [77.36875, 28.474999999999998], [77.36875, 28.47475], [77.369, 28.47475], [77.369, 28.4745], [77.3695, 28.4745], [77.3695, 28.474249999999998], [77.37, 28.474249999999998], [77.37, 28.473999999999997], [77.37025000000001, 28.473999999999997], [77.37025000000001, 28.47375], [77.37075, 28.47375], [77.37075, 28.473499999999998], [77.37100000000001, 28.473499999999998], [77.37100000000001, 28.47325], [77.37125, 28.47325], [77.37125, 28.47225], [77.37150000000001, 28.47225], [77.37150000000001, 28.471999999999998], [77.37175, 28.471999999999998], [77.37175, 28.47175], [77.372, 28.47175], [77.372, 28.4715], [77.37225000000001, 28.4715], [77.37225000000001, 28.47175], [77.373, 28.47175], [77.373, 28.47075], [77.37325000000001, 28.47075], [77.37325000000001, 28.471249999999998], [77.37425, 28.471249999999998], [77.37425, 28.471], [77.37450000000001, 28.471], [77.37450000000001, 28.47025], [77.3755, 28.47025], [77.3755, 28.469749999999998], [77.37650000000001, 28.469749999999998], [77.37650000000001, 28.46925], [77.378, 28.46925], [77.378, 28.468999999999998], [77.379, 28.468999999999998], [77.379, 28.4685], [77.37925000000001, 28.4685], [77.37925000000001, 28.468], [77.37950000000001, 28.468], [77.37950000000001, 28.46775], [77.38050000000001, 28.46775], [77.38050000000001, 28.46725], [77.381, 28.46725], [77.381, 28.467], [77.3815, 28.467], [77.3815, 28.4665], [77.38225000000001, 28.4665], [77.38225000000001, 28.466749999999998], [77.38325, 28.466749999999998], [77.38325, 28.4665], [77.38375, 28.4665], [77.38375, 28.46625], [77.3845, 28.46625], [77.3845, 28.465999999999998], [77.38475000000001, 28.465999999999998], [77.38475000000001, 28.46575], [77.38525, 28.46575], [77.38525, 28.4655], [77.38575, 28.4655], [77.38575, 28.46575], [77.387, 28.46575], [77.387, 28.4655], [77.3875, 28.4655], [77.3875, 28.465249999999997], [77.38975, 28.465249999999997], [77.38975, 28.466749999999998], [77.38725000000001, 28.466749999999998], [77.38725000000001, 28.467], [77.38600000000001, 28.467], [77.38600000000001, 28.46725], [77.38550000000001, 28.46725], [77.38550000000001, 28.467499999999998], [77.38525, 28.467499999999998], [77.38525, 28.46775], [77.38475000000001, 28.46775], [77.38475000000001, 28.468], [77.38425000000001, 28.468], [77.38425000000001, 28.468249999999998], [77.384, 28.468249999999998], [77.384, 28.4685], [77.38350000000001, 28.4685], [77.38350000000001, 28.46875], [77.38325, 28.46875], [77.38325, 28.4695], [77.38300000000001, 28.4695], [77.38300000000001, 28.46925], [77.382, 28.46925], [77.382, 28.4695], [77.38175000000001, 28.4695], [77.38175000000001, 28.469749999999998], [77.38125000000001, 28.469749999999998], [77.38125000000001, 28.47], [77.38075, 28.47], [77.38075, 28.47025], [77.38050000000001, 28.47025], [77.38050000000001, 28.470499999999998], [77.38000000000001, 28.470499999999998], [77.38000000000001, 28.47075], [77.37950000000001, 28.47075], [77.37950000000001, 28.471], [77.3785, 28.471], [77.3785, 28.471249999999998], [77.37775, 28.471249999999998], [77.37775, 28.4715], [77.37750000000001, 28.4715], [77.37750000000001, 28.47175], [77.37675, 28.47175], [77.37675, 28.471999999999998], [77.37625000000001, 28.471999999999998], [77.37625000000001, 28.47225], [77.37575000000001, 28.47225], [77.37575000000001, 28.4725], [77.375, 28.4725], [77.375, 28.472749999999998], [77.37475, 28.472749999999998], [77.37475, 28.473], [77.37400000000001, 28.473], [77.37400000000001, 28.47325], [77.3735, 28.47325], [77.3735, 28.473499999999998], [77.373, 28.473499999999998], [77.373, 28.47375], [77.37275000000001, 28.47375], [77.37275000000001, 28.473999999999997], [77.37225000000001, 28.473999999999997], [77.37225000000001, 28.474249999999998], [77.37175, 28.474249999999998], [77.37175, 28.4745], [77.37150000000001, 28.4745], [77.37150000000001, 28.47475], [77.37125, 28.47475], [77.37125, 28.474999999999998], [77.37100000000001, 28.474999999999998], [77.37100000000001, 28.47525], [77.3705, 28.47525], [77.3705, 28.475499999999997], [77.37025000000001, 28.475499999999997], [77.37025000000001, 28.475749999999998], [77.37, 28.475749999999998], [77.37, 28.476], [77.36975000000001, 28.476], [77.36975000000001, 28.476249999999997], [77.3695, 28.476249999999997], [77.3695, 28.476499999999998], [77.36925000000001, 28.476499999999998], [77.36925000000001, 28.47675], [77.36875, 28.47675], [77.36875, 28.476999999999997], [77.36850000000001, 28.476999999999997], [77.36850000000001, 28.477249999999998], [77.36825, 28.477249999999998], [77.36825, 28.4775], [77.36775, 28.4775], [77.36775, 28.477749999999997], [77.3675, 28.477749999999997], [77.3675, 28.477999999999998], [77.36725000000001, 28.477999999999998], [77.36725000000001, 28.47825], [77.367, 28.47825], [77.367, 28.478499999999997], [77.3665, 28.478499999999997], [77.3665, 28.478749999999998], [77.36625000000001, 28.478749999999998], [77.36625000000001, 28.479], [77.366, 28.479], [77.366, 28.479249999999997], [77.36575, 28.479249999999997], [77.36575, 28.479499999999998], [77.36550000000001, 28.479499999999998], [77.36550000000001, 28.47975], [77.36500000000001, 28.47975], [77.36500000000001, 28.479999999999997], [77.36475, 28.479999999999997], [77.36475, 28.480249999999998], [77.3645, 28.480249999999998], [77.3645, 28.4805], [77.36425000000001, 28.4805], [77.36425000000001, 28.480749999999997], [77.364, 28.480749999999997], [77.364, 28.480999999999998], [77.36375000000001, 28.480999999999998], [77.36375000000001, 28.48125], [77.3635, 28.48125], [77.3635, 28.481499999999997], [77.36325000000001, 28.481499999999997], [77.36325000000001, 28.481749999999998], [77.363, 28.481749999999998], [77.363, 28.482], [77.36250000000001, 28.482], [77.36250000000001, 28.482999999999997], [77.36225, 28.482999999999997], [77.36225, 28.483249999999998], [77.36200000000001, 28.483249999999998], [77.36200000000001, 28.4835], [77.36175, 28.4835], [77.36175, 28.483749999999997], [77.3615, 28.483749999999997], [77.3615, 28.483999999999998], [77.36125000000001, 28.483999999999998], [77.36125000000001, 28.484499999999997], [77.361, 28.484499999999997], [77.361, 28.48475], [77.36075000000001, 28.48475], [77.36075000000001, 28.485], [77.3605, 28.485], [77.3605, 28.48575], [77.36025000000001, 28.48575], [77.36025000000001, 28.485999999999997], [77.36, 28.485999999999997], [77.36, 28.4865], [77.35975, 28.4865], [77.35975, 28.487], [77.35950000000001, 28.487], [77.35950000000001, 28.48775], [77.35925, 28.48775], [77.35925, 28.488249999999997], [77.35900000000001, 28.488249999999997], [77.35900000000001, 28.48875], [77.35875, 28.48875], [77.35875, 28.4895], [77.3585, 28.4895], [77.3585, 28.491], [77.35825000000001, 28.491], [77.35825000000001, 28.491249999999997], [77.358, 28.491249999999997], [77.358, 28.491999999999997], [77.35775000000001, 28.491999999999997], [77.35775000000001, 28.492749999999997], [77.3575, 28.492749999999997], [77.3575, 28.493499999999997], [77.35725000000001, 28.493499999999997], [77.35725000000001, 28.494], [77.357, 28.494], [77.357, 28.4945], [77.35675, 28.4945], [77.35675, 28.49525], [77.35650000000001, 28.49525], [77.35650000000001, 28.495749999999997], [77.35625, 28.495749999999997], [77.35625, 28.49625], [77.35600000000001, 28.49625], [77.35600000000001, 28.496499999999997], [77.35575, 28.496499999999997], [77.35575, 28.497249999999998], [77.3555, 28.497249999999998], [77.3555, 28.49775], [77.35525000000001, 28.49775], [77.35525000000001, 28.49825], [77.355, 28.49825], [77.355, 28.5], [77.35475000000001, 28.5], [77.35475000000001, 28.5005], [77.3545, 28.5005], [77.3545, 28.500999999999998], [77.35425000000001, 28.500999999999998], [77.35425000000001, 28.5015], [77.354, 28.5015], [77.354, 28.50225], [77.35375, 28.50225], [77.35375, 28.502499999999998], [77.35350000000001, 28.502499999999998], [77.35350000000001, 28.503], [77.35325, 28.503], [77.35325, 28.5035], [77.35300000000001, 28.5035], [77.35300000000001, 28.503999999999998], [77.35275, 28.503999999999998], [77.35275, 28.5045], [77.3525, 28.5045], [77.3525, 28.505249999999997], [77.35225000000001, 28.505249999999997], [77.35225000000001, 28.505499999999998], [77.352, 28.505499999999998], [77.352, 28.505999999999997], [77.35175000000001, 28.505999999999997], [77.35175000000001, 28.506249999999998], [77.3515, 28.506249999999998], [77.3515, 28.5065], [77.35125000000001, 28.5065], [77.35125000000001, 28.506999999999998], [77.35100000000001, 28.506999999999998], [77.35100000000001, 28.507499999999997], [77.35075, 28.507499999999997], [77.35075, 28.507749999999998], [77.35050000000001, 28.507749999999998], [77.35050000000001, 28.508249999999997], [77.35025, 28.508249999999997], [77.35025, 28.508499999999998], [77.35000000000001, 28.508499999999998], [77.35000000000001, 28.5095], [77.35025, 28.5095], [77.35025, 28.509999999999998], [77.35000000000001, 28.509999999999998], [77.35000000000001, 28.509749999999997], [77.34925000000001, 28.509749999999997], [77.34925000000001, 28.510499999999997], [77.349, 28.510499999999997], [77.349, 28.511249999999997], [77.34925000000001, 28.511249999999997], [77.34925000000001, 28.511499999999998], [77.34825000000001, 28.511499999999998], [77.34825000000001, 28.5125], [77.34800000000001, 28.5125], [77.34800000000001, 28.513749999999998], [77.34775, 28.513749999999998], [77.34775, 28.514999999999997], [77.34675, 28.514999999999997], [77.34675, 28.5155], [77.3465, 28.5155], [77.3465, 28.515749999999997], [77.34625000000001, 28.515749999999997], [77.34625000000001, 28.516499999999997], [77.346, 28.516499999999997], [77.346, 28.51675], [77.34575000000001, 28.51675], [77.34575000000001, 28.517249999999997], [77.3455, 28.517249999999997], [77.3455, 28.5175], [77.34525000000001, 28.5175], [77.34525000000001, 28.51775], [77.34500000000001, 28.51775], [77.34500000000001, 28.517999999999997], [77.34475, 28.517999999999997], [77.34475, 28.51825], [77.34450000000001, 28.51825], [77.34450000000001, 28.5185], [77.34400000000001, 28.5185], [77.34400000000001, 28.518749999999997], [77.34375, 28.518749999999997], [77.34375, 28.519], [77.3435, 28.519], [77.3435, 28.51925], [77.34325000000001, 28.51925], [77.34325000000001, 28.519499999999997], [77.343, 28.519499999999997], [77.343, 28.51975], [77.3425, 28.51975], [77.3425, 28.520249999999997], [77.34225, 28.520249999999997], [77.34225, 28.5205], [77.34200000000001, 28.5205], [77.34200000000001, 28.52075], [77.34175, 28.52075], [77.34175, 28.520999999999997], [77.34125, 28.520999999999997], [77.34125, 28.52125], [77.34100000000001, 28.52125], [77.34100000000001, 28.5215], [77.34075, 28.5215], [77.34075, 28.521749999999997], [77.3405, 28.521749999999997], [77.3405, 28.522], [77.34025000000001, 28.522], [77.34025000000001, 28.52225], [77.34, 28.52225], [77.34, 28.522499999999997], [77.33975000000001, 28.522499999999997], [77.33975000000001, 28.523], [77.3395, 28.523], [77.3395, 28.5235], [77.33900000000001, 28.5235], [77.33900000000001, 28.523999999999997], [77.33850000000001, 28.523999999999997], [77.33850000000001, 28.5245], [77.33825, 28.5245], [77.33825, 28.525], [77.33800000000001, 28.525], [77.33800000000001, 28.52525], [77.33775, 28.52525], [77.33775, 28.52575], [77.3375, 28.52575], [77.3375, 28.5265], [77.33825, 28.5265], [77.33825, 28.526249999999997], [77.33875, 28.526249999999997], [77.33875, 28.526], [77.33900000000001, 28.526], [77.33900000000001, 28.52525], [77.3395, 28.52525], [77.3395, 28.525499999999997], [77.34, 28.525499999999997], [77.34, 28.526249999999997], [77.34025000000001, 28.526249999999997], [77.34025000000001, 28.52675], [77.34100000000001, 28.52675], [77.34100000000001, 28.526], [77.34200000000001, 28.526], [77.34200000000001, 28.526999999999997], [77.34175, 28.526999999999997], [77.34175, 28.52725], [77.3405, 28.52725], [77.3405, 28.5275], [77.3395, 28.5275], [77.3395, 28.527749999999997], [77.33925, 28.527749999999997], [77.33925, 28.52825], [77.33900000000001, 28.52825], [77.33900000000001, 28.528499999999998], [77.33875, 28.528499999999998], [77.33875, 28.52875], [77.33850000000001, 28.52875], [77.33850000000001, 28.529], [77.33825, 28.529], [77.33825, 28.529249999999998], [77.33775, 28.529249999999998], [77.33775, 28.529], [77.33725000000001, 28.529], [77.33725000000001, 28.52875], [77.337, 28.52875], [77.337, 28.528499999999998], [77.33675000000001, 28.528499999999998], [77.33675000000001, 28.52825], [77.33575, 28.52825], [77.33575, 28.528499999999998], [77.33550000000001, 28.528499999999998], [77.33550000000001, 28.52875], [77.33525, 28.52875], [77.33525, 28.529249999999998], [77.33500000000001, 28.529249999999998], [77.33500000000001, 28.5295], [77.33475, 28.5295], [77.33475, 28.52975], [77.3345, 28.52975], [77.3345, 28.529999999999998], [77.334, 28.529999999999998], [77.334, 28.5305], [77.33375000000001, 28.5305], [77.33375000000001, 28.530749999999998], [77.33325, 28.530749999999998], [77.33325, 28.53125], [77.33300000000001, 28.53125], [77.33300000000001, 28.531499999999998], [77.33275, 28.531499999999998], [77.33275, 28.53175], [77.33250000000001, 28.53175], [77.33250000000001, 28.532249999999998], [77.33200000000001, 28.532249999999998], [77.33200000000001, 28.5325], [77.3315, 28.5325], [77.3315, 28.532999999999998], [77.33125000000001, 28.532999999999998], [77.33125000000001, 28.5335], [77.331, 28.5335], [77.331, 28.533749999999998], [77.33075000000001, 28.533749999999998], [77.33075000000001, 28.534], [77.33025, 28.534], [77.33025, 28.53475], [77.33000000000001, 28.53475], [77.33000000000001, 28.535], [77.32925, 28.535], [77.32925, 28.535249999999998], [77.32900000000001, 28.535249999999998], [77.32900000000001, 28.535999999999998], [77.32875, 28.535999999999998], [77.32875, 28.53575], [77.328, 28.53575], [77.328, 28.535999999999998], [77.32775000000001, 28.535999999999998], [77.32775000000001, 28.53625], [77.3275, 28.53625], [77.3275, 28.536499999999997], [77.32725, 28.536499999999997], [77.32725, 28.536749999999998], [77.32675, 28.536749999999998], [77.32675, 28.537], [77.32650000000001, 28.537], [77.32650000000001, 28.537249999999997], [77.32600000000001, 28.537249999999997], [77.32600000000001, 28.537499999999998], [77.32575, 28.537499999999998], [77.32575, 28.53775], [77.3255, 28.53775], [77.3255, 28.537999999999997], [77.32525000000001, 28.537999999999997], [77.32525000000001, 28.538249999999998], [77.325, 28.538249999999998], [77.325, 28.5385], [77.3245, 28.5385], [77.3245, 28.538749999999997], [77.32425, 28.538749999999997], [77.32425, 28.538999999999998], [77.32400000000001, 28.538999999999998], [77.32400000000001, 28.53925], [77.32350000000001, 28.53925], [77.32350000000001, 28.539499999999997], [77.32325, 28.539499999999997], [77.32325, 28.54], [77.32300000000001, 28.54], [77.32300000000001, 28.540249999999997], [77.32275, 28.540249999999997], [77.32275, 28.540499999999998], [77.3225, 28.540499999999998], [77.3225, 28.54075], [77.32225000000001, 28.54075], [77.32225000000001, 28.540999999999997], [77.322, 28.540999999999997], [77.322, 28.5415], [77.32175000000001, 28.5415], [77.32175000000001, 28.541749999999997], [77.3215, 28.541749999999997], [77.3215, 28.541249999999998], [77.32075, 28.541249999999998], [77.32075, 28.542499999999997], [77.32050000000001, 28.542499999999997], [77.32050000000001, 28.543249999999997], [77.32025, 28.543249999999997], [77.32025, 28.54375], [77.32000000000001, 28.54375], [77.32000000000001, 28.544249999999998], [77.31975000000001, 28.544249999999998], [77.31975000000001, 28.5445], [77.3195, 28.5445], [77.3195, 28.544749999999997], [77.31925000000001, 28.544749999999997], [77.31925000000001, 28.545499999999997], [77.31775, 28.545499999999997], [77.31775, 28.546], [77.31725, 28.546], [77.31725, 28.546249999999997], [77.31700000000001, 28.546249999999997], [77.31700000000001, 28.54675], [77.31675000000001, 28.54675], [77.31675000000001, 28.546999999999997], [77.31625000000001, 28.546999999999997]], [[77.31700000000001, 28.544749999999997], [77.31775, 28.544749999999997], [77.31775, 28.543999999999997], [77.31700000000001, 28.543999999999997], [77.31700000000001, 28.544749999999997]], [[77.33675000000001, 28.527749999999997], [77.3375, 28.527749999999997], [77.3375, 28.52675], [77.33675000000001, 28.52675], [77.33675000000001, 28.527749999999997]]]}, "properties": {"area_km2": 2.73, "area_ha": 273.0}}, {"type": "Feature", "geometry": {"type": "Polygon", "coordinates": [[[77.3615, 28.714], [77.3615, 28.713749999999997], [77.35950000000001, 28.713749999999997], [77.35950000000001, 28.7135], [77.35925, 28.7135], [77.35925, 28.71325], [77.35900000000001, 28.71325], [77.35900000000001, 28.712999999999997], [77.358, 28.712999999999997], [77.358, 28.71275], [77.35675, 28.71275], [77.35675, 28.7125], [77.35525000000001, 28.7125], [77.35525000000001, 28.712249999999997], [77.35475000000001, 28.712249999999997], [77.35475000000001, 28.7105], [77.35325, 28.7105], [77.35325, 28.71025], [77.34800000000001, 28.71025], [77.34800000000001, 28.709999999999997], [77.34475, 28.709999999999997], [77.34475, 28.709], [77.34450000000001, 28.709], [77.34450000000001, 28.70825], [77.34200000000001, 28.70825], [77.34200000000001, 28.708499999999997], [77.34150000000001, 28.708499999999997], [77.34150000000001, 28.70825], [77.34075, 28.70825], [77.34075, 28.708], [77.3405, 28.708], [77.3405, 28.7075], [77.34075, 28.7075], [77.34075, 28.70725], [77.34150000000001, 28.70725], [77.34150000000001, 28.7065], [77.34175, 28.7065], [77.34175, 28.70675], [77.34200000000001, 28.70675], [77.34200000000001, 28.7075], [77.343, 28.7075], [77.343, 28.70725], [77.34325000000001, 28.70725], [77.34325000000001, 28.706999999999997], [77.34400000000001, 28.706999999999997], [77.34400000000001, 28.70675], [77.34425, 28.70675], [77.34425, 28.7065], [77.34475, 28.7065], [77.34475, 28.706249999999997], [77.34500000000001, 28.706249999999997], [77.34500000000001, 28.706], [77.3465, 28.706], [77.3465, 28.70525], [77.34700000000001, 28.70525], [77.34700000000001, 28.706], [77.34825000000001, 28.706], [77.34825000000001, 28.705499999999997], [77.3485, 28.705499999999997], [77.3485, 28.70525], [77.34975, 28.70525], [77.34975, 28.705], [77.35000000000001, 28.705], [77.35000000000001, 28.70525], [77.35125000000001, 28.70525], [77.35125000000001, 28.705], [77.35175000000001, 28.705], [77.35175000000001, 28.704749999999997], [77.35225000000001, 28.704749999999997], [77.35225000000001, 28.705], [77.35325, 28.705], [77.35325, 28.7045], [77.35350000000001, 28.7045], [77.35350000000001, 28.704749999999997], [77.35425000000001, 28.704749999999997], [77.35425000000001, 28.705499999999997], [77.3545, 28.705499999999997], [77.3545, 28.7075], [77.35950000000001, 28.7075], [77.35950000000001, 28.70675], [77.35925, 28.70675], [77.35925, 28.706249999999997], [77.35525000000001, 28.706249999999997], [77.35525000000001, 28.706], [77.35775000000001, 28.706], [77.35775000000001, 28.70425], [77.35825000000001, 28.70425], [77.35825000000001, 28.704749999999997], [77.35950000000001, 28.704749999999997], [77.35950000000001, 28.705499999999997], [77.35975, 28.705499999999997], [77.35975, 28.706], [77.36, 28.706], [77.36, 28.706249999999997], [77.35975, 28.706249999999997], [77.35975, 28.7075], [77.36325000000001, 28.7075], [77.36325000000001, 28.706249999999997], [77.36075000000001, 28.706249999999997], [77.36075000000001, 28.706], [77.36125000000001, 28.706], [77.36125000000001, 28.70525], [77.3605, 28.70525], [77.3605, 28.705], [77.36075000000001, 28.705], [77.36075000000001, 28.704749999999997], [77.36125000000001, 28.704749999999997], [77.36125000000001, 28.705], [77.36200000000001, 28.705], [77.36200000000001, 28.706], [77.36275, 28.706], [77.36275, 28.70575], [77.36550000000001, 28.70575], [77.36550000000001, 28.706], [77.36625000000001, 28.706], [77.36625000000001, 28.70575], [77.3665, 28.70575], [77.3665, 28.705499999999997], [77.36675000000001, 28.705499999999997], [77.36675000000001, 28.704749999999997], [77.366, 28.704749999999997], [77.366, 28.7045], [77.36625000000001, 28.7045], [77.36625000000001, 28.70425], [77.367, 28.70425], [77.367, 28.7045], [77.36775, 28.7045], [77.36775, 28.70425], [77.36825, 28.70425], [77.36825, 28.7045], [77.3705, 28.7045], [77.3705, 28.70425], [77.37075, 28.70425], [77.37075, 28.705499999999997], [77.37150000000001, 28.705499999999997], [77.37150000000001, 28.70525], [77.37175, 28.70525], [77.37175, 28.70575], [77.3725, 28.70575], [77.3725, 28.703999999999997], [77.37225000000001, 28.703999999999997], [77.37225000000001, 28.70375], [77.372, 28.70375], [77.372, 28.7035], [77.3735, 28.7035], [77.3735, 28.703249999999997], [77.37375, 28.703249999999997], [77.37375, 28.702749999999998], [77.37400000000001, 28.702749999999998], [77.37400000000001, 28.703], [77.37425, 28.703], [77.37425, 28.703249999999997], [77.3755, 28.703249999999997], [77.3755, 28.703], [77.376, 28.703], [77.376, 28.70525], [77.37575000000001, 28.70525], [77.37575000000001, 28.705499999999997], [77.37325000000001, 28.705499999999997], [77.37325000000001, 28.70575], [77.373, 28.70575], [77.373, 28.7065], [77.37325000000001, 28.7065], [77.37325000000001, 28.706999999999997], [77.375, 28.706999999999997], [77.375, 28.70675], [77.3755, 28.70675], [77.3755, 28.7065], [77.37575000000001, 28.7065], [77.37575000000001, 28.70675], [77.376, 28.70675], [77.376, 28.706999999999997], [77.37650000000001, 28.706999999999997], [77.37650000000001, 28.7075], [77.37700000000001, 28.7075], [77.37700000000001, 28.708], [77.37675, 28.708], [77.37675, 28.70825], [77.37525000000001, 28.70825], [77.37525000000001, 28.708499999999997], [77.375, 28.708499999999997], [77.375, 28.70825], [77.373, 28.70825], [77.373, 28.709], [77.37275000000001, 28.709], [77.37275000000001, 28.7095], [77.37225000000001, 28.7095], [77.37225000000001, 28.70975], [77.372, 28.70975], [77.372, 28.709999999999997], [77.37175, 28.709999999999997], [77.37175, 28.71025], [77.3705, 28.71025], [77.3705, 28.7105], [77.36975000000001, 28.7105], [77.36975000000001, 28.710749999999997], [77.36825, 28.710749999999997], [77.36825, 28.711], [77.3675, 28.711], [77.3675, 28.710749999999997], [77.3665, 28.710749999999997], [77.3665, 28.711], [77.36325000000001, 28.711], [77.36325000000001, 28.7125], [77.363, 28.7125], [77.363, 28.71325], [77.36250000000001, 28.71325], [77.36250000000001, 28.7135], [77.36225, 28.7135], [77.36225, 28.713749999999997], [77.36200000000001, 28.713749999999997], [77.36200000000001, 28.714], [77.3615, 28.714]], [[77.36175, 28.711499999999997], [77.36250000000001, 28.711499999999997], [77.36250000000001, 28.710749999999997], [77.36175, 28.710749999999997], [77.36175, 28.711499999999997]], [[77.35875, 28.71125], [77.35950000000001, 28.71125], [77.35950000000001, 28.7105], [77.35875, 28.7105], [77.35875, 28.71125]], [[77.35975, 28.71125], [77.36075000000001, 28.71125], [77.36075000000001, 28.7105], [77.35975, 28.7105], [77.35975, 28.71125]], [[77.35575, 28.711], [77.35650000000001, 28.711], [77.35650000000001, 28.71025], [77.35575, 28.71025], [77.35575, 28.711]], [[77.36200000000001, 28.71025], [77.363, 28.71025], [77.363, 28.7095], [77.364, 28.7095], [77.364, 28.709249999999997], [77.3645, 28.709249999999997], [77.3645, 28.708499999999997], [77.3635, 28.708499999999997], [77.3635, 28.70825], [77.36175, 28.70825], [77.36175, 28.708], [77.3605, 28.708], [77.3605, 28.70825], [77.36025000000001, 28.70825], [77.36025000000001, 28.708], [77.3585, 28.708], [77.3585, 28.70825], [77.35650000000001, 28.70825], [77.35650000000001, 28.708], [77.35425000000001, 28.708], [77.35425000000001, 28.70825], [77.354, 28.70825], [77.354, 28.708499999999997], [77.35350000000001, 28.708499999999997], [77.35350000000001, 28.70875], [77.35325, 28.70875], [77.35325, 28.70825], [77.35300000000001, 28.70825], [77.35300000000001, 28.708], [77.35225000000001, 28.708], [77.35225000000001, 28.70825], [77.349, 28.70825], [77.349, 28.708], [77.34825000000001, 28.708], [77.34825000000001, 28.70825], [77.34725, 28.70825], [77.34725, 28.708499999999997], [77.3455, 28.708499999999997], [77.3455, 28.70875], [77.34525000000001, 28.70875], [77.34525000000001, 28.7095], [77.34675, 28.7095], [77.34675, 28.709249999999997], [77.34700000000001, 28.709249999999997], [77.34700000000001, 28.7095], [77.34725, 28.7095], [77.34725, 28.70975], [77.34825000000001, 28.70975], [77.34825000000001, 28.7095], [77.34875000000001, 28.7095], [77.34875000000001, 28.70975], [77.35000000000001, 28.70975], [77.35000000000001, 28.7095], [77.35175000000001, 28.7095], [77.35175000000001, 28.709249999999997], [77.352, 28.709249999999997], [77.352, 28.7095], [77.35225000000001, 28.7095], [77.35225000000001, 28.70975], [77.35575, 28.70975], [77.35575, 28.709999999999997], [77.36, 28.709999999999997], [77.36, 28.7095], [77.36075000000001, 28.7095], [77.36075000000001, 28.709999999999997], [77.36200000000001, 28.709999999999997], [77.36200000000001, 28.71025]], [[77.36775, 28.71025], [77.3695, 28.71025], [77.3695, 28.7095], [77.37175, 28.7095], [77.37175, 28.709249999999997], [77.372, 28.709249999999997], [77.372, 28.70875], [77.37225000000001, 28.70875], [77.37225000000001, 28.708], [77.37075, 28.708], [77.37075, 28.70825], [77.37, 28.70825], [77.37, 28.708], [77.36875, 28.708], [77.36875, 28.70825], [77.36850000000001, 28.70825], [77.36850000000001, 28.708499999999997], [77.36825, 28.708499999999997], [77.36825, 28.70825], [77.36775, 28.70825], [77.36775, 28.708], [77.36625000000001, 28.708], [77.36625000000001, 28.70825], [77.36500000000001, 28.70825], [77.36500000000001, 28.709], [77.36625000000001, 28.709], [77.36625000000001, 28.709249999999997], [77.3665, 28.709249999999997], [77.3665, 28.7095], [77.36775, 28.7095], [77.36775, 28.71025]], [[77.34800000000001, 28.707749999999997], [77.34875000000001, 28.707749999999997], [77.34875000000001, 28.7075], [77.35375, 28.7075], [77.35375, 28.70725], [77.354, 28.70725], [77.354, 28.7065], [77.35375, 28.7065], [77.35375, 28.706249999999997], [77.3525, 28.706249999999997], [77.3525, 28.7065], [77.352, 28.7065], [77.352, 28.70675], [77.35175000000001, 28.70675], [77.35175000000001, 28.706249999999997], [77.35025, 28.706249999999997], [77.35025, 28.7065], [77.34925000000001, 28.7065], [77.34925000000001, 28.706249999999997], [77.3485, 28.706249999999997], [77.3485, 28.7065], [77.34725, 28.7065], [77.34725, 28.7075], [77.34800000000001, 28.7075], [77.34800000000001, 28.707749999999997]], [[77.3635, 28.7075], [77.36475, 28.7075], [77.36475, 28.706249999999997], [77.36375000000001, 28.706249999999997], [77.36375000000001, 28.70675], [77.3635, 28.70675], [77.3635, 28.7075]], [[77.36575, 28.7075], [77.36800000000001, 28.7075], [77.36800000000001, 28.70725], [77.36875, 28.70725], [77.36875, 28.7075], [77.3695, 28.7075], [77.3695, 28.70725], [77.37100000000001, 28.70725], [77.37100000000001, 28.706999999999997], [77.37225000000001, 28.706999999999997], [77.37225000000001, 28.706249999999997], [77.37, 28.706249999999997], [77.37, 28.7065], [77.36975000000001, 28.7065], [77.36975000000001, 28.706249999999997], [77.366, 28.706249999999997], [77.366, 28.7065], [77.36575, 28.7065], [77.36575, 28.7075]], [[77.34525000000001, 28.70725], [77.346, 28.70725], [77.346, 28.7065], [77.34525000000001, 28.7065], [77.34525000000001, 28.70725]]]}, "properties": {"area_km2": 1.242, "area_ha": 124.2}}, {"type": "Feature", "geometry": {"type": "Polygon", "coordinates": [[[77.22875, 28.739749999999997], [77.22875, 28.73925], [77.22925000000001, 28.73925], [77.22925000000001, 28.738249999999997], [77.2295, 28.738249999999997], [77.2295, 28.737499999999997], [77.22975000000001, 28.737499999999997], [77.22975000000001, 28.73725], [77.23, 28.73725], [77.23, 28.7365], [77.23025000000001, 28.7365], [77.23025000000001, 28.7355], [77.2305, 28.7355], [77.2305, 28.735249999999997], [77.23075, 28.735249999999997], [77.23075, 28.735], [77.23100000000001, 28.735], [77.23100000000001, 28.73475], [77.23125, 28.73475], [77.23125, 28.73425], [77.23150000000001, 28.73425], [77.23150000000001, 28.733999999999998], [77.23175, 28.733999999999998], [77.23175, 28.7335], [77.232, 28.7335], [77.232, 28.733249999999998], [77.2325, 28.733249999999998], [77.2325, 28.73275], [77.23325000000001, 28.73275], [77.23325000000001, 28.732], [77.23450000000001, 28.732], [77.23450000000001, 28.731749999999998], [77.23475, 28.731749999999998], [77.23475, 28.731499999999997], [77.235, 28.731499999999997], [77.235, 28.73125], [77.23525000000001, 28.73125], [77.23525000000001, 28.730999999999998], [77.2355, 28.730999999999998], [77.2355, 28.730749999999997], [77.236, 28.730749999999997], [77.236, 28.7305], [77.23625000000001, 28.7305], [77.23625000000001, 28.728749999999998], [77.236, 28.728749999999998], [77.236, 28.72825], [77.23625000000001, 28.72825], [77.23625000000001, 28.728499999999997], [77.2365, 28.728499999999997], [77.2365, 28.729], [77.23675, 28.729], [77.23675, 28.729249999999997], [77.23750000000001, 28.729249999999997], [77.23750000000001, 28.727999999999998], [77.23725, 28.727999999999998], [77.23725, 28.727749999999997], [77.2365, 28.727749999999997], [77.2365, 28.727249999999998], [77.23675, 28.727249999999998], [77.23675, 28.72675], [77.23700000000001, 28.72675], [77.23700000000001, 28.726249999999997], [77.23725, 28.726249999999997], [77.23725, 28.725499999999997], [77.23750000000001, 28.725499999999997], [77.23750000000001, 28.724999999999998], [77.23775, 28.724999999999998], [77.23775, 28.724749999999997], [77.238, 28.724749999999997], [77.238, 28.724249999999998], [77.23825000000001, 28.724249999999998], [77.23825000000001, 28.724], [77.2385, 28.724], [77.2385, 28.72375], [77.23875000000001, 28.72375], [77.23875000000001, 28.723499999999998], [77.239, 28.723499999999998], [77.239, 28.72325], [77.23925000000001, 28.72325], [77.23925000000001, 28.722749999999998], [77.2395, 28.722749999999998], [77.2395, 28.72225], [77.23975, 28.72225], [77.23975, 28.72175], [77.24000000000001, 28.72175], [77.24000000000001, 28.721249999999998], [77.24025, 28.721249999999998], [77.24025, 28.720499999999998], [77.24000000000001, 28.720499999999998], [77.24000000000001, 28.72025], [77.23975, 28.72025], [77.23975, 28.72], [77.2395, 28.72], [77.2395, 28.7195], [77.23925000000001, 28.7195], [77.23925000000001, 28.71925], [77.23875000000001, 28.71925], [77.23875000000001, 28.718999999999998], [77.23825000000001, 28.718999999999998], [77.23825000000001, 28.71875], [77.23775, 28.71875], [77.23775, 28.7185], [77.23750000000001, 28.7185], [77.23750000000001, 28.718249999999998], [77.23725, 28.718249999999998], [77.23725, 28.71775], [77.23700000000001, 28.71775], [77.23700000000001, 28.717499999999998], [77.23675, 28.717499999999998], [77.23675, 28.71725], [77.2365, 28.71725], [77.2365, 28.717], [77.23625000000001, 28.717], [77.23625000000001, 28.716749999999998], [77.236, 28.716749999999998], [77.236, 28.7165], [77.23575000000001, 28.7165], [77.23575000000001, 28.71625], [77.2355, 28.71625], [77.2355, 28.715999999999998], [77.23525000000001, 28.715999999999998], [77.23525000000001, 28.71575], [77.235, 28.71575], [77.235, 28.7155], [77.23475, 28.7155], [77.23475, 28.715249999999997], [77.23450000000001, 28.715249999999997], [77.23450000000001, 28.715], [77.23400000000001, 28.715], [77.23400000000001, 28.71475], [77.23375, 28.71475], [77.23375, 28.714499999999997], [77.2335, 28.714499999999997], [77.2335, 28.71425], [77.23325000000001, 28.71425], [77.23325000000001, 28.714], [77.23275000000001, 28.714], [77.23275000000001, 28.713749999999997], [77.2325, 28.713749999999997], [77.2325, 28.7135], [77.23225000000001, 28.7135], [77.23225000000001, 28.71325], [77.23175, 28.71325], [77.23175, 28.712249999999997], [77.23275000000001, 28.712249999999997], [77.23275000000001, 28.712], [77.2335, 28.712], [77.2335, 28.71175], [77.23450000000001, 28.71175], [77.23450000000001, 28.711499999999997], [77.23525000000001, 28.711499999999997], [77.23525000000001, 28.7125], [77.2355, 28.7125], [77.2355, 28.71275], [77.236, 28.71275], [77.236, 28.712999999999997], [77.23625000000001, 28.712999999999997], [77.23625000000001, 28.713749999999997], [77.2365, 28.713749999999997], [77.2365, 28.714], [77.23675, 28.714], [77.23675, 28.714499999999997], [77.23700000000001, 28.714499999999997], [77.23700000000001, 28.71475], [77.23750000000001, 28.71475], [77.23750000000001, 28.715], [77.23775, 28.715], [77.23775, 28.7155], [77.238, 28.7155], [77.238, 28.71575], [77.23825000000001, 28.71575], [77.23825000000001, 28.715999999999998], [77.2385, 28.715999999999998], [77.2385, 28.71625], [77.23875000000001, 28.71625], [77.23875000000001, 28.716749999999998], [77.239, 28.716749999999998], [77.239, 28.717499999999998], [77.23925000000001, 28.717499999999998], [77.23925000000001, 28.71775], [77.24000000000001, 28.71775], [77.24000000000001, 28.718], [77.24025, 28.718], [77.24025, 28.718249999999998], [77.24050000000001, 28.718249999999998], [77.24050000000001, 28.71875], [77.24075, 28.71875], [77.24075, 28.718999999999998], [77.241, 28.718999999999998], [77.241, 28.72], [77.242, 28.72], [77.242, 28.720499999999998], [77.24225000000001, 28.720499999999998], [77.24225000000001, 28.721249999999998], [77.2425, 28.721249999999998], [77.2425, 28.72225], [77.24325, 28.72225], [77.24325, 28.72325], [77.24350000000001, 28.72325], [77.24350000000001, 28.723499999999998], [77.24300000000001, 28.723499999999998], [77.24300000000001, 28.72375], [77.24275, 28.72375], [77.24275, 28.724749999999997], [77.24300000000001, 28.724749999999997], [77.24300000000001, 28.724999999999998], [77.24325, 28.724999999999998], [77.24325, 28.726999999999997], [77.24300000000001, 28.726999999999997], [77.24300000000001, 28.727249999999998], [77.2425, 28.727249999999998], [77.2425, 28.7275], [77.24225000000001, 28.7275], [77.24225000000001, 28.728499999999997], [77.242, 28.728499999999997], [77.242, 28.729], [77.24175000000001, 28.729], [77.24175000000001, 28.729249999999997], [77.2415, 28.729249999999997], [77.2415, 28.729499999999998], [77.24125000000001, 28.729499999999998], [77.24125000000001, 28.72975], [77.241, 28.72975], [77.241, 28.730249999999998], [77.24050000000001, 28.730249999999998], [77.24050000000001, 28.730749999999997], [77.24025, 28.730749999999997], [77.24025, 28.730999999999998], [77.24000000000001, 28.730999999999998], [77.24000000000001, 28.73125], [77.2395, 28.73125], [77.2395, 28.731499999999997], [77.23925000000001, 28.731499999999997], [77.23925000000001, 28.732], [77.23875000000001, 28.732], [77.23875000000001, 28.732499999999998], [77.23825000000001, 28.732499999999998], [77.23825000000001, 28.732999999999997], [77.238, 28.732999999999997], [77.238, 28.733249999999998], [77.23775, 28.733249999999998], [77.23775, 28.733749999999997], [77.23750000000001, 28.733749999999997], [77.23750000000001, 28.733999999999998], [77.23725, 28.733999999999998], [77.23725, 28.73425], [77.23700000000001, 28.73425], [77.23700000000001, 28.734499999999997], [77.23675, 28.734499999999997], [77.23675, 28.73475], [77.2365, 28.73475], [77.2365, 28.735], [77.23625000000001, 28.735], [77.23625000000001, 28.735249999999997], [77.236, 28.735249999999997], [77.236, 28.7355], [77.23575000000001, 28.7355], [77.23575000000001, 28.73575], [77.2355, 28.73575], [77.2355, 28.735999999999997], [77.23525000000001, 28.735999999999997], [77.23525000000001, 28.73625], [77.235, 28.73625], [77.235, 28.7365], [77.23475, 28.7365], [77.23475, 28.736749999999997], [77.23450000000001, 28.736749999999997], [77.23450000000001, 28.737], [77.23425, 28.737], [77.23425, 28.73725], [77.23400000000001, 28.73725], [77.23400000000001, 28.73775], [77.23375, 28.73775], [77.23375, 28.738], [77.2335, 28.738], [77.2335, 28.738249999999997], [77.23325000000001, 28.738249999999997], [77.23325000000001, 28.7385], [77.233, 28.7385], [77.233, 28.73875], [77.23275000000001, 28.73875], [77.23275000000001, 28.738999999999997], [77.2325, 28.738999999999997], [77.2325, 28.73925], [77.23225000000001, 28.73925], [77.23225000000001, 28.7395], [77.232, 28.7395], [77.232, 28.739749999999997], [77.22875, 28.739749999999997]], [[77.23875000000001, 28.726499999999998], [77.2395, 28.726499999999998], [77.2395, 28.726249999999997], [77.23975, 28.726249999999997], [77.23975, 28.725749999999998], [77.24000000000001, 28.725749999999998], [77.24000000000001, 28.72525], [77.24025, 28.72525], [77.24025, 28.724749999999997], [77.24050000000001, 28.724749999999997], [77.24050000000001, 28.72375], [77.23975, 28.72375], [77.23975, 28.724], [77.2395, 28.724], [77.2395, 28.724249999999998], [77.23925000000001, 28.724249999999998], [77.23925000000001, 28.724999999999998], [77.239, 28.724999999999998], [77.239, 28.72525], [77.23875000000001, 28.72525], [77.23875000000001, 28.726499999999998]]]}, "properties": {"area_km2": 1.2249, "area_ha": 122.49}}, {"type": "Feature", "geometry": {"type": "Polygon", "coordinates": [[[77.23125, 28.711499999999997], [77.23125, 28.71125], [77.23100000000001, 28.71125], [77.23100000000001, 28.710749999999997], [77.23075, 28.710749999999997], [77.23075, 28.709999999999997], [77.2305, 28.709999999999997], [77.2305, 28.708], [77.23025000000001, 28.708], [77.23025000000001, 28.70725], [77.2305, 28.70725], [77.2305, 28.70675], [77.23125, 28.70675], [77.23125, 28.7065], [77.23175, 28.7065], [77.23175, 28.706249999999997], [77.2325, 28.706249999999997], [77.2325, 28.705499999999997], [77.23175, 28.705499999999997], [77.23175, 28.70575], [77.23075, 28.70575], [77.23075, 28.705499999999997], [77.2305, 28.705499999999997], [77.2305, 28.704749999999997], [77.23025000000001, 28.704749999999997], [77.23025000000001, 28.70425], [77.2305, 28.70425], [77.2305, 28.701749999999997], [77.23025000000001, 28.701749999999997], [77.23025000000001, 28.700999999999997], [77.23, 28.700999999999997], [77.23, 28.699749999999998], [77.22975000000001, 28.699749999999998], [77.22975000000001, 28.69925], [77.2295, 28.69925], [77.2295, 28.698249999999998], [77.22925000000001, 28.698249999999998], [77.22925000000001, 28.696749999999998], [77.229, 28.696749999999998], [77.229, 28.6955], [77.22925000000001, 28.6955], [77.22925000000001, 28.6925], [77.2295, 28.6925], [77.2295, 28.689999999999998], [77.22975000000001, 28.689999999999998], [77.22975000000001, 28.68825], [77.23, 28.68825], [77.23, 28.68725], [77.23025000000001, 28.68725], [77.23025000000001, 28.685], [77.2305, 28.685], [77.2305, 28.6835], [77.23075, 28.6835], [77.23075, 28.6815], [77.23100000000001, 28.6815], [77.23100000000001, 28.680249999999997], [77.23125, 28.680249999999997], [77.23125, 28.67925], [77.23150000000001, 28.67925], [77.23150000000001, 28.6785], [77.23175, 28.6785], [77.23175, 28.677], [77.232, 28.677], [77.232, 28.675749999999997], [77.23225000000001, 28.675749999999997], [77.23225000000001, 28.6745], [77.2325, 28.6745], [77.2325, 28.67375], [77.23275000000001, 28.67375], [77.23275000000001, 28.67325], [77.233, 28.67325], [77.233, 28.671499999999998], [77.23325000000001, 28.671499999999998], [77.23325000000001, 28.671249999999997], [77.2335, 28.671249999999997], [77.2335, 28.671], [77.23400000000001, 28.671], [77.23400000000001, 28.670499999999997], [77.23425, 28.670499999999997], [77.23425, 28.669749999999997], [77.23475, 28.669749999999997], [77.23475, 28.66875], [77.235, 28.66875], [77.235, 28.668499999999998], [77.23525000000001, 28.668499999999998], [77.23525000000001, 28.668249999999997], [77.2355, 28.668249999999997], [77.2355, 28.667749999999998], [77.23575000000001, 28.667749999999998], [77.23575000000001, 28.667499999999997], [77.236, 28.667499999999997], [77.236, 28.66725], [77.23625000000001, 28.66725], [77.23625000000001, 28.666999999999998], [77.2365, 28.666999999999998], [77.2365, 28.666749999999997], [77.23675, 28.666749999999997], [77.23675, 28.6665], [77.23700000000001, 28.6665], [77.23700000000001, 28.666249999999998], [77.23725, 28.666249999999998], [77.23725, 28.665999999999997], [77.23775, 28.665999999999997], [77.23775, 28.66575], [77.238, 28.66575], [77.238, 28.665499999999998], [77.23825000000001, 28.665499999999998], [77.23825000000001, 28.665249999999997], [77.2385, 28.665249999999997], [77.2385, 28.665], [77.23875000000001, 28.665], [77.23875000000001, 28.664749999999998], [77.239, 28.664749999999998], [77.239, 28.664499999999997], [77.2395, 28.664499999999997], [77.2395, 28.66425], [77.24000000000001, 28.66425], [77.24000000000001, 28.663999999999998], [77.24050000000001, 28.663999999999998], [77.24050000000001, 28.663749999999997], [77.24075, 28.663749999999997], [77.24075, 28.6635], [77.2425, 28.6635], [77.2425, 28.663249999999998], [77.24300000000001, 28.663249999999998], [77.24300000000001, 28.662999999999997], [77.245, 28.662999999999997], [77.245, 28.663249999999998], [77.24575, 28.663249999999998], [77.24575, 28.6635], [77.24600000000001, 28.6635], [77.24600000000001, 28.663749999999997], [77.2445, 28.663749999999997], [77.2445, 28.663999999999998], [77.24325, 28.663999999999998], [77.24325, 28.66425], [77.24275, 28.66425], [77.24275, 28.664749999999998], [77.242, 28.664749999999998], [77.242, 28.665], [77.241, 28.665], [77.241, 28.665249999999997], [77.24075, 28.665249999999997], [77.24075, 28.665499999999998], [77.24050000000001, 28.665499999999998], [77.24050000000001, 28.66575], [77.24025, 28.66575], [77.24025, 28.666249999999998], [77.239, 28.666249999999998], [77.239, 28.666749999999997], [77.23875000000001, 28.666749999999997], [77.23875000000001, 28.666999999999998], [77.2385, 28.666999999999998], [77.2385, 28.66725], [77.23825000000001, 28.66725], [77.23825000000001, 28.667499999999997], [77.238, 28.667499999999997], [77.238, 28.667749999999998], [77.23775, 28.667749999999998], [77.23775, 28.668], [77.23750000000001, 28.668], [77.23750000000001, 28.668499999999998], [77.23725, 28.668499999999998], [77.23725, 28.66875], [77.2365, 28.66875], [77.2365, 28.6695], [77.23675, 28.6695], [77.23675, 28.669749999999997], [77.2365, 28.669749999999997], [77.2365, 28.669999999999998], [77.23625000000001, 28.669999999999998], [77.23625000000001, 28.670749999999998], [77.236, 28.670749999999998], [77.236, 28.671], [77.23525000000001, 28.671], [77.23525000000001, 28.67175], [77.236, 28.67175], [77.236, 28.671999999999997], [77.23575000000001, 28.671999999999997], [77.23575000000001, 28.67225], [77.2355, 28.67225], [77.2355, 28.67325], [77.23575000000001, 28.67325], [77.23575000000001, 28.673499999999997], [77.2355, 28.673499999999997], [77.2355, 28.67475], [77.235, 28.67475], [77.235, 28.6755], [77.23450000000001, 28.6755], [77.23450000000001, 28.676], [77.23425, 28.676], [77.23425, 28.676499999999997], [77.23400000000001, 28.676499999999997], [77.23400000000001, 28.67675], [77.23375, 28.67675], [77.23375, 28.67825], [77.2335, 28.67825], [77.2335, 28.679499999999997], [77.23325000000001, 28.679499999999997], [77.23325000000001, 28.68], [77.233, 28.68], [77.233, 28.680999999999997], [77.23275000000001, 28.680999999999997], [77.23275000000001, 28.681749999999997], [77.2325, 28.681749999999997], [77.2325, 28.682499999999997], [77.23225000000001, 28.682499999999997], [77.23225000000001, 28.68375], [77.232, 28.68375], [77.232, 28.68525], [77.23175, 28.68525], [77.23175, 28.68675], [77.23150000000001, 28.68675], [77.23150000000001, 28.6875], [77.23175, 28.6875], [77.23175, 28.687749999999998], [77.23150000000001, 28.687749999999998], [77.23150000000001, 28.68825], [77.23125, 28.68825], [77.23125, 28.69125], [77.23100000000001, 28.69125], [77.23100000000001, 28.692999999999998], [77.23125, 28.692999999999998], [77.23125, 28.69475], [77.23150000000001, 28.69475], [77.23150000000001, 28.697249999999997], [77.23175, 28.697249999999997], [77.23175, 28.698999999999998], [77.23150000000001, 28.698999999999998], [77.23150000000001, 28.699749999999998], [77.23225000000001, 28.699749999999998], [77.23225000000001, 28.701749999999997], [77.2325, 28.701749999999997], [77.2325, 28.70375], [77.23275000000001, 28.70375], [77.23275000000001, 28.70425], [77.233, 28.70425], [77.233, 28.704749999999997], [77.23275000000001, 28.704749999999997], [77.23275000000001, 28.706], [77.2335, 28.706], [77.2335, 28.706249999999997], [77.23375, 28.706249999999997], [77.23375, 28.7065], [77.23400000000001, 28.7065], [77.23400000000001, 28.70675], [77.23425, 28.70675], [77.23425, 28.7075], [77.23475, 28.7075], [77.23475, 28.708], [77.23575000000001, 28.708], [77.23575000000001, 28.70825], [77.235, 28.70825], [77.235, 28.709], [77.23475, 28.709], [77.23475, 28.70975], [77.23525000000001, 28.70975], [77.23525000000001, 28.71025], [77.2355, 28.71025], [77.2355, 28.7105], [77.23450000000001, 28.7105], [77.23450000000001, 28.710749999999997], [77.23400000000001, 28.710749999999997], [77.23400000000001, 28.711], [77.233, 28.711], [77.233, 28.71125], [77.2325, 28.71125], [77.2325, 28.711499999999997], [77.23125, 28.711499999999997]]]}, "properties": {"area_km2": 1.1982, "area_ha": 119.82}}, {"type": "Feature", "geometry": {"type": "Polygon", "coordinates": [[[77.248, 28.662999999999997], [77.248, 28.66275], [77.2475, 28.66275], [77.2475, 28.662499999999998], [77.24675, 28.662499999999998], [77.24675, 28.662249999999997], [77.24650000000001, 28.662249999999997], [77.24650000000001, 28.662], [77.2475, 28.662], [77.2475, 28.661749999999998], [77.24775000000001, 28.661749999999998], [77.24775000000001, 28.6615], [77.2485, 28.6615], [77.2485, 28.66125], [77.24900000000001, 28.66125], [77.24900000000001, 28.660999999999998], [77.24950000000001, 28.660999999999998], [77.24950000000001, 28.66075], [77.25, 28.66075], [77.25, 28.6605], [77.25075000000001, 28.6605], [77.25075000000001, 28.660249999999998], [77.25125000000001, 28.660249999999998], [77.25125000000001, 28.66], [77.25175, 28.66], [77.25175, 28.65975], [77.25225, 28.65975], [77.25225, 28.659499999999998], [77.25325000000001, 28.659499999999998], [77.25325000000001, 28.65925], [77.25450000000001, 28.65925], [77.25450000000001, 28.659499999999998], [77.25575, 28.659499999999998], [77.25575, 28.65925], [77.25625000000001, 28.65925], [77.25625000000001, 28.6585], [77.256, 28.6585], [77.256, 28.65825], [77.257, 28.65825], [77.257, 28.657999999999998], [77.25725000000001, 28.657999999999998], [77.25725000000001, 28.6585], [77.25675000000001, 28.6585], [77.25675000000001, 28.65925], [77.25750000000001, 28.65925], [77.25750000000001, 28.659], [77.25800000000001, 28.659], [77.25800000000001, 28.658749999999998], [77.25825, 28.658749999999998], [77.25825, 28.6585], [77.25875, 28.6585], [77.25875, 28.65825], [77.259, 28.65825], [77.259, 28.6575], [77.25825, 28.6575], [77.25825, 28.65775], [77.25800000000001, 28.65775], [77.25800000000001, 28.657999999999998], [77.25750000000001, 28.657999999999998], [77.25750000000001, 28.65775], [77.25775, 28.65775], [77.25775, 28.657], [77.25750000000001, 28.657], [77.25750000000001, 28.65675], [77.25775, 28.65675], [77.25775, 28.656499999999998], [77.25850000000001, 28.656499999999998], [77.25850000000001, 28.65625], [77.259, 28.65625], [77.259, 28.656], [77.25925000000001, 28.656], [77.25925000000001, 28.6555], [77.2595, 28.6555], [77.2595, 28.65525], [77.25975000000001, 28.65525], [77.25975000000001, 28.654999999999998], [77.26025, 28.654999999999998], [77.26025, 28.654], [77.25975000000001, 28.654], [77.25975000000001, 28.653499999999998], [77.26, 28.653499999999998], [77.26, 28.65375], [77.26075, 28.65375], [77.26075, 28.653499999999998], [77.26100000000001, 28.653499999999998], [77.26100000000001, 28.651999999999997], [77.26075, 28.651999999999997], [77.26075, 28.65175], [77.26225000000001, 28.65175], [77.26225000000001, 28.65025], [77.2625, 28.65025], [77.2625, 28.6495], [77.26175, 28.6495], [77.26175, 28.6485], [77.263, 28.6485], [77.263, 28.6435], [77.26275000000001, 28.6435], [77.26275000000001, 28.641499999999997], [77.2625, 28.641499999999997], [77.2625, 28.641], [77.26225000000001, 28.641], [77.26225000000001, 28.640249999999998], [77.262, 28.640249999999998], [77.262, 28.63975], [77.26175, 28.63975], [77.26175, 28.639], [77.26150000000001, 28.639], [77.26150000000001, 28.638749999999998], [77.26125, 28.638749999999998], [77.26125, 28.63825], [77.26100000000001, 28.63825], [77.26100000000001, 28.637749999999997], [77.26075, 28.637749999999997], [77.26075, 28.637249999999998], [77.26050000000001, 28.637249999999998], [77.26050000000001, 28.636999999999997], [77.26025, 28.636999999999997], [77.26025, 28.63675], [77.26, 28.63675], [77.26, 28.636249999999997], [77.25975000000001, 28.636249999999997], [77.25975000000001, 28.636], [77.2595, 28.636], [77.2595, 28.635499999999997], [77.25925000000001, 28.635499999999997], [77.25925000000001, 28.63525], [77.259, 28.63525], [77.259, 28.634999999999998], [77.25875, 28.634999999999998], [77.25875, 28.634749999999997], [77.25850000000001, 28.634749999999997], [77.25850000000001, 28.634249999999998], [77.25825, 28.634249999999998], [77.25825, 28.633999999999997], [77.25800000000001, 28.633999999999997], [77.25800000000001, 28.63375], [77.25775, 28.63375], [77.25775, 28.633499999999998], [77.25750000000001, 28.633499999999998], [77.25750000000001, 28.633249999999997], [77.25725000000001, 28.633249999999997], [77.25725000000001, 28.633], [77.257, 28.633], [77.257, 28.632749999999998], [77.25675000000001, 28.632749999999998], [77.25675000000001, 28.632499999999997], [77.2565, 28.632499999999997], [77.2565, 28.631999999999998], [77.25625000000001, 28.631999999999998], [77.25625000000001, 28.631749999999997], [77.256, 28.631749999999997], [77.256, 28.6315], [77.25575, 28.6315], [77.25575, 28.631249999999998], [77.25550000000001, 28.631249999999998], [77.25550000000001, 28.63075], [77.25525, 28.63075], [77.25525, 28.630499999999998], [77.25500000000001, 28.630499999999998], [77.25500000000001, 28.63025], [77.25475, 28.63025], [77.25475, 28.629749999999998], [77.25450000000001, 28.629749999999998], [77.25450000000001, 28.6295], [77.25425000000001, 28.6295], [77.25425000000001, 28.62925], [77.254, 28.62925], [77.254, 28.628999999999998], [77.25375000000001, 28.628999999999998], [77.25375000000001, 28.62875], [77.25425000000001, 28.62875], [77.25425000000001, 28.6285], [77.256, 28.6285], [77.256, 28.62875], [77.25725000000001, 28.62875], [77.25725000000001, 28.628999999999998], [77.25750000000001, 28.628999999999998], [77.25750000000001, 28.62925], [77.25775, 28.62925], [77.25775, 28.629749999999998], [77.25800000000001, 28.629749999999998], [77.25800000000001, 28.630499999999998], [77.25825, 28.630499999999998], [77.25825, 28.630999999999997], [77.25850000000001, 28.630999999999997], [77.25850000000001, 28.6315], [77.25875, 28.6315], [77.25875, 28.631999999999998], [77.259, 28.631999999999998], [77.259, 28.63225], [77.25925000000001, 28.63225], [77.25925000000001, 28.632499999999997], [77.2595, 28.632499999999997], [77.2595, 28.632749999999998], [77.25975000000001, 28.632749999999998], [77.25975000000001, 28.633], [77.26025, 28.633], [77.26025, 28.633499999999998], [77.26050000000001, 28.633499999999998], [77.26050000000001, 28.63375], [77.26075, 28.63375], [77.26075, 28.633999999999997], [77.26100000000001, 28.633999999999997], [77.26100000000001, 28.6345], [77.26125, 28.6345], [77.26125, 28.634999999999998], [77.26150000000001, 28.634999999999998], [77.26150000000001, 28.635499999999997], [77.26175, 28.635499999999997], [77.26175, 28.636], [77.262, 28.636], [77.262, 28.636499999999998], [77.26225000000001, 28.636499999999998], [77.26225000000001, 28.636999999999997], [77.2625, 28.636999999999997], [77.2625, 28.637749999999997], [77.26275000000001, 28.637749999999997], [77.26275000000001, 28.638499999999997], [77.263, 28.638499999999997], [77.263, 28.63975], [77.26325, 28.63975], [77.26325, 28.640249999999998], [77.26375, 28.640249999999998], [77.26375, 28.6405], [77.26400000000001, 28.6405], [77.26400000000001, 28.641], [77.26425, 28.641], [77.26425, 28.641499999999997], [77.26450000000001, 28.641499999999997], [77.26450000000001, 28.6435], [77.265, 28.6435], [77.265, 28.643749999999997], [77.26525000000001, 28.643749999999997], [77.26525000000001, 28.64425], [77.2655, 28.64425], [77.2655, 28.645249999999997], [77.26575000000001, 28.645249999999997], [77.26575000000001, 28.64575], [77.266, 28.64575], [77.266, 28.646749999999997], [77.26575000000001, 28.646749999999997], [77.26575000000001, 28.647499999999997], [77.2655, 28.647499999999997], [77.2655, 28.648249999999997], [77.26525000000001, 28.648249999999997], [77.26525000000001, 28.64875], [77.265, 28.64875], [77.265, 28.648999999999997], [77.26475, 28.648999999999997], [77.26475, 28.65], [77.26450000000001, 28.65], [77.26450000000001, 28.650499999999997], [77.26375, 28.650499999999997], [77.26375, 28.651], [77.26350000000001, 28.651], [77.26350000000001, 28.651999999999997], [77.26325, 28.651999999999997], [77.26325, 28.653], [77.26350000000001, 28.653], [77.26350000000001, 28.653499999999998], [77.26275000000001, 28.653499999999998], [77.26275000000001, 28.654], [77.2625, 28.654], [77.2625, 28.6545], [77.26225000000001, 28.6545], [77.26225000000001, 28.65475], [77.262, 28.65475], [77.262, 28.654999999999998], [77.26175, 28.654999999999998], [77.26175, 28.65525], [77.26150000000001, 28.65525], [77.26150000000001, 28.6555], [77.26100000000001, 28.6555], [77.26100000000001, 28.65675], [77.26075, 28.65675], [77.26075, 28.657249999999998], [77.26050000000001, 28.657249999999998], [77.26050000000001, 28.6575], [77.26025, 28.6575], [77.26025, 28.65775], [77.26, 28.65775], [77.26, 28.657999999999998], [77.25975000000001, 28.657999999999998], [77.25975000000001, 28.65825], [77.25925000000001, 28.65825], [77.25925000000001, 28.659], [77.259, 28.659], [77.259, 28.65925], [77.25875, 28.65925], [77.25875, 28.659499999999998], [77.25800000000001, 28.659499999999998], [77.25800000000001, 28.65975], [77.25775, 28.65975], [77.25775, 28.66], [77.25750000000001, 28.66], [77.25750000000001, 28.660249999999998], [77.25725000000001, 28.660249999999998], [77.25725000000001, 28.6605], [77.25675000000001, 28.6605], [77.25675000000001, 28.66075], [77.25575, 28.66075], [77.25575, 28.660999999999998], [77.25500000000001, 28.660999999999998], [77.25500000000001, 28.66125], [77.25425000000001, 28.66125], [77.25425000000001, 28.6615], [77.25325000000001, 28.6615], [77.25325000000001, 28.661749999999998], [77.25250000000001, 28.661749999999998], [77.25250000000001, 28.662], [77.25200000000001, 28.662], [77.25200000000001, 28.662249999999997], [77.251, 28.662249999999997], [77.251, 28.662499999999998], [77.2505, 28.662499999999998], [77.2505, 28.66275], [77.24975, 28.66275], [77.24975, 28.662999999999997], [77.248, 28.662999999999997]]]}, "properties": {"area_km2": 0.9725, "area_ha": 97.25}}, {"type": "Feature", "geometry": {"type": "Polygon", "coordinates": [[[77.04025, 28.7225], [77.04025, 28.7215], [77.04050000000001, 28.7215], [77.04050000000001, 28.72075], [77.04075, 28.72075], [77.04075, 28.72025], [77.04100000000001, 28.72025], [77.04100000000001, 28.72], [77.04125, 28.72], [77.04125, 28.71925], [77.04025, 28.71925], [77.04025, 28.715999999999998], [77.04075, 28.715999999999998], [77.04075, 28.715249999999997], [77.04025, 28.715249999999997], [77.04025, 28.713749999999997], [77.04100000000001, 28.713749999999997], [77.04100000000001, 28.7135], [77.04125, 28.7135], [77.04125, 28.71275], [77.04175000000001, 28.71275], [77.04175000000001, 28.7125], [77.0425, 28.7125], [77.0425, 28.71275], [77.04275000000001, 28.71275], [77.04275000000001, 28.712999999999997], [77.043, 28.712999999999997], [77.043, 28.71325], [77.04350000000001, 28.71325], [77.04350000000001, 28.713749999999997], [77.04400000000001, 28.713749999999997], [77.04400000000001, 28.714499999999997], [77.04375, 28.714499999999997], [77.04375, 28.71425], [77.04350000000001, 28.71425], [77.04350000000001, 28.714], [77.0425, 28.714], [77.0425, 28.714499999999997], [77.042, 28.714499999999997], [77.042, 28.71575], [77.04275000000001, 28.71575], [77.04275000000001, 28.715], [77.04325, 28.715], [77.04325, 28.715249999999997], [77.043, 28.715249999999997], [77.043, 28.715999999999998], [77.0425, 28.715999999999998], [77.0425, 28.716749999999998], [77.04275000000001, 28.716749999999998], [77.04275000000001, 28.71775], [77.04350000000001, 28.71775], [77.04350000000001, 28.71625], [77.04375, 28.71625], [77.04375, 28.715999999999998], [77.0445, 28.715999999999998], [77.0445, 28.71575], [77.04525000000001, 28.71575], [77.04525000000001, 28.715999999999998], [77.04650000000001, 28.715999999999998], [77.04650000000001, 28.71575], [77.04675, 28.71575], [77.04675, 28.715999999999998], [77.0475, 28.715999999999998], [77.0475, 28.715], [77.04725, 28.715], [77.04725, 28.71475], [77.04700000000001, 28.71475], [77.04700000000001, 28.71425], [77.046, 28.71425], [77.046, 28.713749999999997], [77.04625, 28.713749999999997], [77.04625, 28.7135], [77.04650000000001, 28.7135], [77.04650000000001, 28.7125], [77.04675, 28.7125], [77.04675, 28.712], [77.04725, 28.712], [77.04725, 28.71175], [77.0475, 28.71175], [77.0475, 28.711499999999997], [77.04775000000001, 28.711499999999997], [77.04775000000001, 28.71125], [77.048, 28.71125], [77.048, 28.711], [77.04825000000001, 28.711], [77.04825000000001, 28.709999999999997], [77.048, 28.709999999999997], [77.048, 28.70975], [77.049, 28.70975], [77.049, 28.7095], [77.04925, 28.7095], [77.04925, 28.710749999999997], [77.05000000000001, 28.710749999999997], [77.05000000000001, 28.7105], [77.0505, 28.7105], [77.0505, 28.711499999999997], [77.05000000000001, 28.711499999999997], [77.05000000000001, 28.712249999999997], [77.05025, 28.712249999999997], [77.05025, 28.7125], [77.0505, 28.7125], [77.0505, 28.71275], [77.051, 28.71275], [77.051, 28.7135], [77.05125000000001, 28.7135], [77.05125000000001, 28.713749999999997], [77.0505, 28.713749999999997], [77.0505, 28.71425], [77.05000000000001, 28.71425], [77.05000000000001, 28.714499999999997], [77.04975, 28.714499999999997], [77.04975, 28.715], [77.04950000000001, 28.715], [77.04950000000001, 28.715999999999998], [77.05000000000001, 28.715999999999998], [77.05000000000001, 28.71625], [77.05025, 28.71625], [77.05025, 28.7165], [77.051, 28.7165], [77.051, 28.715999999999998], [77.05175000000001, 28.715999999999998], [77.05175000000001, 28.71625], [77.0515, 28.71625], [77.0515, 28.717], [77.05175000000001, 28.717], [77.05175000000001, 28.718], [77.052, 28.718], [77.052, 28.718249999999998], [77.05250000000001, 28.718249999999998], [77.05250000000001, 28.7185], [77.0535, 28.7185], [77.0535, 28.71875], [77.05375000000001, 28.71875], [77.05375000000001, 28.71925], [77.0545, 28.71925], [77.0545, 28.7195], [77.05475000000001, 28.7195], [77.05475000000001, 28.719749999999998], [77.055, 28.719749999999998], [77.055, 28.72025], [77.05525, 28.72025], [77.05525, 28.72075], [77.05550000000001, 28.72075], [77.05550000000001, 28.721249999999998], [77.05475000000001, 28.721249999999998], [77.05475000000001, 28.7215], [77.054, 28.7215], [77.054, 28.72225], [77.0535, 28.72225], [77.0535, 28.721999999999998], [77.05325, 28.721999999999998], [77.05325, 28.72075], [77.05225, 28.72075], [77.05225, 28.720499999999998], [77.05275, 28.720499999999998], [77.05275, 28.7195], [77.05250000000001, 28.7195], [77.05250000000001, 28.71925], [77.05225, 28.71925], [77.05225, 28.718999999999998], [77.05125000000001, 28.718999999999998], [77.05125000000001, 28.71925], [77.051, 28.71925], [77.051, 28.718999999999998], [77.04975, 28.718999999999998], [77.04975, 28.71875], [77.04950000000001, 28.71875], [77.04950000000001, 28.7185], [77.04925, 28.7185], [77.04925, 28.717], [77.0485, 28.717], [77.0485, 28.7185], [77.04825000000001, 28.7185], [77.04825000000001, 28.718999999999998], [77.04775000000001, 28.718999999999998], [77.04775000000001, 28.717499999999998], [77.048, 28.717499999999998], [77.048, 28.71625], [77.04625, 28.71625], [77.04625, 28.7165], [77.04575000000001, 28.7165], [77.04575000000001, 28.717499999999998], [77.04650000000001, 28.717499999999998], [77.04650000000001, 28.717], [77.04675, 28.717], [77.04675, 28.718], [77.04700000000001, 28.718], [77.04700000000001, 28.7185], [77.04675, 28.7185], [77.04675, 28.718999999999998], [77.04650000000001, 28.718999999999998], [77.04650000000001, 28.71925], [77.0455, 28.71925], [77.0455, 28.7195], [77.04525000000001, 28.7195], [77.04525000000001, 28.71925], [77.04425, 28.71925], [77.04425, 28.7195], [77.04400000000001, 28.7195], [77.04400000000001, 28.719749999999998], [77.04350000000001, 28.719749999999998], [77.04350000000001, 28.718999999999998], [77.04325, 28.718999999999998], [77.04325, 28.71875], [77.04225000000001, 28.71875], [77.04225000000001, 28.718999999999998], [77.04175000000001, 28.718999999999998], [77.04175000000001, 28.71925], [77.0415, 28.71925], [77.0415, 28.72], [77.042, 28.72], [77.042, 28.720499999999998], [77.04125, 28.720499999999998], [77.04125, 28.72075], [77.04100000000001, 28.72075], [77.04100000000001, 28.7215], [77.04075, 28.7215], [77.04075, 28.7225], [77.04025, 28.7225]], [[77.0445, 28.71875], [77.0455, 28.71875], [77.0455, 28.717499999999998], [77.045, 28.717499999999998], [77.045, 28.717], [77.04400000000001, 28.717], [77.04400000000001, 28.718], [77.04425, 28.718], [77.04425, 28.718249999999998], [77.0445, 28.718249999999998], [77.0445, 28.71875]], [[77.0485, 28.71475], [77.04925, 28.71475], [77.04925, 28.712999999999997], [77.04875000000001, 28.712999999999997], [77.04875000000001, 28.7125], [77.048, 28.7125], [77.048, 28.71275], [77.04775000000001, 28.71275], [77.04775000000001, 28.712999999999997], [77.0475, 28.712999999999997], [77.0475, 28.71425], [77.04825000000001, 28.71425], [77.04825000000001, 28.714], [77.0485, 28.714], [77.0485, 28.71475]]]}, "properties": {"area_km2": 0.6193, "area_ha": 61.93}}, {"type": "Feature", "geometry": {"type": "Polygon", "coordinates": [[[77.3195, 28.52], [77.3195, 28.519499999999997], [77.31975000000001, 28.519499999999997], [77.31975000000001, 28.51925], [77.32000000000001, 28.51925], [77.32000000000001, 28.518749999999997], [77.32025, 28.518749999999997], [77.32025, 28.5185], [77.32050000000001, 28.5185], [77.32050000000001, 28.517249999999997], [77.32000000000001, 28.517249999999997], [77.32000000000001, 28.517], [77.3195, 28.517], [77.3195, 28.51625], [77.31975000000001, 28.51625], [77.31975000000001, 28.515749999999997], [77.32050000000001, 28.515749999999997], [77.32050000000001, 28.514999999999997], [77.32075, 28.514999999999997], [77.32075, 28.514249999999997], [77.32050000000001, 28.514249999999997], [77.32050000000001, 28.514], [77.32075, 28.514], [77.32075, 28.51325], [77.32050000000001, 28.51325], [77.32050000000001, 28.512999999999998], [77.32075, 28.512999999999998], [77.32075, 28.512749999999997], [77.322, 28.512749999999997], [77.322, 28.511999999999997], [77.32225000000001, 28.511999999999997], [77.32225000000001, 28.51175], [77.3225, 28.51175], [77.3225, 28.511999999999997], [77.32300000000001, 28.511999999999997], [77.32300000000001, 28.514], [77.3225, 28.514], [77.3225, 28.513499999999997], [77.32175000000001, 28.513499999999997], [77.32175000000001, 28.514249999999997], [77.3225, 28.514249999999997], [77.3225, 28.5155], [77.32325, 28.5155], [77.32325, 28.514999999999997], [77.32350000000001, 28.514999999999997], [77.32350000000001, 28.51475], [77.32375, 28.51475], [77.32375, 28.514499999999998], [77.32400000000001, 28.514499999999998], [77.32400000000001, 28.514249999999997], [77.32425, 28.514249999999997], [77.32425, 28.514], [77.3245, 28.514], [77.3245, 28.513749999999998], [77.32525000000001, 28.513749999999998], [77.32525000000001, 28.514249999999997], [77.3255, 28.514249999999997], [77.3255, 28.514499999999998], [77.32525000000001, 28.514499999999998], [77.32525000000001, 28.515249999999998], [77.32675, 28.515249999999998], [77.32675, 28.514], [77.32600000000001, 28.514], [77.32600000000001, 28.512749999999997], [77.32625, 28.512749999999997], [77.32625, 28.5125], [77.32650000000001, 28.5125], [77.32650000000001, 28.512999999999998], [77.32725, 28.512999999999998], [77.32725, 28.51325], [77.328, 28.51325], [77.328, 28.512249999999998], [77.3285, 28.512249999999998], [77.3285, 28.512749999999997], [77.32875, 28.512749999999997], [77.32875, 28.512999999999998], [77.32925, 28.512999999999998], [77.32925, 28.513499999999997], [77.32950000000001, 28.513499999999997], [77.32950000000001, 28.513749999999998], [77.32975, 28.513749999999998], [77.32975, 28.514999999999997], [77.32950000000001, 28.514999999999997], [77.32950000000001, 28.51475], [77.32925, 28.51475], [77.32925, 28.514249999999997], [77.32900000000001, 28.514249999999997], [77.32900000000001, 28.514], [77.328, 28.514], [77.328, 28.514249999999997], [77.3275, 28.514249999999997], [77.3275, 28.515749999999997], [77.32950000000001, 28.515749999999997], [77.32950000000001, 28.51625], [77.32925, 28.51625], [77.32925, 28.516499999999997], [77.32900000000001, 28.516499999999997], [77.32900000000001, 28.51825], [77.3285, 28.51825], [77.3285, 28.5185], [77.32825000000001, 28.5185], [77.32825000000001, 28.518749999999997], [77.3275, 28.518749999999997], [77.3275, 28.51825], [77.32725, 28.51825], [77.32725, 28.51775], [77.32600000000001, 28.51775], [77.32600000000001, 28.517999999999997], [77.3255, 28.517999999999997], [77.3255, 28.51825], [77.32525000000001, 28.51825], [77.32525000000001, 28.5185], [77.32475000000001, 28.5185], [77.32475000000001, 28.518749999999997], [77.3245, 28.518749999999997], [77.3245, 28.519], [77.32425, 28.519], [77.32425, 28.51925], [77.32325, 28.51925], [77.32325, 28.519499999999997], [77.3225, 28.519499999999997], [77.3225, 28.51975], [77.322, 28.51975], [77.322, 28.52], [77.3215, 28.52], [77.3215, 28.51975], [77.32050000000001, 28.51975], [77.32050000000001, 28.52], [77.3195, 28.52]], [[77.32125, 28.51775], [77.3225, 28.51775], [77.3225, 28.5175], [77.32300000000001, 28.5175], [77.32300000000001, 28.516499999999997], [77.32275, 28.516499999999997], [77.32275, 28.51625], [77.3215, 28.51625], [77.3215, 28.51675], [77.32125, 28.51675], [77.32125, 28.51775]], [[77.32675, 28.5175], [77.3275, 28.5175], [77.3275, 28.516499999999997], [77.32675, 28.516499999999997], [77.32675, 28.5175]], [[77.325, 28.516499999999997], [77.32625, 28.516499999999997], [77.32625, 28.515749999999997], [77.32575, 28.515749999999997], [77.32575, 28.5155], [77.325, 28.5155], [77.325, 28.516499999999997]]]}, "properties": {"area_km2": 0.4462, "area_ha": 44.62}}, {"type": "Feature", "geometry": {"type": "Polygon", "coordinates": [[[77.2535, 28.62775], [77.2535, 28.626749999999998], [77.253, 28.626749999999998], [77.253, 28.62475], [77.25275, 28.62475], [77.25275, 28.624], [77.25250000000001, 28.624], [77.25250000000001, 28.6225], [77.25275, 28.6225], [77.25275, 28.62125], [77.253, 28.62125], [77.253, 28.620749999999997], [77.2535, 28.620749999999997], [77.2535, 28.6205], [77.25450000000001, 28.6205], [77.25450000000001, 28.616999999999997], [77.25475, 28.616999999999997], [77.25475, 28.615], [77.25500000000001, 28.615], [77.25500000000001, 28.6145], [77.25575, 28.6145], [77.25575, 28.614749999999997], [77.25625000000001, 28.614749999999997], [77.25625000000001, 28.615], [77.2565, 28.615], [77.2565, 28.6165], [77.25675000000001, 28.6165], [77.25675000000001, 28.61675], [77.257, 28.61675], [77.257, 28.616999999999997], [77.25725000000001, 28.616999999999997], [77.25725000000001, 28.617749999999997], [77.25750000000001, 28.617749999999997], [77.25750000000001, 28.61825], [77.25775, 28.61825], [77.25775, 28.619], [77.25800000000001, 28.619], [77.25800000000001, 28.61975], [77.25825, 28.61975], [77.25825, 28.6205], [77.25800000000001, 28.6205], [77.25800000000001, 28.622], [77.25825, 28.622], [77.25825, 28.62625], [77.25800000000001, 28.62625], [77.25800000000001, 28.627499999999998], [77.25775, 28.627499999999998], [77.25775, 28.627], [77.257, 28.627], [77.257, 28.62725], [77.25675000000001, 28.62725], [77.25675000000001, 28.62775], [77.2535, 28.62775]], [[77.25575, 28.6255], [77.2565, 28.6255], [77.2565, 28.624], [77.25675000000001, 28.624], [77.25675000000001, 28.6235], [77.257, 28.6235], [77.257, 28.622999999999998], [77.25725000000001, 28.622999999999998], [77.25725000000001, 28.6225], [77.25750000000001, 28.6225], [77.25750000000001, 28.62025], [77.25725000000001, 28.62025], [77.25725000000001, 28.6195], [77.25750000000001, 28.6195], [77.25750000000001, 28.61875], [77.25725000000001, 28.61875], [77.25725000000001, 28.61825], [77.257, 28.61825], [77.257, 28.617749999999997], [77.25625000000001, 28.617749999999997], [77.25625000000001, 28.618], [77.256, 28.618], [77.256, 28.618499999999997], [77.25575, 28.618499999999997], [77.25575, 28.619249999999997], [77.25550000000001, 28.619249999999997], [77.25550000000001, 28.61975], [77.25525, 28.61975], [77.25525, 28.62025], [77.25475, 28.62025], [77.25475, 28.622249999999998], [77.25500000000001, 28.622249999999998], [77.25500000000001, 28.622999999999998], [77.25525, 28.622999999999998], [77.25525, 28.6235], [77.25550000000001, 28.6235], [77.25550000000001, 28.624499999999998], [77.25575, 28.624499999999998], [77.25575, 28.6255]]]}, "properties": {"area_km2": 0.4213, "area_ha": 42.13}}, {"type": "Feature", "geometry": {"type": "Polygon", "coordinates": [[[77.31400000000001, 28.52675], [77.31400000000001, 28.526249999999997], [77.31375000000001, 28.526249999999997], [77.31375000000001, 28.526], [77.3135, 28.526], [77.3135, 28.52575], [77.31275000000001, 28.52575], [77.31275000000001, 28.525], [77.313, 28.525], [77.313, 28.524749999999997], [77.3135, 28.524749999999997], [77.3135, 28.52425], [77.31450000000001, 28.52425], [77.31450000000001, 28.5245], [77.3155, 28.5245], [77.3155, 28.5235], [77.316, 28.5235], [77.316, 28.52375], [77.31675000000001, 28.52375], [77.31675000000001, 28.523], [77.31750000000001, 28.523], [77.31750000000001, 28.522], [77.31775, 28.522], [77.31775, 28.521749999999997], [77.31825, 28.521749999999997], [77.31825, 28.5215], [77.3185, 28.5215], [77.3185, 28.52125], [77.31925000000001, 28.52125], [77.31925000000001, 28.520999999999997], [77.3195, 28.520999999999997], [77.3195, 28.522], [77.32050000000001, 28.522], [77.32050000000001, 28.52225], [77.32075, 28.52225], [77.32075, 28.52275], [77.3215, 28.52275], [77.3215, 28.522499999999997], [77.322, 28.522499999999997], [77.322, 28.521749999999997], [77.32175000000001, 28.521749999999997], [77.32175000000001, 28.52125], [77.3225, 28.52125], [77.3225, 28.522], [77.32525000000001, 28.522], [77.32525000000001, 28.523], [77.32425, 28.523], [77.32425, 28.523249999999997], [77.32400000000001, 28.523249999999997], [77.32400000000001, 28.52375], [77.32375, 28.52375], [77.32375, 28.52425], [77.32350000000001, 28.52425], [77.32350000000001, 28.524749999999997], [77.3225, 28.524749999999997], [77.3225, 28.525], [77.322, 28.525], [77.322, 28.52525], [77.3195, 28.52525], [77.3195, 28.52575], [77.31925000000001, 28.52575], [77.31925000000001, 28.525499999999997], [77.3185, 28.525499999999997], [77.3185, 28.52575], [77.31750000000001, 28.52575], [77.31750000000001, 28.526], [77.316, 28.526], [77.316, 28.526249999999997], [77.31575000000001, 28.526249999999997], [77.31575000000001, 28.5265], [77.31450000000001, 28.5265], [77.31450000000001, 28.52675], [77.31400000000001, 28.52675]], [[77.31875000000001, 28.5235], [77.3195, 28.5235], [77.3195, 28.52275], [77.31875000000001, 28.52275], [77.31875000000001, 28.5235]]]}, "properties": {"area_km2": 0.3512, "area_ha": 35.12}}, {"type": "Feature", "geometry": {"type": "Polygon", "coordinates": [[[77.26375, 28.60025], [77.26375, 28.599999999999998], [77.263, 28.599999999999998], [77.263, 28.599749999999997], [77.26275000000001, 28.599749999999997], [77.26275000000001, 28.599249999999998], [77.263, 28.599249999999998], [77.263, 28.598999999999997], [77.26325, 28.598999999999997], [77.26325, 28.59825], [77.26350000000001, 28.59825], [77.26350000000001, 28.5975], [77.26375, 28.5975], [77.26375, 28.596999999999998], [77.26400000000001, 28.596999999999998], [77.26400000000001, 28.59675], [77.26425, 28.59675], [77.26425, 28.596249999999998], [77.26450000000001, 28.596249999999998], [77.26450000000001, 28.596], [77.26475, 28.596], [77.26475, 28.59575], [77.265, 28.59575], [77.265, 28.595499999999998], [77.26525000000001, 28.595499999999998], [77.26525000000001, 28.594749999999998], [77.2655, 28.594749999999998], [77.2655, 28.5945], [77.26575000000001, 28.5945], [77.26575000000001, 28.59425], [77.266, 28.59425], [77.266, 28.59375], [77.26650000000001, 28.59375], [77.26650000000001, 28.593249999999998], [77.26675, 28.593249999999998], [77.26675, 28.593], [77.26700000000001, 28.593], [77.26700000000001, 28.59275], [77.26750000000001, 28.59275], [77.26750000000001, 28.592499999999998], [77.26775, 28.592499999999998], [77.26775, 28.59225], [77.269, 28.59225], [77.269, 28.592], [77.26950000000001, 28.592], [77.26950000000001, 28.5915], [77.27000000000001, 28.5915], [77.27000000000001, 28.59125], [77.27075, 28.59125], [77.27075, 28.5915], [77.27125000000001, 28.5915], [77.27125000000001, 28.59225], [77.27175000000001, 28.59225], [77.27175000000001, 28.592499999999998], [77.272, 28.592499999999998], [77.272, 28.59275], [77.27225, 28.59275], [77.27225, 28.5935], [77.272, 28.5935], [77.272, 28.59375], [77.2715, 28.59375], [77.2715, 28.593999999999998], [77.27125000000001, 28.593999999999998], [77.27125000000001, 28.59425], [77.27075, 28.59425], [77.27075, 28.5945], [77.27050000000001, 28.5945], [77.27050000000001, 28.594749999999998], [77.27000000000001, 28.594749999999998], [77.27000000000001, 28.595], [77.26975, 28.595], [77.26975, 28.59525], [77.26950000000001, 28.59525], [77.26950000000001, 28.595499999999998], [77.269, 28.595499999999998], [77.269, 28.59575], [77.268, 28.59575], [77.268, 28.596249999999998], [77.26750000000001, 28.596249999999998], [77.26750000000001, 28.59675], [77.26725, 28.59675], [77.26725, 28.596999999999998], [77.26700000000001, 28.596999999999998], [77.26700000000001, 28.59725], [77.26675, 28.59725], [77.26675, 28.5975], [77.26650000000001, 28.5975], [77.26650000000001, 28.598], [77.26625, 28.598], [77.26625, 28.59825], [77.266, 28.59825], [77.266, 28.598499999999998], [77.2655, 28.598499999999998], [77.2655, 28.598999999999997], [77.26525000000001, 28.598999999999997], [77.26525000000001, 28.599249999999998], [77.265, 28.599249999999998], [77.265, 28.5995], [77.26425, 28.5995], [77.26425, 28.60025], [77.26375, 28.60025]]]}, "properties": {"area_km2": 0.33, "area_ha": 33.0}}, {"type": "Feature", "geometry": {"type": "Polygon", "coordinates": [[[77.25525, 28.613249999999997], [77.25525, 28.61225], [77.25550000000001, 28.61225], [77.25550000000001, 28.6105], [77.25575, 28.6105], [77.25575, 28.608999999999998], [77.256, 28.608999999999998], [77.256, 28.60775], [77.25625000000001, 28.60775], [77.25625000000001, 28.606499999999997], [77.2565, 28.606499999999997], [77.2565, 28.605749999999997], [77.25675000000001, 28.605749999999997], [77.25675000000001, 28.604999999999997], [77.257, 28.604999999999997], [77.257, 28.604499999999998], [77.25725000000001, 28.604499999999998], [77.25725000000001, 28.604], [77.25750000000001, 28.604], [77.25750000000001, 28.603499999999997], [77.25775, 28.603499999999997], [77.25775, 28.602999999999998], [77.25800000000001, 28.602999999999998], [77.25800000000001, 28.602749999999997], [77.25825, 28.602749999999997], [77.25825, 28.602249999999998], [77.25850000000001, 28.602249999999998], [77.25850000000001, 28.601999999999997], [77.25875, 28.601999999999997], [77.25875, 28.60175], [77.26, 28.60175], [77.26, 28.601499999999998], [77.26050000000001, 28.601499999999998], [77.26050000000001, 28.601249999999997], [77.26100000000001, 28.601249999999997], [77.26100000000001, 28.601], [77.26125, 28.601], [77.26125, 28.601249999999997], [77.26175, 28.601249999999997], [77.26175, 28.601499999999998], [77.26225000000001, 28.601499999999998], [77.26225000000001, 28.601999999999997], [77.262, 28.601999999999997], [77.262, 28.602249999999998], [77.26175, 28.602249999999998], [77.26175, 28.602749999999997], [77.26150000000001, 28.602749999999997], [77.26150000000001, 28.602999999999998], [77.26125, 28.602999999999998], [77.26125, 28.60325], [77.26100000000001, 28.60325], [77.26100000000001, 28.603499999999997], [77.26075, 28.603499999999997], [77.26075, 28.604], [77.26050000000001, 28.604], [77.26050000000001, 28.604249999999997], [77.26025, 28.604249999999997], [77.26025, 28.60475], [77.26, 28.60475], [77.26, 28.605249999999998], [77.25975000000001, 28.605249999999998], [77.25975000000001, 28.605749999999997], [77.2595, 28.605749999999997], [77.2595, 28.605999999999998], [77.25925000000001, 28.605999999999998], [77.25925000000001, 28.606749999999998], [77.259, 28.606749999999998], [77.259, 28.607499999999998], [77.25875, 28.607499999999998], [77.25875, 28.607999999999997], [77.25850000000001, 28.607999999999997], [77.25850000000001, 28.608749999999997], [77.25825, 28.608749999999997], [77.25825, 28.609499999999997], [77.25800000000001, 28.609499999999997], [77.25800000000001, 28.610249999999997], [77.25775, 28.610249999999997], [77.25775, 28.61075], [77.25750000000001, 28.61075], [77.25750000000001, 28.610999999999997], [77.257, 28.610999999999997], [77.257, 28.61125], [77.25675000000001, 28.61125], [77.25675000000001, 28.611749999999997], [77.2565, 28.611749999999997], [77.2565, 28.612499999999997], [77.25625000000001, 28.612499999999997], [77.25625000000001, 28.613249999999997], [77.25525, 28.613249999999997]]]}, "properties": {"area_km2": 0.3232, "area_ha": 32.32}}, {"type": "Feature", "geometry": {"type": "Polygon", "coordinates": [[[77.31325000000001, 28.52375], [77.31325000000001, 28.523], [77.31375000000001, 28.523], [77.31375000000001, 28.52125], [77.31275000000001, 28.52125], [77.31275000000001, 28.52225], [77.31225, 28.52225], [77.31225, 28.5215], [77.31175, 28.5215], [77.31175, 28.52075], [77.31225, 28.52075], [77.31225, 28.51925], [77.31275000000001, 28.51925], [77.31275000000001, 28.51825], [77.313, 28.51825], [77.313, 28.5175], [77.31325000000001, 28.5175], [77.31325000000001, 28.517], [77.3135, 28.517], [77.3135, 28.516499999999997], [77.31375000000001, 28.516499999999997], [77.31375000000001, 28.51625], [77.31400000000001, 28.51625], [77.31400000000001, 28.516], [77.31425, 28.516], [77.31425, 28.515749999999997], [77.31475, 28.515749999999997], [77.31475, 28.5155], [77.3155, 28.5155], [77.3155, 28.515249999999998], [77.316, 28.515249999999998], [77.316, 28.5155], [77.31675000000001, 28.5155], [77.31675000000001, 28.516], [77.31750000000001, 28.516], [77.31750000000001, 28.516499999999997], [77.31725, 28.516499999999997], [77.31725, 28.51675], [77.31700000000001, 28.51675], [77.31700000000001, 28.517], [77.31675000000001, 28.517], [77.31675000000001, 28.517249999999997], [77.3165, 28.517249999999997], [77.3165, 28.51925], [77.31750000000001, 28.51925], [77.31750000000001, 28.519499999999997], [77.31775, 28.519499999999997], [77.31775, 28.51975], [77.31800000000001, 28.51975], [77.31800000000001, 28.5205], [77.31725, 28.5205], [77.31725, 28.52075], [77.31475, 28.52075], [77.31475, 28.520999999999997], [77.31425, 28.520999999999997], [77.31425, 28.52125], [77.31400000000001, 28.52125], [77.31400000000001, 28.523249999999997], [77.3135, 28.523249999999997], [77.3135, 28.52375], [77.31325000000001, 28.52375]], [[77.31575000000001, 28.517], [77.3165, 28.517], [77.3165, 28.516], [77.31575000000001, 28.516], [77.31575000000001, 28.517]]]}, "properties": {"area_km2": 0.2516, "area_ha": 25.16}}, {"type": "Feature", "geometry": {"type": "Polygon", "coordinates": [[[77.04400000000001, 28.651999999999997], [77.04400000000001, 28.651249999999997], [77.04375, 28.651249999999997], [77.04375, 28.651], [77.042, 28.651], [77.042, 28.65025], [77.0425, 28.65025], [77.0425, 28.650499999999997], [77.049, 28.650499999999997], [77.049, 28.65025], [77.0505, 28.65025], [77.0505, 28.65], [77.0515, 28.65], [77.0515, 28.649749999999997], [77.052, 28.649749999999997], [77.052, 28.6495], [77.05225, 28.6495], [77.05225, 28.64925], [77.05250000000001, 28.64925], [77.05250000000001, 28.648999999999997], [77.05275, 28.648999999999997], [77.05275, 28.64875], [77.05300000000001, 28.64875], [77.05300000000001, 28.6485], [77.0535, 28.6485], [77.0535, 28.648], [77.05375000000001, 28.648], [77.05375000000001, 28.64775], [77.05425000000001, 28.64775], [77.05425000000001, 28.647499999999997], [77.0545, 28.647499999999997], [77.0545, 28.64725], [77.05475000000001, 28.64725], [77.05475000000001, 28.647], [77.055, 28.647], [77.055, 28.646749999999997], [77.05525, 28.646749999999997], [77.05525, 28.6465], [77.05550000000001, 28.6465], [77.05550000000001, 28.645999999999997], [77.05575, 28.645999999999997], [77.05575, 28.6455], [77.05600000000001, 28.6455], [77.05600000000001, 28.645], [77.05625, 28.645], [77.05625, 28.64175], [77.05600000000001, 28.64175], [77.05600000000001, 28.640249999999998], [77.05625, 28.640249999999998], [77.05625, 28.639499999999998], [77.0565, 28.639499999999998], [77.0565, 28.639], [77.05675000000001, 28.639], [77.05675000000001, 28.638749999999998], [77.05725000000001, 28.638749999999998], [77.05725000000001, 28.638499999999997], [77.0575, 28.638499999999997], [77.0575, 28.63825], [77.05900000000001, 28.63825], [77.05900000000001, 28.638499999999997], [77.05925, 28.638499999999997], [77.05925, 28.639], [77.0595, 28.639], [77.0595, 28.639249999999997], [77.06, 28.639249999999997], [77.06, 28.639499999999998], [77.0605, 28.639499999999998], [77.0605, 28.639999999999997], [77.06, 28.639999999999997], [77.06, 28.63975], [77.05975000000001, 28.63975], [77.05975000000001, 28.639499999999998], [77.05925, 28.639499999999998], [77.05925, 28.639249999999997], [77.05900000000001, 28.639249999999997], [77.05900000000001, 28.639], [77.0575, 28.639], [77.0575, 28.639249999999997], [77.05725000000001, 28.639249999999997], [77.05725000000001, 28.639499999999998], [77.057, 28.639499999999998], [77.057, 28.639999999999997], [77.05675000000001, 28.639999999999997], [77.05675000000001, 28.64125], [77.0575, 28.64125], [77.0575, 28.64175], [77.05675000000001, 28.64175], [77.05675000000001, 28.64275], [77.0575, 28.64275], [77.0575, 28.6425], [77.05775000000001, 28.6425], [77.05775000000001, 28.64325], [77.057, 28.64325], [77.057, 28.64475], [77.05775000000001, 28.64475], [77.05775000000001, 28.6455], [77.0575, 28.6455], [77.0575, 28.645249999999997], [77.05675000000001, 28.645249999999997], [77.05675000000001, 28.645999999999997], [77.0565, 28.645999999999997], [77.0565, 28.64625], [77.05625, 28.64625], [77.05625, 28.6465], [77.05600000000001, 28.6465], [77.05600000000001, 28.647], [77.05575, 28.647], [77.05575, 28.64725], [77.05525, 28.64725], [77.05525, 28.647499999999997], [77.055, 28.647499999999997], [77.055, 28.64775], [77.05475000000001, 28.64775], [77.05475000000001, 28.648], [77.0545, 28.648], [77.0545, 28.6485], [77.054, 28.6485], [77.054, 28.64875], [77.05375000000001, 28.64875], [77.05375000000001, 28.648999999999997], [77.0535, 28.648999999999997], [77.0535, 28.64925], [77.05300000000001, 28.64925], [77.05300000000001, 28.649749999999997], [77.05250000000001, 28.649749999999997], [77.05250000000001, 28.65], [77.05225, 28.65], [77.05225, 28.65025], [77.05175000000001, 28.65025], [77.05175000000001, 28.650499999999997], [77.05075000000001, 28.650499999999997], [77.05075000000001, 28.65075], [77.05025, 28.65075], [77.05025, 28.6515], [77.04975, 28.6515], [77.04975, 28.65175], [77.04950000000001, 28.65175], [77.04950000000001, 28.651249999999997], [77.04625, 28.651249999999997], [77.04625, 28.651999999999997], [77.04400000000001, 28.651999999999997]]]}, "properties": {"area_km2": 0.2309, "area_ha": 23.09}}, {"type": "Feature", "geometry": {"type": "Polygon", "coordinates": [[[77.25150000000001, 28.694999999999997], [77.25150000000001, 28.69475], [77.25125000000001, 28.69475], [77.25125000000001, 28.694499999999998], [77.251, 28.694499999999998], [77.251, 28.693499999999997], [77.25200000000001, 28.693499999999997], [77.25200000000001, 28.69275], [77.251, 28.69275], [77.251, 28.692999999999998], [77.25075000000001, 28.692999999999998], [77.25075000000001, 28.692249999999998], [77.2505, 28.692249999999998], [77.2505, 28.69125], [77.25075000000001, 28.69125], [77.25075000000001, 28.6905], [77.2505, 28.6905], [77.2505, 28.69025], [77.25025000000001, 28.69025], [77.25025000000001, 28.6895], [77.25, 28.6895], [77.25, 28.689], [77.25025000000001, 28.689], [77.25025000000001, 28.68825], [77.25, 28.68825], [77.25, 28.6875], [77.24975, 28.6875], [77.24975, 28.68725], [77.25, 28.68725], [77.25, 28.686999999999998], [77.2505, 28.686999999999998], [77.2505, 28.68725], [77.251, 28.68725], [77.251, 28.6875], [77.25125000000001, 28.6875], [77.25125000000001, 28.687749999999998], [77.25325000000001, 28.687749999999998], [77.25325000000001, 28.68875], [77.2535, 28.68875], [77.2535, 28.68975], [77.25325000000001, 28.68975], [77.25325000000001, 28.69025], [77.253, 28.69025], [77.253, 28.69325], [77.25325000000001, 28.69325], [77.25325000000001, 28.694249999999997], [77.25275, 28.694249999999997], [77.25275, 28.694499999999998], [77.25225, 28.694499999999998], [77.25225, 28.69475], [77.25175, 28.69475], [77.25175, 28.694999999999997], [77.25150000000001, 28.694999999999997]]]}, "properties": {"area_km2": 0.195, "area_ha": 19.5}}, {"type": "Feature", "geometry": {"type": "Polygon", "coordinates": [[[77.2, 28.449749999999998], [77.2, 28.449499999999997], [77.19975000000001, 28.449499999999997], [77.19975000000001, 28.448749999999997], [77.19900000000001, 28.448749999999997], [77.19900000000001, 28.44775], [77.19975000000001, 28.44775], [77.19975000000001, 28.447], [77.19900000000001, 28.447], [77.19900000000001, 28.44625], [77.19925, 28.44625], [77.19925, 28.446499999999997], [77.2, 28.446499999999997], [77.2, 28.44625], [77.20025000000001, 28.44625], [77.20025000000001, 28.447499999999998], [77.2005, 28.447499999999998], [77.2005, 28.44775], [77.20125, 28.44775], [77.20125, 28.446499999999997], [77.20100000000001, 28.446499999999997], [77.20100000000001, 28.44625], [77.20150000000001, 28.44625], [77.20150000000001, 28.445749999999997], [77.20175, 28.445749999999997], [77.20175, 28.444999999999997], [77.20200000000001, 28.444999999999997], [77.20200000000001, 28.44475], [77.20325000000001, 28.44475], [77.20325000000001, 28.444499999999998], [77.20375, 28.444499999999998], [77.20375, 28.44475], [77.20400000000001, 28.44475], [77.20400000000001, 28.444999999999997], [77.20525, 28.444999999999997], [77.20525, 28.445249999999998], [77.20475, 28.445249999999998], [77.20475, 28.446499999999997], [77.20450000000001, 28.446499999999997], [77.20450000000001, 28.447249999999997], [77.20475, 28.447249999999997], [77.20475, 28.447499999999998], [77.20500000000001, 28.447499999999998], [77.20500000000001, 28.447999999999997], [77.20525, 28.447999999999997], [77.20525, 28.448249999999998], [77.2055, 28.448249999999998], [77.2055, 28.4485], [77.20525, 28.4485], [77.20525, 28.448749999999997], [77.20475, 28.448749999999997], [77.20475, 28.4485], [77.20400000000001, 28.4485], [77.20400000000001, 28.448749999999997], [77.20325000000001, 28.448749999999997], [77.20325000000001, 28.448999999999998], [77.203, 28.448999999999998], [77.203, 28.44925], [77.20100000000001, 28.44925], [77.20100000000001, 28.449499999999997], [77.2005, 28.449499999999997], [77.2005, 28.449749999999998], [77.2, 28.449749999999998]], [[77.20150000000001, 28.448999999999998], [77.20225, 28.448999999999998], [77.20225, 28.448249999999998], [77.20150000000001, 28.448249999999998], [77.20150000000001, 28.448999999999998]], [[77.203, 28.445999999999998], [77.20375, 28.445999999999998], [77.20375, 28.445249999999998], [77.2035, 28.445249999999998], [77.2035, 28.444999999999997], [77.20275000000001, 28.444999999999997], [77.20275000000001, 28.445749999999997], [77.203, 28.445749999999997], [77.203, 28.445999999999998]]]}, "properties": {"area_km2": 0.1927, "area_ha": 19.27}}, {"type": "Feature", "geometry": {"type": "Polygon", "coordinates": [[[77.05575, 28.71575], [77.05575, 28.7155], [77.05525, 28.7155], [77.05525, 28.715], [77.055, 28.715], [77.055, 28.71475], [77.05475000000001, 28.71475], [77.05475000000001, 28.714499999999997], [77.0545, 28.714499999999997], [77.0545, 28.713749999999997], [77.05250000000001, 28.713749999999997], [77.05250000000001, 28.7135], [77.05225, 28.7135], [77.05225, 28.71325], [77.05250000000001, 28.71325], [77.05250000000001, 28.712999999999997], [77.0535, 28.712999999999997], [77.0535, 28.712249999999997], [77.05225, 28.712249999999997], [77.05225, 28.712], [77.0515, 28.712], [77.0515, 28.712249999999997], [77.05125000000001, 28.712249999999997], [77.05125000000001, 28.711499999999997], [77.0515, 28.711499999999997], [77.0515, 28.710749999999997], [77.05125000000001, 28.710749999999997], [77.05125000000001, 28.7105], [77.05175000000001, 28.7105], [77.05175000000001, 28.711499999999997], [77.05275, 28.711499999999997], [77.05275, 28.711], [77.05300000000001, 28.711], [77.05300000000001, 28.710749999999997], [77.05525, 28.710749999999997], [77.05525, 28.7105], [77.05550000000001, 28.7105], [77.05550000000001, 28.709249999999997], [77.05625, 28.709249999999997], [77.05625, 28.7095], [77.0565, 28.7095], [77.0565, 28.70975], [77.05675000000001, 28.70975], [77.05675000000001, 28.709999999999997], [77.057, 28.709999999999997], [77.057, 28.71025], [77.05675000000001, 28.71025], [77.05675000000001, 28.711499999999997], [77.057, 28.711499999999997], [77.057, 28.712], [77.05675000000001, 28.712], [77.05675000000001, 28.71325], [77.0565, 28.71325], [77.0565, 28.71425], [77.05625, 28.71425], [77.05625, 28.71575], [77.05575, 28.71575]]]}, "properties": {"area_km2": 0.1888, "area_ha": 18.88}}, {"type": "Feature", "geometry": {"type": "Polygon", "coordinates": [[[77.04125, 28.55425], [77.04125, 28.553749999999997], [77.04050000000001, 28.553749999999997], [77.04050000000001, 28.55325], [77.04025, 28.55325], [77.04025, 28.5525], [77.04075, 28.5525], [77.04075, 28.552], [77.04100000000001, 28.552], [77.04100000000001, 28.551499999999997], [77.04125, 28.551499999999997], [77.04125, 28.55025], [77.04100000000001, 28.55025], [77.04100000000001, 28.549999999999997], [77.04125, 28.549999999999997], [77.04125, 28.54975], [77.04175000000001, 28.54975], [77.04175000000001, 28.5495], [77.042, 28.5495], [77.042, 28.54875], [77.04225000000001, 28.54875], [77.04225000000001, 28.548499999999997], [77.0425, 28.548499999999997], [77.0425, 28.54825], [77.04400000000001, 28.54825], [77.04400000000001, 28.548499999999997], [77.04425, 28.548499999999997], [77.04425, 28.54875], [77.0445, 28.54875], [77.0445, 28.549], [77.04475000000001, 28.549], [77.04475000000001, 28.549249999999997], [77.045, 28.549249999999997], [77.045, 28.5495], [77.04525000000001, 28.5495], [77.04525000000001, 28.55025], [77.04475000000001, 28.55025], [77.04475000000001, 28.5505], [77.04425, 28.5505], [77.04425, 28.550749999999997], [77.04375, 28.550749999999997], [77.04375, 28.551], [77.04350000000001, 28.551], [77.04350000000001, 28.55175], [77.04425, 28.55175], [77.04425, 28.551499999999997], [77.0445, 28.551499999999997], [77.0445, 28.552], [77.0455, 28.552], [77.0455, 28.5525], [77.04575000000001, 28.5525], [77.04575000000001, 28.55275], [77.04525000000001, 28.55275], [77.04525000000001, 28.5535], [77.04475000000001, 28.5535], [77.04475000000001, 28.55325], [77.0445, 28.55325], [77.0445, 28.55275], [77.04425, 28.55275], [77.04425, 28.5525], [77.04400000000001, 28.5525], [77.04400000000001, 28.552], [77.04325, 28.552], [77.04325, 28.55325], [77.0425, 28.55325], [77.0425, 28.5535], [77.042, 28.5535], [77.042, 28.553749999999997], [77.04175000000001, 28.553749999999997], [77.04175000000001, 28.554], [77.0415, 28.554], [77.0415, 28.55425], [77.04125, 28.55425]]]}, "properties": {"area_km2": 0.1844, "area_ha": 18.44}}, {"type": "Feature", "geometry": {"type": "Polygon", "coordinates": [[[77.1195, 28.7305], [77.1195, 28.730249999999998], [77.11925000000001, 28.730249999999998], [77.11925000000001, 28.729], [77.11850000000001, 28.729], [77.11850000000001, 28.729249999999997], [77.11775, 28.729249999999997], [77.11775, 28.729499999999998], [77.1175, 28.729499999999998], [77.1175, 28.72975], [77.11675000000001, 28.72975], [77.11675000000001, 28.729499999999998], [77.117, 28.729499999999998], [77.117, 28.729249999999997], [77.11725000000001, 28.729249999999997], [77.11725000000001, 28.729], [77.11775, 28.729], [77.11775, 28.728749999999998], [77.11800000000001, 28.728749999999998], [77.11800000000001, 28.728499999999997], [77.11875, 28.728499999999997], [77.11875, 28.727999999999998], [77.119, 28.727999999999998], [77.119, 28.727749999999997], [77.11925000000001, 28.727749999999997], [77.11925000000001, 28.7275], [77.11975000000001, 28.7275], [77.11975000000001, 28.727249999999998], [77.12, 28.727249999999998], [77.12, 28.726999999999997], [77.12075, 28.726999999999997], [77.12075, 28.726499999999998], [77.12125, 28.726499999999998], [77.12125, 28.726249999999997], [77.12150000000001, 28.726249999999997], [77.12150000000001, 28.726], [77.122, 28.726], [77.122, 28.725749999999998], [77.12225000000001, 28.725749999999998], [77.12225000000001, 28.725499999999997], [77.1225, 28.725499999999997], [77.1225, 28.72525], [77.12375, 28.72525], [77.12375, 28.7245], [77.12400000000001, 28.7245], [77.12400000000001, 28.724249999999998], [77.125, 28.724249999999998], [77.125, 28.725499999999997], [77.12475, 28.725499999999997], [77.12475, 28.725749999999998], [77.12400000000001, 28.725749999999998], [77.12400000000001, 28.727249999999998], [77.12425, 28.727249999999998], [77.12425, 28.727749999999997], [77.12400000000001, 28.727749999999997], [77.12400000000001, 28.727999999999998], [77.1235, 28.727999999999998], [77.1235, 28.72825], [77.12325000000001, 28.72825], [77.12325000000001, 28.728499999999997], [77.123, 28.728499999999997], [77.123, 28.728749999999998], [77.12225000000001, 28.728749999999998], [77.12225000000001, 28.729], [77.12175, 28.729], [77.12175, 28.728499999999997], [77.1205, 28.728499999999997], [77.1205, 28.729], [77.12025000000001, 28.729], [77.12025000000001, 28.729999999999997], [77.12, 28.729999999999997], [77.12, 28.730249999999998], [77.11975000000001, 28.730249999999998], [77.11975000000001, 28.7305], [77.1195, 28.7305]]]}, "properties": {"area_km2": 0.1787, "area_ha": 17.87}}, {"type": "Feature", "geometry": {"type": "Polygon", "coordinates": [[[77.35325, 28.54], [77.35325, 28.539749999999998], [77.35175000000001, 28.539749999999998], [77.35175000000001, 28.539499999999997], [77.35225000000001, 28.539499999999997], [77.35225000000001, 28.53925], [77.3525, 28.53925], [77.3525, 28.538999999999998], [77.35300000000001, 28.538999999999998], [77.35300000000001, 28.538749999999997], [77.35325, 28.538749999999997], [77.35325, 28.5385], [77.354, 28.5385], [77.354, 28.538249999999998], [77.3545, 28.538249999999998], [77.3545, 28.537999999999997], [77.35600000000001, 28.537999999999997], [77.35600000000001, 28.53775], [77.35625, 28.53775], [77.35625, 28.536749999999998], [77.35600000000001, 28.536749999999998], [77.35600000000001, 28.536499999999997], [77.35575, 28.536499999999997], [77.35575, 28.535999999999998], [77.35675, 28.535999999999998], [77.35675, 28.53575], [77.35825000000001, 28.53575], [77.35825000000001, 28.5355], [77.35900000000001, 28.5355], [77.35900000000001, 28.535249999999998], [77.36, 28.535249999999998], [77.36, 28.53575], [77.36025000000001, 28.53575], [77.36025000000001, 28.535999999999998], [77.361, 28.535999999999998], [77.361, 28.5355], [77.36175, 28.5355], [77.36175, 28.535], [77.36200000000001, 28.535], [77.36200000000001, 28.53475], [77.36250000000001, 28.53475], [77.36250000000001, 28.53575], [77.36225, 28.53575], [77.36225, 28.537], [77.3615, 28.537], [77.3615, 28.536749999999998], [77.36075000000001, 28.536749999999998], [77.36075000000001, 28.537], [77.3605, 28.537], [77.3605, 28.536749999999998], [77.35875, 28.536749999999998], [77.35875, 28.537], [77.3585, 28.537], [77.3585, 28.537499999999998], [77.35825000000001, 28.537499999999998], [77.35825000000001, 28.53775], [77.3575, 28.53775], [77.3575, 28.537999999999997], [77.357, 28.537999999999997], [77.357, 28.538249999999998], [77.35675, 28.538249999999998], [77.35675, 28.5385], [77.35625, 28.5385], [77.35625, 28.538749999999997], [77.35600000000001, 28.538749999999997], [77.35600000000001, 28.538999999999998], [77.35575, 28.538999999999998], [77.35575, 28.53925], [77.3545, 28.53925], [77.3545, 28.539499999999997], [77.35425000000001, 28.539499999999997], [77.35425000000001, 28.539749999999998], [77.35350000000001, 28.539749999999998], [77.35350000000001, 28.54], [77.35325, 28.54]], [[77.35725000000001, 28.536749999999998], [77.358, 28.536749999999998], [77.358, 28.535999999999998], [77.35725000000001, 28.535999999999998], [77.35725000000001, 28.536749999999998]]]}, "properties": {"area_km2": 0.16, "area_ha": 16.0}}, {"type": "Feature", "geometry": {"type": "Polygon", "coordinates": [[[77.20100000000001, 28.587249999999997], [77.20100000000001, 28.587], [77.20125, 28.587], [77.20125, 28.58675], [77.20150000000001, 28.58675], [77.20150000000001, 28.586499999999997], [77.20175, 28.586499999999997], [77.20175, 28.58625], [77.20225, 28.58625], [77.20225, 28.586], [77.2025, 28.586], [77.2025, 28.585749999999997], [77.20275000000001, 28.585749999999997], [77.20275000000001, 28.5855], [77.20325000000001, 28.5855], [77.20325000000001, 28.58525], [77.2035, 28.58525], [77.2035, 28.58475], [77.20375, 28.58475], [77.20375, 28.583499999999997], [77.20425, 28.583499999999997], [77.20425, 28.58375], [77.20400000000001, 28.58375], [77.20400000000001, 28.5845], [77.20475, 28.5845], [77.20475, 28.584249999999997], [77.20525, 28.584249999999997], [77.20525, 28.58375], [77.20575000000001, 28.58375], [77.20575000000001, 28.583], [77.2055, 28.583], [77.2055, 28.582749999999997], [77.20475, 28.582749999999997], [77.20475, 28.583], [77.20425, 28.583], [77.20425, 28.5825], [77.20500000000001, 28.5825], [77.20500000000001, 28.58225], [77.20525, 28.58225], [77.20525, 28.581999999999997], [77.20625000000001, 28.581999999999997], [77.20625000000001, 28.58175], [77.2065, 28.58175], [77.2065, 28.581999999999997], [77.20675, 28.581999999999997], [77.20675, 28.58225], [77.20775, 28.58225], [77.20775, 28.5815], [77.20825, 28.5815], [77.20825, 28.581999999999997], [77.209, 28.581999999999997], [77.209, 28.58175], [77.20925000000001, 28.58175], [77.20925000000001, 28.5815], [77.2095, 28.5815], [77.2095, 28.581249999999997], [77.21000000000001, 28.581249999999997], [77.21000000000001, 28.581], [77.21100000000001, 28.581], [77.21100000000001, 28.5815], [77.21075, 28.5815], [77.21075, 28.583], [77.21050000000001, 28.583], [77.21050000000001, 28.583499999999997], [77.20975, 28.583499999999997], [77.20975, 28.58325], [77.20825, 28.58325], [77.20825, 28.583499999999997], [77.20775, 28.583499999999997], [77.20775, 28.584249999999997], [77.20725, 28.584249999999997], [77.20725, 28.584], [77.2065, 28.584], [77.2065, 28.584249999999997], [77.206, 28.584249999999997], [77.206, 28.5845], [77.20575000000001, 28.5845], [77.20575000000001, 28.58475], [77.20525, 28.58475], [77.20525, 28.584999999999997], [77.20425, 28.584999999999997], [77.20425, 28.5855], [77.20400000000001, 28.5855], [77.20400000000001, 28.586], [77.20325000000001, 28.586], [77.20325000000001, 28.58625], [77.20275000000001, 28.58625], [77.20275000000001, 28.586499999999997], [77.20225, 28.586499999999997], [77.20225, 28.58675], [77.20200000000001, 28.58675], [77.20200000000001, 28.587], [77.20175, 28.587], [77.20175, 28.587249999999997], [77.20100000000001, 28.587249999999997]]]}, "properties": {"area_km2": 0.1592, "area_ha": 15.92}}, {"type": "Feature", "geometry": {"type": "Polygon", "coordinates": [[[77.19225, 28.729], [77.19225, 28.727999999999998], [77.19200000000001, 28.727999999999998], [77.19200000000001, 28.727749999999997], [77.1905, 28.727749999999997], [77.1905, 28.72675], [77.19125000000001, 28.72675], [77.19125000000001, 28.726999999999997], [77.19225, 28.726999999999997], [77.19225, 28.726], [77.1945, 28.726], [77.1945, 28.725749999999998], [77.19550000000001, 28.725749999999998], [77.19550000000001, 28.726], [77.1965, 28.726], [77.1965, 28.726249999999997], [77.19725000000001, 28.726249999999997], [77.19725000000001, 28.72675], [77.1975, 28.72675], [77.1975, 28.727249999999998], [77.19725000000001, 28.727249999999998], [77.19725000000001, 28.7275], [77.197, 28.7275], [77.197, 28.727749999999997], [77.19675000000001, 28.727749999999997], [77.19675000000001, 28.727999999999998], [77.19575, 28.727999999999998], [77.19575, 28.72825], [77.19550000000001, 28.72825], [77.19550000000001, 28.728499999999997], [77.19325, 28.728499999999997], [77.19325, 28.728749999999998], [77.19250000000001, 28.728749999999998], [77.19250000000001, 28.729], [77.19225, 28.729]]]}, "properties": {"area_km2": 0.1468, "area_ha": 14.68}}, {"type": "Feature", "geometry": {"type": "Polygon", "coordinates": [[[77.30775000000001, 28.61675], [77.30775000000001, 28.6165], [77.307, 28.6165], [77.307, 28.616249999999997], [77.30625, 28.616249999999997], [77.30625, 28.616], [77.305, 28.616], [77.305, 28.61575], [77.3045, 28.61575], [77.3045, 28.615499999999997], [77.30425000000001, 28.615499999999997], [77.30425000000001, 28.61525], [77.30375000000001, 28.61525], [77.30375000000001, 28.615], [77.301, 28.615], [77.301, 28.614749999999997], [77.29975, 28.614749999999997], [77.29975, 28.6145], [77.29825000000001, 28.6145], [77.29825000000001, 28.61425], [77.299, 28.61425], [77.299, 28.613999999999997], [77.301, 28.613999999999997], [77.301, 28.61375], [77.30225, 28.61375], [77.30225, 28.613999999999997], [77.30675000000001, 28.613999999999997], [77.30675000000001, 28.61425], [77.30725000000001, 28.61425], [77.30725000000001, 28.614749999999997], [77.3075, 28.614749999999997], [77.3075, 28.615], [77.30775000000001, 28.615], [77.30775000000001, 28.61525], [77.308, 28.61525], [77.308, 28.616], [77.30850000000001, 28.616], [77.30850000000001, 28.6165], [77.30825, 28.6165], [77.30825, 28.61675], [77.30775000000001, 28.61675]]]}, "properties": {"area_km2": 0.1368, "area_ha": 13.68}}, {"type": "Feature", "geometry": {"type": "Polygon", "coordinates": [[[77.15375, 28.6225], [77.15375, 28.622], [77.15350000000001, 28.622], [77.15350000000001, 28.62175], [77.15375, 28.62175], [77.15375, 28.621499999999997], [77.15400000000001, 28.621499999999997], [77.15400000000001, 28.62125], [77.15425, 28.62125], [77.15425, 28.62025], [77.15275000000001, 28.62025], [77.15275000000001, 28.619999999999997], [77.1525, 28.619999999999997], [77.1525, 28.6195], [77.15225000000001, 28.6195], [77.15225000000001, 28.619], [77.152, 28.619], [77.152, 28.61875], [77.15175, 28.61875], [77.15175, 28.61825], [77.15150000000001, 28.61825], [77.15150000000001, 28.618], [77.15125, 28.618], [77.15125, 28.61725], [77.15175, 28.61725], [77.15175, 28.616999999999997], [77.153, 28.616999999999997], [77.153, 28.6175], [77.15325, 28.6175], [77.15325, 28.618], [77.15350000000001, 28.618], [77.15350000000001, 28.61825], [77.15375, 28.61825], [77.15375, 28.61875], [77.15400000000001, 28.61875], [77.15400000000001, 28.619], [77.15425, 28.619], [77.15425, 28.619249999999997], [77.15450000000001, 28.619249999999997], [77.15450000000001, 28.62025], [77.15525000000001, 28.62025], [77.15525000000001, 28.619999999999997], [77.15575000000001, 28.619999999999997], [77.15575000000001, 28.62025], [77.15625, 28.62025], [77.15625, 28.6205], [77.15650000000001, 28.6205], [77.15650000000001, 28.621], [77.15625, 28.621], [77.15625, 28.62125], [77.156, 28.62125], [77.156, 28.621499999999997], [77.15575000000001, 28.621499999999997], [77.15575000000001, 28.62175], [77.1555, 28.62175], [77.1555, 28.622], [77.15525000000001, 28.622], [77.15525000000001, 28.622249999999998], [77.15425, 28.622249999999998], [77.15425, 28.6225], [77.15375, 28.6225]]]}, "properties": {"area_km2": 0.1138, "area_ha": 11.38}}, {"type": "Feature", "geometry": {"type": "Polygon", "coordinates": [[[77.07650000000001, 28.726999999999997], [77.07650000000001, 28.72675], [77.07600000000001, 28.72675], [77.07600000000001, 28.726499999999998], [77.07575, 28.726499999999998], [77.07575, 28.726249999999997], [77.0755, 28.726249999999997], [77.0755, 28.726], [77.07525000000001, 28.726], [77.07525000000001, 28.725499999999997], [77.07575, 28.725499999999997], [77.07575, 28.724749999999997], [77.0755, 28.724749999999997], [77.0755, 28.7245], [77.075, 28.7245], [77.075, 28.724], [77.07475000000001, 28.724], [77.07475000000001, 28.72375], [77.07325, 28.72375], [77.07325, 28.723499999999998], [77.07300000000001, 28.723499999999998], [77.07300000000001, 28.723], [77.07350000000001, 28.723], [77.07350000000001, 28.721999999999998], [77.07525000000001, 28.721999999999998], [77.07525000000001, 28.72225], [77.07475000000001, 28.72225], [77.07475000000001, 28.7225], [77.07425, 28.7225], [77.07425, 28.72325], [77.0745, 28.72325], [77.0745, 28.723499999999998], [77.07525000000001, 28.723499999999998], [77.07525000000001, 28.72325], [77.0755, 28.72325], [77.0755, 28.722749999999998], [77.07675, 28.722749999999998], [77.07675, 28.72325], [77.07725, 28.72325], [77.07725, 28.723499999999998], [77.0775, 28.723499999999998], [77.0775, 28.724], [77.078, 28.724], [77.078, 28.7245], [77.07725, 28.7245], [77.07725, 28.724749999999997], [77.07675, 28.724749999999997], [77.07675, 28.7245], [77.07600000000001, 28.7245], [77.07600000000001, 28.72525], [77.07625, 28.72525], [77.07625, 28.725499999999997], [77.07725, 28.725499999999997], [77.07725, 28.72525], [77.07775000000001, 28.72525], [77.07775000000001, 28.725499999999997], [77.078, 28.725499999999997], [77.078, 28.726999999999997], [77.07650000000001, 28.726999999999997]]]}, "properties": {"area_km2": 0.111, "area_ha": 11.1}}, {"type": "Feature", "geometry": {"type": "Polygon", "coordinates": [[[77.07225000000001, 28.65025], [77.07225000000001, 28.65], [77.072, 28.65], [77.072, 28.649749999999997], [77.07175000000001, 28.649749999999997], [77.07175000000001, 28.6495], [77.0715, 28.6495], [77.0715, 28.64925], [77.07125, 28.64925], [77.07125, 28.648999999999997], [77.07075, 28.648999999999997], [77.07075, 28.64875], [77.07050000000001, 28.64875], [77.07050000000001, 28.6485], [77.07025, 28.6485], [77.07025, 28.648249999999997], [77.07000000000001, 28.648249999999997], [77.07000000000001, 28.648], [77.06975000000001, 28.648], [77.06975000000001, 28.64775], [77.06925000000001, 28.64775], [77.06925000000001, 28.647499999999997], [77.069, 28.647499999999997], [77.069, 28.64725], [77.06875000000001, 28.64725], [77.06875000000001, 28.647], [77.0685, 28.647], [77.0685, 28.646749999999997], [77.06825, 28.646749999999997], [77.06825, 28.6465], [77.06800000000001, 28.6465], [77.06800000000001, 28.64625], [77.06775, 28.64625], [77.06775, 28.645999999999997], [77.06725, 28.645999999999997], [77.06725, 28.64575], [77.06700000000001, 28.64575], [77.06700000000001, 28.6455], [77.06675000000001, 28.6455], [77.06675000000001, 28.645249999999997], [77.0665, 28.645249999999997], [77.0665, 28.645], [77.06625000000001, 28.645], [77.06625000000001, 28.64475], [77.066, 28.64475], [77.066, 28.644499999999997], [77.06575000000001, 28.644499999999997], [77.06575000000001, 28.64425], [77.06525, 28.64425], [77.06525, 28.643749999999997], [77.06475, 28.643749999999997], [77.06475, 28.6435], [77.06450000000001, 28.6435], [77.06450000000001, 28.64325], [77.06425, 28.64325], [77.06425, 28.642999999999997], [77.06400000000001, 28.642999999999997], [77.06400000000001, 28.64275], [77.06375000000001, 28.64275], [77.06375000000001, 28.6425], [77.0635, 28.6425], [77.0635, 28.642249999999997], [77.063, 28.642249999999997], [77.063, 28.642], [77.06275000000001, 28.642], [77.06275000000001, 28.64175], [77.06225, 28.64175], [77.06225, 28.641499999999997], [77.06200000000001, 28.641499999999997], [77.06200000000001, 28.64125], [77.06175, 28.64125], [77.06175, 28.641], [77.06150000000001, 28.641], [77.06150000000001, 28.640749999999997], [77.06125, 28.640749999999997], [77.06125, 28.6405], [77.06075000000001, 28.6405], [77.06075000000001, 28.640249999999998], [77.06150000000001, 28.640249999999998], [77.06150000000001, 28.6405], [77.06225, 28.6405], [77.06225, 28.640749999999997], [77.0625, 28.640749999999997], [77.0625, 28.641], [77.06275000000001, 28.641], [77.06275000000001, 28.64125], [77.063, 28.64125], [77.063, 28.641499999999997], [77.06325000000001, 28.641499999999997], [77.06325000000001, 28.64175], [77.0635, 28.64175], [77.0635, 28.642], [77.06400000000001, 28.642], [77.06400000000001, 28.642249999999997], [77.06425, 28.642249999999997], [77.06425, 28.6425], [77.06450000000001, 28.6425], [77.06450000000001, 28.64275], [77.06475, 28.64275], [77.06475, 28.642999999999997], [77.06525, 28.642999999999997], [77.06525, 28.64325], [77.0655, 28.64325], [77.0655, 28.6435], [77.06575000000001, 28.6435], [77.06575000000001, 28.643749999999997], [77.066, 28.643749999999997], [77.066, 28.644], [77.06625000000001, 28.644], [77.06625000000001, 28.64425], [77.0665, 28.64425], [77.0665, 28.644499999999997], [77.06675000000001, 28.644499999999997], [77.06675000000001, 28.64475], [77.06700000000001, 28.64475], [77.06700000000001, 28.645], [77.06750000000001, 28.645], [77.06750000000001, 28.645249999999997], [77.06775, 28.645249999999997], [77.06775, 28.6455], [77.06800000000001, 28.6455], [77.06800000000001, 28.64575], [77.06825, 28.64575], [77.06825, 28.645999999999997], [77.0685, 28.645999999999997], [77.0685, 28.64625], [77.069, 28.64625], [77.069, 28.6465], [77.06925000000001, 28.6465], [77.06925000000001, 28.646749999999997], [77.0695, 28.646749999999997], [77.0695, 28.647], [77.06975000000001, 28.647], [77.06975000000001, 28.64725], [77.07000000000001, 28.64725], [77.07000000000001, 28.647499999999997], [77.07025, 28.647499999999997], [77.07025, 28.64775], [77.07050000000001, 28.64775], [77.07050000000001, 28.648], [77.07075, 28.648], [77.07075, 28.648249999999997], [77.07125, 28.648249999999997], [77.07125, 28.6485], [77.0715, 28.6485], [77.0715, 28.64875], [77.07175000000001, 28.64875], [77.07175000000001, 28.648999999999997], [77.072, 28.648999999999997], [77.072, 28.64925], [77.07225000000001, 28.64925], [77.07225000000001, 28.6495], [77.0725, 28.6495], [77.0725, 28.649749999999997], [77.07275, 28.649749999999997], [77.07275, 28.65025], [77.07225000000001, 28.65025]]]}, "properties": {"area_km2": 0.0962, "area_ha": 9.62}}, {"type": "Feature", "geometry": {"type": "Polygon", "coordinates": [[[77.10525000000001, 28.449499999999997], [77.10525000000001, 28.44925], [77.1055, 28.44925], [77.1055, 28.448999999999998], [77.10600000000001, 28.448999999999998], [77.10600000000001, 28.448749999999997], [77.10650000000001, 28.448749999999997], [77.10650000000001, 28.4485], [77.10775000000001, 28.4485], [77.10775000000001, 28.44775], [77.108, 28.44775], [77.108, 28.447499999999998], [77.1085, 28.447499999999998], [77.1085, 28.44775], [77.10950000000001, 28.44775], [77.10950000000001, 28.447499999999998], [77.11, 28.447499999999998], [77.11, 28.44775], [77.111, 28.44775], [77.111, 28.447999999999997], [77.11125000000001, 28.447999999999997], [77.11125000000001, 28.448249999999998], [77.11175, 28.448249999999998], [77.11175, 28.448749999999997], [77.11200000000001, 28.448749999999997], [77.11200000000001, 28.448999999999998], [77.11175, 28.448999999999998], [77.11175, 28.44925], [77.1085, 28.44925], [77.1085, 28.449499999999997], [77.10525000000001, 28.449499999999997]]]}, "properties": {"area_km2": 0.0882, "area_ha": 8.82}}, {"type": "Feature", "geometry": {"type": "Polygon", "coordinates": [[[77.301, 28.52375], [77.301, 28.52275], [77.30025, 28.52275], [77.30025, 28.522499999999997], [77.30000000000001, 28.522499999999997], [77.30000000000001, 28.52225], [77.299, 28.52225], [77.299, 28.522], [77.29875000000001, 28.522], [77.29875000000001, 28.521749999999997], [77.29950000000001, 28.521749999999997], [77.29950000000001, 28.522], [77.3005, 28.522], [77.3005, 28.520999999999997], [77.3015, 28.520999999999997], [77.3015, 28.5205], [77.30175000000001, 28.5205], [77.30175000000001, 28.52], [77.30225, 28.52], [77.30225, 28.519499999999997], [77.30250000000001, 28.519499999999997], [77.30250000000001, 28.518749999999997], [77.302, 28.518749999999997], [77.302, 28.5185], [77.30175000000001, 28.5185], [77.30175000000001, 28.51825], [77.30225, 28.51825], [77.30225, 28.517], [77.30325, 28.517], [77.30325, 28.5175], [77.30300000000001, 28.5175], [77.30300000000001, 28.51825], [77.30375000000001, 28.51825], [77.30375000000001, 28.518749999999997], [77.304, 28.518749999999997], [77.304, 28.51925], [77.30375000000001, 28.51925], [77.30375000000001, 28.519499999999997], [77.30325, 28.519499999999997], [77.30325, 28.51975], [77.30300000000001, 28.51975], [77.30300000000001, 28.52], [77.30275, 28.52], [77.30275, 28.52075], [77.30250000000001, 28.52075], [77.30250000000001, 28.520999999999997], [77.30225, 28.520999999999997], [77.30225, 28.5215], [77.302, 28.5215], [77.302, 28.522], [77.30175000000001, 28.522], [77.30175000000001, 28.522499999999997], [77.3015, 28.522499999999997], [77.3015, 28.52275], [77.30125000000001, 28.52275], [77.30125000000001, 28.52375], [77.301, 28.52375]]]}, "properties": {"area_km2": 0.0875, "area_ha": 8.75}}, {"type": "Feature", "geometry": {"type": "Polygon", "coordinates": [[[77.20375, 28.592], [77.20375, 28.59125], [77.20225, 28.59125], [77.20225, 28.5905], [77.20200000000001, 28.5905], [77.20200000000001, 28.590249999999997], [77.2025, 28.590249999999997], [77.2025, 28.59], [77.20275000000001, 28.59], [77.20275000000001, 28.589], [77.2025, 28.589], [77.2025, 28.588749999999997], [77.20200000000001, 28.588749999999997], [77.20200000000001, 28.5885], [77.20225, 28.5885], [77.20225, 28.58825], [77.2025, 28.58825], [77.2025, 28.587999999999997], [77.20275000000001, 28.587999999999997], [77.20275000000001, 28.58775], [77.20325000000001, 28.58775], [77.20325000000001, 28.5875], [77.20450000000001, 28.5875], [77.20450000000001, 28.58925], [77.20425, 28.58925], [77.20425, 28.59], [77.20450000000001, 28.59], [77.20450000000001, 28.592], [77.20375, 28.592]]]}, "properties": {"area_km2": 0.0854, "area_ha": 8.54}}, {"type": "Feature", "geometry": {"type": "Polygon", "coordinates": [[[77.20775, 28.4395], [77.20775, 28.43875], [77.20700000000001, 28.43875], [77.20700000000001, 28.438499999999998], [77.20750000000001, 28.438499999999998], [77.20750000000001, 28.437749999999998], [77.20775, 28.437749999999998], [77.20775, 28.43725], [77.20800000000001, 28.43725], [77.20800000000001, 28.436999999999998], [77.2085, 28.436999999999998], [77.2085, 28.43675], [77.20875000000001, 28.43675], [77.20875000000001, 28.4365], [77.209, 28.4365], [77.209, 28.436249999999998], [77.2095, 28.436249999999998], [77.2095, 28.436], [77.21000000000001, 28.436], [77.21000000000001, 28.43575], [77.21025, 28.43575], [77.21025, 28.43525], [77.21050000000001, 28.43525], [77.21050000000001, 28.4345], [77.21075, 28.4345], [77.21075, 28.43425], [77.21125, 28.43425], [77.21125, 28.433999999999997], [77.2115, 28.433999999999997], [77.2115, 28.434749999999998], [77.21125, 28.434749999999998], [77.21125, 28.435], [77.21100000000001, 28.435], [77.21100000000001, 28.4365], [77.21075, 28.4365], [77.21075, 28.43675], [77.21050000000001, 28.43675], [77.21050000000001, 28.43725], [77.21025, 28.43725], [77.21025, 28.4375], [77.2095, 28.4375], [77.2095, 28.438], [77.20925000000001, 28.438], [77.20925000000001, 28.43875], [77.20825, 28.43875], [77.20825, 28.4395], [77.20775, 28.4395]]]}, "properties": {"area_km2": 0.0794, "area_ha": 7.94}}, {"type": "Feature", "geometry": {"type": "Polygon", "coordinates": [[[77.08200000000001, 28.656499999999998], [77.08200000000001, 28.65625], [77.0815, 28.65625], [77.0815, 28.656], [77.0805, 28.656], [77.0805, 28.655749999999998], [77.08000000000001, 28.655749999999998], [77.08000000000001, 28.6555], [77.07900000000001, 28.6555], [77.07900000000001, 28.65525], [77.0785, 28.65525], [77.0785, 28.654999999999998], [77.078, 28.654999999999998], [77.078, 28.65475], [77.0775, 28.65475], [77.0775, 28.6545], [77.07700000000001, 28.6545], [77.07700000000001, 28.654249999999998], [77.07650000000001, 28.654249999999998], [77.07650000000001, 28.654], [77.07625, 28.654], [77.07625, 28.65375], [77.07575, 28.65375], [77.07575, 28.653499999999998], [77.0755, 28.653499999999998], [77.0755, 28.65325], [77.075, 28.65325], [77.075, 28.652749999999997], [77.07525000000001, 28.652749999999997], [77.07525000000001, 28.6525], [77.0755, 28.6525], [77.0755, 28.652749999999997], [77.07575, 28.652749999999997], [77.07575, 28.653], [77.07600000000001, 28.653], [77.07600000000001, 28.65325], [77.07650000000001, 28.65325], [77.07650000000001, 28.653499999999998], [77.07675, 28.653499999999998], [77.07675, 28.65375], [77.07725, 28.65375], [77.07725, 28.654], [77.0775, 28.654], [77.0775, 28.654249999999998], [77.078, 28.654249999999998], [77.078, 28.6545], [77.0785, 28.6545], [77.0785, 28.65475], [77.07900000000001, 28.65475], [77.07900000000001, 28.654999999999998], [77.08000000000001, 28.654999999999998], [77.08000000000001, 28.65525], [77.08075000000001, 28.65525], [77.08075000000001, 28.6555], [77.08125000000001, 28.6555], [77.08125000000001, 28.655749999999998], [77.08225, 28.655749999999998], [77.08225, 28.656], [77.0835, 28.656], [77.0835, 28.655749999999998], [77.08475, 28.655749999999998], [77.08475, 28.6555], [77.08525, 28.6555], [77.08525, 28.65525], [77.08625, 28.65525], [77.08625, 28.654999999999998], [77.087, 28.654999999999998], [77.087, 28.65475], [77.08775, 28.65475], [77.08775, 28.6545], [77.08800000000001, 28.6545], [77.08800000000001, 28.65525], [77.08725000000001, 28.65525], [77.08725000000001, 28.6555], [77.0865, 28.6555], [77.0865, 28.655749999999998], [77.08575, 28.655749999999998], [77.08575, 28.656], [77.08475, 28.656], [77.08475, 28.65625], [77.08375000000001, 28.65625], [77.08375000000001, 28.656499999999998], [77.08200000000001, 28.656499999999998]]]}, "properties": {"area_km2": 0.0792, "area_ha": 7.92}}, {"type": "Feature", "geometry": {"type": "Polygon", "coordinates": [[[77.05850000000001, 28.57275], [77.05850000000001, 28.572499999999998], [77.05775000000001, 28.572499999999998], [77.05775000000001, 28.572], [77.0575, 28.572], [77.0575, 28.570749999999997], [77.05775000000001, 28.570749999999997], [77.05775000000001, 28.56975], [77.058, 28.56975], [77.058, 28.5705], [77.05850000000001, 28.5705], [77.05850000000001, 28.570749999999997], [77.06, 28.570749999999997], [77.06, 28.5705], [77.06225, 28.5705], [77.06225, 28.570249999999998], [77.06275000000001, 28.570249999999998], [77.06275000000001, 28.5705], [77.063, 28.5705], [77.063, 28.570749999999997], [77.06325000000001, 28.570749999999997], [77.06325000000001, 28.570999999999998], [77.0635, 28.570999999999998], [77.0635, 28.572], [77.06325000000001, 28.572], [77.06325000000001, 28.571749999999998], [77.06225, 28.571749999999998], [77.06225, 28.572], [77.06200000000001, 28.572], [77.06200000000001, 28.57125], [77.06, 28.57125], [77.06, 28.571499999999997], [77.05975000000001, 28.571499999999997], [77.05975000000001, 28.571749999999998], [77.05900000000001, 28.571749999999998], [77.05900000000001, 28.572249999999997], [77.05875, 28.572249999999997], [77.05875, 28.57275], [77.05850000000001, 28.57275]]]}, "properties": {"area_km2": 0.0786, "area_ha": 7.86}}, {"type": "Feature", "geometry": {"type": "Polygon", "coordinates": [[[77.24925, 28.727249999999998], [77.24925, 28.726499999999998], [77.24950000000001, 28.726499999999998], [77.24950000000001, 28.726], [77.24975, 28.726], [77.24975, 28.725749999999998], [77.25, 28.725749999999998], [77.25, 28.725499999999997], [77.2505, 28.725499999999997], [77.2505, 28.72525], [77.25125000000001, 28.72525], [77.25125000000001, 28.724999999999998], [77.25225, 28.724999999999998], [77.25225, 28.724749999999997], [77.25275, 28.724749999999997], [77.25275, 28.7245], [77.253, 28.7245], [77.253, 28.726249999999997], [77.25275, 28.726249999999997], [77.25275, 28.727249999999998], [77.24925, 28.727249999999998]]]}, "properties": {"area_km2": 0.0778, "area_ha": 7.78}}, {"type": "Feature", "geometry": {"type": "Polygon", "coordinates": [[[77.3525, 28.633249999999997], [77.3525, 28.632499999999997], [77.349, 28.632499999999997], [77.349, 28.632749999999998], [77.34800000000001, 28.632749999999998], [77.34800000000001, 28.632499999999997], [77.34675, 28.632499999999997], [77.34675, 28.632749999999998], [77.346, 28.632749999999998], [77.346, 28.63225], [77.36500000000001, 28.63225], [77.36500000000001, 28.631999999999998], [77.36550000000001, 28.631999999999998], [77.36550000000001, 28.63225], [77.36925000000001, 28.63225], [77.36925000000001, 28.631999999999998], [77.36975000000001, 28.631999999999998], [77.36975000000001, 28.63225], [77.37075, 28.63225], [77.37075, 28.632499999999997], [77.35300000000001, 28.632499999999997], [77.35300000000001, 28.632749999999998], [77.35275, 28.632749999999998], [77.35275, 28.633249999999997], [77.3525, 28.633249999999997]]]}, "properties": {"area_km2": 0.0772, "area_ha": 7.72}}, {"type": "Feature", "geometry": {"type": "Polygon", "coordinates": [[[77.12725, 28.5825], [77.12725, 28.58225], [77.12650000000001, 28.58225], [77.12650000000001, 28.581999999999997], [77.12625000000001, 28.581999999999997], [77.12625000000001, 28.5815], [77.126, 28.5815], [77.126, 28.581], [77.125, 28.581], [77.125, 28.58075], [77.12525000000001, 28.58075], [77.12525000000001, 28.58], [77.125, 28.58], [77.125, 28.579749999999997], [77.12475, 28.579749999999997], [77.12475, 28.578999999999997], [77.12450000000001, 28.578999999999997], [77.12450000000001, 28.578249999999997], [77.125, 28.578249999999997], [77.125, 28.57875], [77.12525000000001, 28.57875], [77.12525000000001, 28.578999999999997], [77.126, 28.578999999999997], [77.126, 28.5785], [77.12625000000001, 28.5785], [77.12625000000001, 28.57875], [77.12650000000001, 28.57875], [77.12650000000001, 28.578999999999997], [77.12675, 28.578999999999997], [77.12675, 28.57925], [77.12700000000001, 28.57925], [77.12700000000001, 28.5795], [77.12725, 28.5795], [77.12725, 28.58025], [77.12750000000001, 28.58025], [77.12750000000001, 28.580499999999997], [77.12775, 28.580499999999997], [77.12775, 28.581249999999997], [77.12750000000001, 28.581249999999997], [77.12750000000001, 28.581999999999997], [77.12775, 28.581999999999997], [77.12775, 28.58225], [77.12750000000001, 28.58225], [77.12750000000001, 28.5825], [77.12725, 28.5825]]]}, "properties": {"area_km2": 0.0766, "area_ha": 7.66}}, {"type": "Feature", "geometry": {"type": "Polygon", "coordinates": [[[77.27900000000001, 28.60975], [77.27900000000001, 28.60925], [77.27875, 28.60925], [77.27875, 28.608999999999998], [77.27825, 28.608999999999998], [77.27825, 28.608249999999998], [77.2775, 28.608249999999998], [77.2775, 28.607999999999997], [77.27725000000001, 28.607999999999997], [77.27725000000001, 28.60775], [77.27675, 28.60775], [77.27675, 28.607499999999998], [77.27625, 28.607499999999998], [77.27625, 28.607249999999997], [77.2775, 28.607249999999997], [77.2775, 28.606499999999997], [77.27775000000001, 28.606499999999997], [77.27775000000001, 28.60625], [77.278, 28.60625], [77.278, 28.606499999999997], [77.27850000000001, 28.606499999999997], [77.27850000000001, 28.606749999999998], [77.27875, 28.606749999999998], [77.27875, 28.607], [77.27925, 28.607], [77.27925, 28.607249999999997], [77.27950000000001, 28.607249999999997], [77.27950000000001, 28.607499999999998], [77.28, 28.607499999999998], [77.28, 28.60775], [77.2805, 28.60775], [77.2805, 28.607999999999997], [77.28075000000001, 28.607999999999997], [77.28075000000001, 28.608249999999998], [77.28125, 28.608249999999998], [77.28125, 28.6085], [77.28150000000001, 28.6085], [77.28150000000001, 28.608999999999998], [77.28125, 28.608999999999998], [77.28125, 28.608749999999997], [77.2805, 28.608749999999997], [77.2805, 28.608999999999998], [77.27950000000001, 28.608999999999998], [77.27950000000001, 28.60975], [77.27900000000001, 28.60975]]]}, "properties": {"area_km2": 0.0752, "area_ha": 7.52}}, {"type": "Feature", "geometry": {"type": "Polygon", "coordinates": [[[77.09825000000001, 28.660999999999998], [77.09825000000001, 28.66075], [77.09800000000001, 28.66075], [77.09800000000001, 28.6605], [77.09775, 28.6605], [77.09775, 28.660249999999998], [77.09725, 28.660249999999998], [77.09725, 28.66], [77.09700000000001, 28.66], [77.09700000000001, 28.65975], [77.09675, 28.65975], [77.09675, 28.659499999999998], [77.0965, 28.659499999999998], [77.0965, 28.65925], [77.09625000000001, 28.65925], [77.09625000000001, 28.659], [77.09575000000001, 28.659], [77.09575000000001, 28.658749999999998], [77.0955, 28.658749999999998], [77.0955, 28.6585], [77.09525000000001, 28.6585], [77.09525000000001, 28.65825], [77.09475, 28.65825], [77.09475, 28.65775], [77.09425, 28.65775], [77.09425, 28.6575], [77.09400000000001, 28.6575], [77.09400000000001, 28.657249999999998], [77.09375, 28.657249999999998], [77.09375, 28.65675], [77.0935, 28.65675], [77.0935, 28.656499999999998], [77.09325000000001, 28.656499999999998], [77.09325000000001, 28.65625], [77.093, 28.65625], [77.093, 28.656], [77.0925, 28.656], [77.0925, 28.655749999999998], [77.09200000000001, 28.655749999999998], [77.09200000000001, 28.6555], [77.09175, 28.6555], [77.09175, 28.65525], [77.09100000000001, 28.65525], [77.09100000000001, 28.654999999999998], [77.09, 28.654999999999998], [77.09, 28.65475], [77.08925, 28.65475], [77.08925, 28.654249999999998], [77.08975000000001, 28.654249999999998], [77.08975000000001, 28.6545], [77.09125, 28.6545], [77.09125, 28.65475], [77.09175, 28.65475], [77.09175, 28.654999999999998], [77.09225, 28.654999999999998], [77.09225, 28.65525], [77.09275000000001, 28.65525], [77.09275000000001, 28.6555], [77.09325000000001, 28.6555], [77.09325000000001, 28.655749999999998], [77.09375, 28.655749999999998], [77.09375, 28.65625], [77.09400000000001, 28.65625], [77.09400000000001, 28.656499999999998], [77.09425, 28.656499999999998], [77.09425, 28.65675], [77.09475, 28.65675], [77.09475, 28.657], [77.09500000000001, 28.657], [77.09500000000001, 28.6575], [77.09525000000001, 28.6575], [77.09525000000001, 28.657999999999998], [77.09575000000001, 28.657999999999998], [77.09575000000001, 28.65825], [77.096, 28.65825], [77.096, 28.6585], [77.0965, 28.6585], [77.0965, 28.658749999999998], [77.09675, 28.658749999999998], [77.09675, 28.659], [77.09725, 28.659], [77.09725, 28.65925], [77.09750000000001, 28.65925], [77.09750000000001, 28.659499999999998], [77.09775, 28.659499999999998], [77.09775, 28.65975], [77.09800000000001, 28.65975], [77.09800000000001, 28.66], [77.0985, 28.66], [77.0985, 28.660249999999998], [77.09875000000001, 28.660249999999998], [77.09875000000001, 28.660999999999998], [77.09825000000001, 28.660999999999998]]]}, "properties": {"area_km2": 0.0738, "area_ha": 7.38}}, {"type": "Feature", "geometry": {"type": "Polygon", "coordinates": [[[77.28325000000001, 28.60775], [77.28325000000001, 28.607499999999998], [77.28275000000001, 28.607499999999998], [77.28275000000001, 28.607], [77.28200000000001, 28.607], [77.28200000000001, 28.607249999999997], [77.28150000000001, 28.607249999999997], [77.28150000000001, 28.607], [77.28025000000001, 28.607], [77.28025000000001, 28.606749999999998], [77.28, 28.606749999999998], [77.28, 28.606499999999997], [77.27975, 28.606499999999997], [77.27975, 28.60625], [77.27950000000001, 28.60625], [77.27950000000001, 28.605749999999997], [77.27925, 28.605749999999997], [77.27925, 28.6055], [77.28, 28.6055], [77.28, 28.605249999999998], [77.28025000000001, 28.605249999999998], [77.28025000000001, 28.604999999999997], [77.281, 28.604999999999997], [77.281, 28.605749999999997], [77.28025000000001, 28.605749999999997], [77.28025000000001, 28.606499999999997], [77.281, 28.606499999999997], [77.281, 28.60625], [77.28175, 28.60625], [77.28175, 28.605249999999998], [77.28200000000001, 28.605249999999998], [77.28200000000001, 28.604999999999997], [77.28225, 28.604999999999997], [77.28225, 28.604], [77.28250000000001, 28.604], [77.28250000000001, 28.605249999999998], [77.28275000000001, 28.605249999999998], [77.28275000000001, 28.60625], [77.28375000000001, 28.60625], [77.28375000000001, 28.606499999999997], [77.28425, 28.606499999999997], [77.28425, 28.607], [77.28375000000001, 28.607], [77.28375000000001, 28.607499999999998], [77.2835, 28.607499999999998], [77.2835, 28.60775], [77.28325000000001, 28.60775]]]}, "properties": {"area_km2": 0.0671, "area_ha": 6.71}}, {"type": "Feature", "geometry": {"type": "Polygon", "coordinates": [[[77.38225000000001, 28.538249999999998], [77.38225000000001, 28.537999999999997], [77.382, 28.537999999999997], [77.382, 28.536749999999998], [77.38325, 28.536749999999998], [77.38325, 28.536499999999997], [77.38350000000001, 28.536499999999997], [77.38350000000001, 28.53625], [77.38425000000001, 28.53625], [77.38425000000001, 28.5355], [77.38350000000001, 28.5355], [77.38350000000001, 28.534499999999998], [77.38375, 28.534499999999998], [77.38375, 28.5335], [77.38425000000001, 28.5335], [77.38425000000001, 28.53325], [77.3845, 28.53325], [77.3845, 28.534], [77.38475000000001, 28.534], [77.38475000000001, 28.53425], [77.385, 28.53425], [77.385, 28.535249999999998], [77.38475000000001, 28.535249999999998], [77.38475000000001, 28.535999999999998], [77.38525, 28.535999999999998], [77.38525, 28.536749999999998], [77.385, 28.536749999999998], [77.385, 28.537], [77.384, 28.537], [77.384, 28.537249999999997], [77.38350000000001, 28.537249999999997], [77.38350000000001, 28.537499999999998], [77.38325, 28.537499999999998], [77.38325, 28.53775], [77.38275, 28.53775], [77.38275, 28.537999999999997], [77.38250000000001, 28.537999999999997], [77.38250000000001, 28.538249999999998], [77.38225000000001, 28.538249999999998]]]}, "properties": {"area_km2": 0.0658, "area_ha": 6.58}}, {"type": "Feature", "geometry": {"type": "Polygon", "coordinates": [[[77.24775000000001, 28.450249999999997], [77.24775000000001, 28.449499999999997], [77.2475, 28.449499999999997], [77.2475, 28.448749999999997], [77.24775000000001, 28.448749999999997], [77.24775000000001, 28.447999999999997], [77.248, 28.447999999999997], [77.248, 28.44775], [77.2485, 28.44775], [77.2485, 28.447499999999998], [77.24875, 28.447499999999998], [77.24875, 28.447249999999997], [77.24900000000001, 28.447249999999997], [77.24900000000001, 28.447], [77.24950000000001, 28.447], [77.24950000000001, 28.446749999999998], [77.25, 28.446749999999998], [77.25, 28.447], [77.2505, 28.447], [77.2505, 28.447249999999997], [77.25075000000001, 28.447249999999997], [77.25075000000001, 28.44775], [77.2505, 28.44775], [77.2505, 28.447999999999997], [77.24975, 28.447999999999997], [77.24975, 28.448249999999998], [77.24950000000001, 28.448249999999998], [77.24950000000001, 28.449499999999997], [77.24925, 28.449499999999997], [77.24925, 28.449749999999998], [77.2485, 28.449749999999998], [77.2485, 28.45], [77.248, 28.45], [77.248, 28.450249999999997], [77.24775000000001, 28.450249999999997]]]}, "properties": {"area_km2": 0.0617, "area_ha": 6.17}}, {"type": "Feature", "geometry": {"type": "Polygon", "coordinates": [[[77.104, 28.456249999999997], [77.104, 28.456], [77.10350000000001, 28.456], [77.10350000000001, 28.45575], [77.10325, 28.45575], [77.10325, 28.45525], [77.10300000000001, 28.45525], [77.10300000000001, 28.455], [77.1025, 28.455], [77.1025, 28.45425], [77.10275, 28.45425], [77.10275, 28.4535], [77.10300000000001, 28.4535], [77.10300000000001, 28.452749999999998], [77.10325, 28.452749999999998], [77.10325, 28.452499999999997], [77.10350000000001, 28.452499999999997], [77.10350000000001, 28.45225], [77.10375, 28.45225], [77.10375, 28.451999999999998], [77.104, 28.451999999999998], [77.104, 28.4515], [77.1045, 28.4515], [77.1045, 28.4535], [77.10425000000001, 28.4535], [77.10425000000001, 28.45425], [77.104, 28.45425], [77.104, 28.455499999999997], [77.1045, 28.455499999999997], [77.1045, 28.45575], [77.10475000000001, 28.45575], [77.10475000000001, 28.456], [77.1045, 28.456], [77.1045, 28.456249999999997], [77.104, 28.456249999999997]]]}, "properties": {"area_km2": 0.0604, "area_ha": 6.04}}, {"type": "Feature", "geometry": {"type": "Polygon", "coordinates": [[[77.05900000000001, 28.569249999999997], [77.05900000000001, 28.569], [77.058, 28.569], [77.058, 28.568749999999998], [77.0575, 28.568749999999998], [77.0575, 28.567999999999998], [77.05825, 28.567999999999998], [77.05825, 28.567249999999998], [77.0595, 28.567249999999998], [77.0595, 28.567], [77.05975000000001, 28.567], [77.05975000000001, 28.567249999999998], [77.06, 28.567249999999998], [77.06, 28.5675], [77.06025000000001, 28.5675], [77.06025000000001, 28.56825], [77.06150000000001, 28.56825], [77.06150000000001, 28.568749999999998], [77.06125, 28.568749999999998], [77.06125, 28.569], [77.0605, 28.569], [77.0605, 28.569249999999997], [77.05900000000001, 28.569249999999997]]]}, "properties": {"area_km2": 0.0583, "area_ha": 5.83}}, {"type": "Feature", "geometry": {"type": "Polygon", "coordinates": [[[77.11625000000001, 28.662249999999997], [77.11625000000001, 28.662], [77.11475, 28.662], [77.11475, 28.661749999999998], [77.11425000000001, 28.661749999999998], [77.11425000000001, 28.6615], [77.1135, 28.6615], [77.1135, 28.66125], [77.11225, 28.66125], [77.11225, 28.660999999999998], [77.1105, 28.660999999999998], [77.1105, 28.66075], [77.10925, 28.66075], [77.10925, 28.6605], [77.11225, 28.6605], [77.11225, 28.66075], [77.1135, 28.66075], [77.1135, 28.660999999999998], [77.1145, 28.660999999999998], [77.1145, 28.66125], [77.11475, 28.66125], [77.11475, 28.6615], [77.11550000000001, 28.6615], [77.11550000000001, 28.661749999999998], [77.11850000000001, 28.661749999999998], [77.11850000000001, 28.6615], [77.11875, 28.6615], [77.11875, 28.66125], [77.1195, 28.66125], [77.1195, 28.660999999999998], [77.11975000000001, 28.660999999999998], [77.11975000000001, 28.66075], [77.1205, 28.66075], [77.1205, 28.660999999999998], [77.12025000000001, 28.660999999999998], [77.12025000000001, 28.66125], [77.11975000000001, 28.66125], [77.11975000000001, 28.6615], [77.11925000000001, 28.6615], [77.11925000000001, 28.661749999999998], [77.119, 28.661749999999998], [77.119, 28.662], [77.11850000000001, 28.662], [77.11850000000001, 28.662249999999997], [77.11625000000001, 28.662249999999997]]]}, "properties": {"area_km2": 0.0555, "area_ha": 5.55}}, {"type": "Feature", "geometry": {"type": "Polygon", "coordinates": [[[77.33525, 28.714], [77.33525, 28.713749999999997], [77.33500000000001, 28.713749999999997], [77.33500000000001, 28.712999999999997], [77.33475, 28.712999999999997], [77.33475, 28.7125], [77.33375000000001, 28.7125], [77.33375000000001, 28.71275], [77.3335, 28.71275], [77.3335, 28.7125], [77.33325, 28.7125], [77.33325, 28.712249999999997], [77.33300000000001, 28.712249999999997], [77.33300000000001, 28.71175], [77.3335, 28.71175], [77.3335, 28.712], [77.334, 28.712], [77.334, 28.712249999999997], [77.33475, 28.712249999999997], [77.33475, 28.712], [77.33500000000001, 28.712], [77.33500000000001, 28.71175], [77.33525, 28.71175], [77.33525, 28.711499999999997], [77.33625, 28.711499999999997], [77.33625, 28.71175], [77.3365, 28.71175], [77.3365, 28.712249999999997], [77.33675000000001, 28.712249999999997], [77.33675000000001, 28.71275], [77.33725000000001, 28.71275], [77.33725000000001, 28.71325], [77.3365, 28.71325], [77.3365, 28.7135], [77.33625, 28.7135], [77.33625, 28.713749999999997], [77.33575, 28.713749999999997], [77.33575, 28.714], [77.33525, 28.714]]]}, "properties": {"area_km2": 0.0528, "area_ha": 5.28}}, {"type": "Feature", "geometry": {"type": "Polygon", "coordinates": [[[77.22975000000001, 28.724249999999998], [77.22975000000001, 28.72375], [77.23, 28.72375], [77.23, 28.723499999999998], [77.23025000000001, 28.723499999999998], [77.23025000000001, 28.72325], [77.2305, 28.72325], [77.2305, 28.723], [77.23125, 28.723], [77.23125, 28.721999999999998], [77.23100000000001, 28.721999999999998], [77.23100000000001, 28.721], [77.23150000000001, 28.721], [77.23150000000001, 28.72075], [77.2325, 28.72075], [77.2325, 28.720499999999998], [77.23325000000001, 28.720499999999998], [77.23325000000001, 28.72175], [77.233, 28.72175], [77.233, 28.721999999999998], [77.2325, 28.721999999999998], [77.2325, 28.7225], [77.23225000000001, 28.7225], [77.23225000000001, 28.722749999999998], [77.232, 28.722749999999998], [77.232, 28.723], [77.23175, 28.723], [77.23175, 28.72325], [77.23150000000001, 28.72325], [77.23150000000001, 28.723499999999998], [77.2305, 28.723499999999998], [77.2305, 28.72375], [77.23025000000001, 28.72375], [77.23025000000001, 28.724], [77.23, 28.724], [77.23, 28.724249999999998], [77.22975000000001, 28.724249999999998]]]}, "properties": {"area_km2": 0.0521, "area_ha": 5.21}}, {"type": "Feature", "geometry": {"type": "Polygon", "coordinates": [[[77.12425, 28.4225], [77.12425, 28.421499999999998], [77.12325000000001, 28.421499999999998], [77.12325000000001, 28.421249999999997], [77.12225000000001, 28.421249999999997], [77.12225000000001, 28.420749999999998], [77.12275000000001, 28.420749999999998], [77.12275000000001, 28.420499999999997], [77.123, 28.420499999999997], [77.123, 28.421], [77.12400000000001, 28.421], [77.12400000000001, 28.420749999999998], [77.12425, 28.420749999999998], [77.12425, 28.42025], [77.12450000000001, 28.42025], [77.12450000000001, 28.420499999999997], [77.12525000000001, 28.420499999999997], [77.12525000000001, 28.42025], [77.1255, 28.42025], [77.1255, 28.42175], [77.12625000000001, 28.42175], [77.12625000000001, 28.421249999999997], [77.12675, 28.421249999999997], [77.12675, 28.421999999999997], [77.12575000000001, 28.421999999999997], [77.12575000000001, 28.42225], [77.12525000000001, 28.42225], [77.12525000000001, 28.4225], [77.12425, 28.4225]]]}, "properties": {"area_km2": 0.0461, "area_ha": 4.61}}, {"type": "Feature", "geometry": {"type": "Polygon", "coordinates": [[[77.1015, 28.6615], [77.1015, 28.66125], [77.0995, 28.66125], [77.0995, 28.6605], [77.10000000000001, 28.6605], [77.10000000000001, 28.66075], [77.10100000000001, 28.66075], [77.10100000000001, 28.660999999999998], [77.1055, 28.660999999999998], [77.1055, 28.66075], [77.10725000000001, 28.66075], [77.10725000000001, 28.6605], [77.108, 28.6605], [77.108, 28.66075], [77.10825000000001, 28.66075], [77.10825000000001, 28.660999999999998], [77.10675, 28.660999999999998], [77.10675, 28.66125], [77.1055, 28.66125], [77.1055, 28.6615], [77.1015, 28.6615]]]}, "properties": {"area_km2": 0.0454, "area_ha": 4.54}}, {"type": "Feature", "geometry": {"type": "Polygon", "coordinates": [[[77.35575, 28.449749999999998], [77.35575, 28.44925], [77.355, 28.44925], [77.355, 28.449499999999997], [77.35475000000001, 28.449499999999997], [77.35475000000001, 28.448999999999998], [77.3545, 28.448999999999998], [77.3545, 28.447249999999997], [77.35475000000001, 28.447249999999997], [77.35475000000001, 28.447], [77.3555, 28.447], [77.3555, 28.447249999999997], [77.35575, 28.447249999999997], [77.35575, 28.44775], [77.35600000000001, 28.44775], [77.35600000000001, 28.447999999999997], [77.35625, 28.447999999999997], [77.35625, 28.448249999999998], [77.35650000000001, 28.448249999999998], [77.35650000000001, 28.448749999999997], [77.35675, 28.448749999999997], [77.35675, 28.449499999999997], [77.35625, 28.449499999999997], [77.35625, 28.449749999999998], [77.35575, 28.449749999999998]]]}, "properties": {"area_km2": 0.0448, "area_ha": 4.48}}, {"type": "Feature", "geometry": {"type": "Polygon", "coordinates": [[[77.1845, 28.720499999999998], [77.1845, 28.71925], [77.18325, 28.71925], [77.18325, 28.718249999999998], [77.18350000000001, 28.718249999999998], [77.18350000000001, 28.718], [77.1845, 28.718], [77.1845, 28.718249999999998], [77.185, 28.718249999999998], [77.185, 28.7185], [77.1855, 28.7185], [77.1855, 28.718999999999998], [77.18575000000001, 28.718999999999998], [77.18575000000001, 28.7195], [77.186, 28.7195], [77.186, 28.72], [77.18575000000001, 28.72], [77.18575000000001, 28.720499999999998], [77.1845, 28.720499999999998]]]}, "properties": {"area_km2": 0.0447, "area_ha": 4.47}}, {"type": "Feature", "geometry": {"type": "Polygon", "coordinates": [[[77.04175000000001, 28.728749999999998], [77.04175000000001, 28.728499999999997], [77.0415, 28.728499999999997], [77.0415, 28.727999999999998], [77.04125, 28.727999999999998], [77.04125, 28.727249999999998], [77.04100000000001, 28.727249999999998], [77.04100000000001, 28.726499999999998], [77.04050000000001, 28.726499999999998], [77.04050000000001, 28.726249999999997], [77.04025, 28.726249999999997], [77.04025, 28.724], [77.04075, 28.724], [77.04075, 28.724999999999998], [77.04125, 28.724999999999998], [77.04125, 28.72525], [77.0415, 28.72525], [77.0415, 28.726499999999998], [77.042, 28.726499999999998], [77.042, 28.727249999999998], [77.04225000000001, 28.727249999999998], [77.04225000000001, 28.7275], [77.042, 28.7275], [77.042, 28.72825], [77.04225000000001, 28.72825], [77.04225000000001, 28.728749999999998], [77.04175000000001, 28.728749999999998]]]}, "properties": {"area_km2": 0.044, "area_ha": 4.4}}, {"type": "Feature", "geometry": {"type": "Polygon", "coordinates": [[[77.24625, 28.686], [77.24625, 28.68575], [77.24575, 28.68575], [77.24575, 28.685499999999998], [77.2455, 28.685499999999998], [77.2455, 28.685], [77.24525000000001, 28.685], [77.24525000000001, 28.6845], [77.24675, 28.6845], [77.24675, 28.684749999999998], [77.24875, 28.684749999999998], [77.24875, 28.686], [77.248, 28.686], [77.248, 28.68575], [77.24725000000001, 28.68575], [77.24725000000001, 28.686], [77.24625, 28.686]]]}, "properties": {"area_km2": 0.044, "area_ha": 4.4}}, {"type": "Feature", "geometry": {"type": "Polygon", "coordinates": [[[77.12725, 28.6605], [77.12725, 28.660249999999998], [77.12650000000001, 28.660249999999998], [77.12650000000001, 28.66], [77.126, 28.66], [77.126, 28.65975], [77.1255, 28.65975], [77.1255, 28.659499999999998], [77.12275000000001, 28.659499999999998], [77.12275000000001, 28.65975], [77.122, 28.65975], [77.122, 28.659499999999998], [77.12225000000001, 28.659499999999998], [77.12225000000001, 28.65925], [77.1225, 28.65925], [77.1225, 28.659], [77.123, 28.659], [77.123, 28.658749999999998], [77.125, 28.658749999999998], [77.125, 28.659], [77.12625000000001, 28.659], [77.12625000000001, 28.65925], [77.12650000000001, 28.65925], [77.12650000000001, 28.659499999999998], [77.12675, 28.659499999999998], [77.12675, 28.65975], [77.12725, 28.65975], [77.12725, 28.66], [77.12775, 28.66], [77.12775, 28.660249999999998], [77.128, 28.660249999999998], [77.128, 28.6605], [77.12725, 28.6605]]]}, "properties": {"area_km2": 0.0413, "area_ha": 4.13}}, {"type": "Feature", "geometry": {"type": "Polygon", "coordinates": [[[77.26325, 28.449499999999997], [77.26325, 28.44925], [77.2625, 28.44925], [77.2625, 28.448999999999998], [77.26225000000001, 28.448999999999998], [77.26225000000001, 28.447999999999997], [77.26275000000001, 28.447999999999997], [77.26275000000001, 28.44775], [77.26350000000001, 28.44775], [77.26350000000001, 28.447499999999998], [77.26475, 28.447499999999998], [77.26475, 28.447249999999997], [77.265, 28.447249999999997], [77.265, 28.447499999999998], [77.2655, 28.447499999999998], [77.2655, 28.448249999999998], [77.26525000000001, 28.448249999999998], [77.26525000000001, 28.4485], [77.26475, 28.4485], [77.26475, 28.448249999999998], [77.26400000000001, 28.448249999999998], [77.26400000000001, 28.448749999999997], [77.26375, 28.448749999999997], [77.26375, 28.448999999999998], [77.26350000000001, 28.448999999999998], [77.26350000000001, 28.449499999999997], [77.26325, 28.449499999999997]]]}, "properties": {"area_km2": 0.0407, "area_ha": 4.07}}, {"type": "Feature", "geometry": {"type": "Polygon", "coordinates": [[[77.18325, 28.445749999999997], [77.18325, 28.445249999999998], [77.18350000000001, 28.445249999999998], [77.18350000000001, 28.443749999999998], [77.18325, 28.443749999999998], [77.18325, 28.4435], [77.183, 28.4435], [77.183, 28.442999999999998], [77.18325, 28.442999999999998], [77.18325, 28.442749999999997], [77.18375, 28.442749999999997], [77.18375, 28.443749999999998], [77.18400000000001, 28.443749999999998], [77.18400000000001, 28.444], [77.18425, 28.444], [77.18425, 28.444249999999997], [77.1845, 28.444249999999997], [77.1845, 28.44475], [77.1855, 28.44475], [77.1855, 28.444999999999997], [77.18575000000001, 28.444999999999997], [77.18575000000001, 28.445749999999997], [77.18325, 28.445749999999997]]]}, "properties": {"area_km2": 0.0407, "area_ha": 4.07}}, {"type": "Feature", "geometry": {"type": "Polygon", "coordinates": [[[77.2485, 28.67675], [77.2485, 28.676], [77.24825000000001, 28.676], [77.24825000000001, 28.674999999999997], [77.248, 28.674999999999997], [77.248, 28.67475], [77.24825000000001, 28.67475], [77.24825000000001, 28.674249999999997], [77.2485, 28.674249999999997], [77.2485, 28.6745], [77.24875, 28.6745], [77.24875, 28.67475], [77.25025000000001, 28.67475], [77.25025000000001, 28.67525], [77.25075000000001, 28.67525], [77.25075000000001, 28.6755], [77.251, 28.6755], [77.251, 28.675749999999997], [77.25125000000001, 28.675749999999997], [77.25125000000001, 28.676499999999997], [77.2505, 28.676499999999997], [77.2505, 28.67625], [77.25, 28.67625], [77.25, 28.6755], [77.24900000000001, 28.6755], [77.24900000000001, 28.67675], [77.2485, 28.67675]]]}, "properties": {"area_km2": 0.0399, "area_ha": 3.99}}, {"type": "Feature", "geometry": {"type": "Polygon", "coordinates": [[[77.20700000000001, 28.4485], [77.20700000000001, 28.448249999999998], [77.20675, 28.448249999999998], [77.20675, 28.447999999999997], [77.20625000000001, 28.447999999999997], [77.20625000000001, 28.447249999999997], [77.206, 28.447249999999997], [77.206, 28.446749999999998], [77.2065, 28.446749999999998], [77.2065, 28.446499999999997], [77.20700000000001, 28.446499999999997], [77.20700000000001, 28.44625], [77.20750000000001, 28.44625], [77.20750000000001, 28.446499999999997], [77.20775, 28.446499999999997], [77.20775, 28.446749999999998], [77.20800000000001, 28.446749999999998], [77.20800000000001, 28.447499999999998], [77.2085, 28.447499999999998], [77.2085, 28.447999999999997], [77.20825, 28.447999999999997], [77.20825, 28.448249999999998], [77.20750000000001, 28.448249999999998], [77.20750000000001, 28.4485], [77.20700000000001, 28.4485]]]}, "properties": {"area_km2": 0.038, "area_ha": 3.8}}, {"type": "Feature", "geometry": {"type": "Polygon", "coordinates": [[[77.15825000000001, 28.639499999999998], [77.15825000000001, 28.639], [77.15700000000001, 28.639], [77.15700000000001, 28.639249999999997], [77.15675, 28.639249999999997], [77.15675, 28.638749999999998], [77.156, 28.638749999999998], [77.156, 28.637749999999997], [77.15750000000001, 28.637749999999997], [77.15750000000001, 28.6375], [77.15775000000001, 28.6375], [77.15775000000001, 28.637749999999997], [77.15875000000001, 28.637749999999997], [77.15875000000001, 28.637999999999998], [77.159, 28.637999999999998], [77.159, 28.63825], [77.15875000000001, 28.63825], [77.15875000000001, 28.638749999999998], [77.1585, 28.638749999999998], [77.1585, 28.639499999999998], [77.15825000000001, 28.639499999999998]]]}, "properties": {"area_km2": 0.0379, "area_ha": 3.79}}, {"type": "Feature", "geometry": {"type": "Polygon", "coordinates": [[[77.15075, 28.62475], [77.15075, 28.62425], [77.15050000000001, 28.62425], [77.15050000000001, 28.624], [77.15025, 28.624], [77.15025, 28.62325], [77.15050000000001, 28.62325], [77.15050000000001, 28.6225], [77.15075, 28.6225], [77.15075, 28.62275], [77.152, 28.62275], [77.152, 28.622999999999998], [77.1525, 28.622999999999998], [77.1525, 28.624], [77.15175, 28.624], [77.15175, 28.62475], [77.15075, 28.62475]]]}, "properties": {"area_km2": 0.0373, "area_ha": 3.73}}, {"type": "Feature", "geometry": {"type": "Polygon", "coordinates": [[[77.08075000000001, 28.7305], [77.08075000000001, 28.730249999999998], [77.0805, 28.730249999999998], [77.0805, 28.729999999999997], [77.08025, 28.729999999999997], [77.08025, 28.72975], [77.08000000000001, 28.72975], [77.08000000000001, 28.729], [77.07900000000001, 28.729], [77.07900000000001, 28.729249999999997], [77.07875, 28.729249999999997], [77.07875, 28.729499999999998], [77.0785, 28.729499999999998], [77.0785, 28.728749999999998], [77.07950000000001, 28.728749999999998], [77.07950000000001, 28.72825], [77.07975, 28.72825], [77.07975, 28.728749999999998], [77.0805, 28.728749999999998], [77.0805, 28.728499999999997], [77.08175, 28.728499999999997], [77.08175, 28.729249999999997], [77.0815, 28.729249999999997], [77.0815, 28.7305], [77.08075000000001, 28.7305]]]}, "properties": {"area_km2": 0.0365, "area_ha": 3.65}}, {"type": "Feature", "geometry": {"type": "Polygon", "coordinates": [[[77.37625000000001, 28.65175], [77.37625000000001, 28.6515], [77.37525000000001, 28.6515], [77.37525000000001, 28.651249999999997], [77.37475, 28.651249999999997], [77.37475, 28.651], [77.375, 28.651], [77.375, 28.650499999999997], [77.37525000000001, 28.650499999999997], [77.37525000000001, 28.65], [77.37625000000001, 28.65], [77.37625000000001, 28.65025], [77.37700000000001, 28.65025], [77.37700000000001, 28.650499999999997], [77.37750000000001, 28.650499999999997], [77.37750000000001, 28.651], [77.37725, 28.651], [77.37725, 28.6515], [77.37700000000001, 28.6515], [77.37700000000001, 28.65175], [77.37625000000001, 28.65175]]]}, "properties": {"area_km2": 0.0352, "area_ha": 3.52}}, {"type": "Feature", "geometry": {"type": "Polygon", "coordinates": [[[77.08800000000001, 28.6695], [77.08800000000001, 28.668999999999997], [77.08825, 28.668999999999997], [77.08825, 28.66875], [77.08900000000001, 28.66875], [77.08900000000001, 28.668249999999997], [77.08925, 28.668249999999997], [77.08925, 28.668], [77.0895, 28.668], [77.0895, 28.667749999999998], [77.09, 28.667749999999998], [77.09, 28.668249999999997], [77.09025000000001, 28.668249999999997], [77.09025000000001, 28.668499999999998], [77.09125, 28.668499999999998], [77.09125, 28.66875], [77.09175, 28.66875], [77.09175, 28.668999999999997], [77.09150000000001, 28.668999999999997], [77.09150000000001, 28.669249999999998], [77.08850000000001, 28.669249999999998], [77.08850000000001, 28.6695], [77.08800000000001, 28.6695]]]}, "properties": {"area_km2": 0.0332, "area_ha": 3.32}}, {"type": "Feature", "geometry": {"type": "Polygon", "coordinates": [[[77.18625, 28.6145], [77.18625, 28.61425], [77.186, 28.61425], [77.186, 28.613249999999997], [77.18575000000001, 28.613249999999997], [77.18575000000001, 28.612499999999997], [77.1855, 28.612499999999997], [77.1855, 28.612], [77.18675, 28.612], [77.18675, 28.612499999999997], [77.18700000000001, 28.612499999999997], [77.18700000000001, 28.613249999999997], [77.18725, 28.613249999999997], [77.18725, 28.61425], [77.18700000000001, 28.61425], [77.18700000000001, 28.6145], [77.18625, 28.6145]]]}, "properties": {"area_km2": 0.0325, "area_ha": 3.25}}, {"type": "Feature", "geometry": {"type": "Polygon", "coordinates": [[[77.3035, 28.573749999999997], [77.3035, 28.5735], [77.30325, 28.5735], [77.30325, 28.572499999999998], [77.3035, 28.572499999999998], [77.3035, 28.571499999999997], [77.30325, 28.571499999999997], [77.30325, 28.57125], [77.30425000000001, 28.57125], [77.30425000000001, 28.571499999999997], [77.3045, 28.571499999999997], [77.3045, 28.571749999999998], [77.30475000000001, 28.571749999999998], [77.30475000000001, 28.572], [77.305, 28.572], [77.305, 28.572999999999997], [77.30475000000001, 28.572999999999997], [77.30475000000001, 28.573249999999998], [77.30375000000001, 28.573249999999998], [77.30375000000001, 28.573749999999997], [77.3035, 28.573749999999997]]]}, "properties": {"area_km2": 0.0325, "area_ha": 3.25}}, {"type": "Feature", "geometry": {"type": "Polygon", "coordinates": [[[77.33000000000001, 28.563], [77.33000000000001, 28.562749999999998], [77.32975, 28.562749999999998], [77.32975, 28.5625], [77.32950000000001, 28.5625], [77.32950000000001, 28.56225], [77.32925, 28.56225], [77.32925, 28.561249999999998], [77.32950000000001, 28.561249999999998], [77.32950000000001, 28.561], [77.32975, 28.561], [77.32975, 28.561249999999998], [77.331, 28.561249999999998], [77.331, 28.561999999999998], [77.33125000000001, 28.561999999999998], [77.33125000000001, 28.562749999999998], [77.331, 28.562749999999998], [77.331, 28.563], [77.33000000000001, 28.563]]]}, "properties": {"area_km2": 0.0319, "area_ha": 3.19}}, {"type": "Feature", "geometry": {"type": "Polygon", "coordinates": [[[77.04725, 28.555], [77.04725, 28.554499999999997], [77.04700000000001, 28.554499999999997], [77.04700000000001, 28.55425], [77.04675, 28.55425], [77.04675, 28.554], [77.04650000000001, 28.554], [77.04650000000001, 28.553749999999997], [77.04625, 28.553749999999997], [77.04625, 28.55325], [77.0485, 28.55325], [77.0485, 28.5535], [77.04875000000001, 28.5535], [77.04875000000001, 28.55425], [77.0485, 28.55425], [77.0485, 28.554499999999997], [77.04825000000001, 28.554499999999997], [77.04825000000001, 28.55475], [77.0475, 28.55475], [77.0475, 28.555], [77.04725, 28.555]]]}, "properties": {"area_km2": 0.0319, "area_ha": 3.19}}, {"type": "Feature", "geometry": {"type": "Polygon", "coordinates": [[[77.04675, 28.73775], [77.04675, 28.737499999999997], [77.04650000000001, 28.737499999999997], [77.04650000000001, 28.73725], [77.04625, 28.73725], [77.04625, 28.737], [77.046, 28.737], [77.046, 28.73625], [77.04575000000001, 28.73625], [77.04575000000001, 28.735999999999997], [77.0455, 28.735999999999997], [77.0455, 28.73575], [77.04525000000001, 28.73575], [77.04525000000001, 28.735], [77.045, 28.735], [77.045, 28.734499999999997], [77.04475000000001, 28.734499999999997], [77.04475000000001, 28.733749999999997], [77.0445, 28.733749999999997], [77.0445, 28.7335], [77.04425, 28.7335], [77.04425, 28.732999999999997], [77.04400000000001, 28.732999999999997], [77.04400000000001, 28.732499999999998], [77.0445, 28.732499999999998], [77.0445, 28.73275], [77.04475000000001, 28.73275], [77.04475000000001, 28.733249999999998], [77.045, 28.733249999999998], [77.045, 28.73425], [77.04525000000001, 28.73425], [77.04525000000001, 28.73475], [77.0455, 28.73475], [77.0455, 28.735249999999997], [77.04575000000001, 28.735249999999997], [77.04575000000001, 28.7355], [77.04625, 28.7355], [77.04625, 28.735999999999997], [77.04650000000001, 28.735999999999997], [77.04650000000001, 28.73625], [77.04675, 28.73625], [77.04675, 28.737], [77.04700000000001, 28.737], [77.04700000000001, 28.73775], [77.04675, 28.73775]]]}, "properties": {"area_km2": 0.0318, "area_ha": 3.18}}, {"type": "Feature", "geometry": {"type": "Polygon", "coordinates": [[[77.29325, 28.58225], [77.29325, 28.581999999999997], [77.293, 28.581999999999997], [77.293, 28.58175], [77.29225000000001, 28.58175], [77.29225000000001, 28.581999999999997], [77.292, 28.581999999999997], [77.292, 28.58175], [77.29175000000001, 28.58175], [77.29175000000001, 28.5815], [77.2915, 28.5815], [77.2915, 28.58075], [77.29175000000001, 28.58075], [77.29175000000001, 28.580499999999997], [77.293, 28.580499999999997], [77.293, 28.581249999999997], [77.29375, 28.581249999999997], [77.29375, 28.581], [77.29400000000001, 28.581], [77.29400000000001, 28.581249999999997], [77.29425, 28.581249999999997], [77.29425, 28.5815], [77.29400000000001, 28.5815], [77.29400000000001, 28.58225], [77.29325, 28.58225]]]}, "properties": {"area_km2": 0.0312, "area_ha": 3.12}}, {"type": "Feature", "geometry": {"type": "Polygon", "coordinates": [[[77.16625, 28.739749999999997], [77.16625, 28.73875], [77.16600000000001, 28.73875], [77.16600000000001, 28.7385], [77.16625, 28.7385], [77.16625, 28.73775], [77.16550000000001, 28.73775], [77.16550000000001, 28.737499999999997], [77.16675000000001, 28.737499999999997], [77.16675000000001, 28.738249999999997], [77.16725000000001, 28.738249999999997], [77.16725000000001, 28.7385], [77.167, 28.7385], [77.167, 28.73925], [77.16900000000001, 28.73925], [77.16900000000001, 28.7395], [77.16925, 28.7395], [77.16925, 28.739749999999997], [77.16625, 28.739749999999997]]]}, "properties": {"area_km2": 0.0311, "area_ha": 3.11}}, {"type": "Feature", "geometry": {"type": "Polygon", "coordinates": [[[77.33725000000001, 28.732999999999997], [77.33725000000001, 28.732499999999998], [77.337, 28.732499999999998], [77.337, 28.732249999999997], [77.33725000000001, 28.732249999999997], [77.33725000000001, 28.73125], [77.337, 28.73125], [77.337, 28.730999999999998], [77.3375, 28.730999999999998], [77.3375, 28.732], [77.33825, 28.732], [77.33825, 28.731499999999997], [77.33850000000001, 28.731499999999997], [77.33850000000001, 28.730749999999997], [77.33775, 28.730749999999997], [77.33775, 28.7305], [77.33825, 28.7305], [77.33825, 28.730249999999998], [77.33875, 28.730249999999998], [77.33875, 28.7305], [77.3395, 28.7305], [77.3395, 28.730749999999997], [77.33925, 28.730749999999997], [77.33925, 28.731499999999997], [77.3395, 28.731499999999997], [77.3395, 28.731749999999998], [77.33925, 28.731749999999998], [77.33925, 28.732], [77.33900000000001, 28.732], [77.33900000000001, 28.732249999999997], [77.33775, 28.732249999999997], [77.33775, 28.732999999999997], [77.33725000000001, 28.732999999999997]]]}, "properties": {"area_km2": 0.0311, "area_ha": 3.11}}, {"type": "Feature", "geometry": {"type": "Polygon", "coordinates": [[[77.3675, 28.735249999999997], [77.3675, 28.734499999999997], [77.36725000000001, 28.734499999999997], [77.36725000000001, 28.73425], [77.3665, 28.73425], [77.3665, 28.734499999999997], [77.36575, 28.734499999999997], [77.36575, 28.73425], [77.36550000000001, 28.73425], [77.36550000000001, 28.733749999999997], [77.36525, 28.733749999999997], [77.36525, 28.732999999999997], [77.36625000000001, 28.732999999999997], [77.36625000000001, 28.733249999999998], [77.3665, 28.733249999999998], [77.3665, 28.733749999999997], [77.36675000000001, 28.733749999999997], [77.36675000000001, 28.733999999999998], [77.3675, 28.733999999999998], [77.3675, 28.73425], [77.36825, 28.73425], [77.36825, 28.735], [77.36875, 28.735], [77.36875, 28.735249999999997], [77.3675, 28.735249999999997]]]}, "properties": {"area_km2": 0.0305, "area_ha": 3.05}}, {"type": "Feature", "geometry": {"type": "Polygon", "coordinates": [[[77.35825000000001, 28.52425], [77.35825000000001, 28.523999999999997], [77.35775000000001, 28.523999999999997], [77.35775000000001, 28.52375], [77.3575, 28.52375], [77.3575, 28.523249999999997], [77.35725000000001, 28.523249999999997], [77.35725000000001, 28.523], [77.357, 28.523], [77.357, 28.52275], [77.35725000000001, 28.52275], [77.35725000000001, 28.522], [77.3575, 28.522], [77.3575, 28.521749999999997], [77.35775000000001, 28.521749999999997], [77.35775000000001, 28.52125], [77.358, 28.52125], [77.358, 28.520999999999997], [77.35875, 28.520999999999997], [77.35875, 28.5215], [77.35825000000001, 28.5215], [77.35825000000001, 28.52225], [77.3585, 28.52225], [77.3585, 28.522499999999997], [77.35825000000001, 28.522499999999997], [77.35825000000001, 28.5235], [77.3585, 28.5235], [77.3585, 28.52425], [77.35825000000001, 28.52425]]]}, "properties": {"area_km2": 0.0305, "area_ha": 3.05}}, {"type": "Feature", "geometry": {"type": "Polygon", "coordinates": [[[77.29950000000001, 28.520999999999997], [77.29950000000001, 28.52075], [77.29925, 28.52075], [77.29925, 28.5205], [77.299, 28.5205], [77.299, 28.520249999999997], [77.29875000000001, 28.520249999999997], [77.29875000000001, 28.52], [77.29925, 28.52], [77.29925, 28.51975], [77.30000000000001, 28.51975], [77.30000000000001, 28.519], [77.30025, 28.519], [77.30025, 28.518749999999997], [77.30075000000001, 28.518749999999997], [77.30075000000001, 28.519], [77.301, 28.519], [77.301, 28.520249999999997], [77.3005, 28.520249999999997], [77.3005, 28.520999999999997], [77.29950000000001, 28.520999999999997]]]}, "properties": {"area_km2": 0.0305, "area_ha": 3.05}}, {"type": "Feature", "geometry": {"type": "Polygon", "coordinates": [[[77.06750000000001, 28.47325], [77.06750000000001, 28.473], [77.06725, 28.473], [77.06725, 28.472749999999998], [77.06700000000001, 28.472749999999998], [77.06700000000001, 28.4725], [77.06725, 28.4725], [77.06725, 28.471999999999998], [77.06750000000001, 28.471999999999998], [77.06750000000001, 28.47225], [77.0685, 28.47225], [77.0685, 28.4715], [77.06875000000001, 28.4715], [77.06875000000001, 28.47075], [77.06925000000001, 28.47075], [77.06925000000001, 28.471], [77.0695, 28.471], [77.0695, 28.471249999999998], [77.06975000000001, 28.471249999999998], [77.06975000000001, 28.47175], [77.0695, 28.47175], [77.0695, 28.4725], [77.06875000000001, 28.4725], [77.06875000000001, 28.472749999999998], [77.06825, 28.472749999999998], [77.06825, 28.473], [77.06775, 28.473], [77.06775, 28.47325], [77.06750000000001, 28.47325]]]}, "properties": {"area_km2": 0.0298, "area_ha": 2.98}}, {"type": "Feature", "geometry": {"type": "Polygon", "coordinates": [[[77.04075, 28.61075], [77.04075, 28.6105], [77.04050000000001, 28.6105], [77.04050000000001, 28.610249999999997], [77.04025, 28.610249999999997], [77.04025, 28.609499999999997], [77.04075, 28.609499999999997], [77.04075, 28.608249999999998], [77.04100000000001, 28.608249999999998], [77.04100000000001, 28.607999999999997], [77.04125, 28.607999999999997], [77.04125, 28.608249999999998], [77.0415, 28.608249999999998], [77.0415, 28.60925], [77.04175000000001, 28.60925], [77.04175000000001, 28.6105], [77.0415, 28.6105], [77.0415, 28.61075], [77.04075, 28.61075]]]}, "properties": {"area_km2": 0.0291, "area_ha": 2.91}}, {"type": "Feature", "geometry": {"type": "Polygon", "coordinates": [[[77.35600000000001, 28.616999999999997], [77.35600000000001, 28.61675], [77.3555, 28.61675], [77.3555, 28.616249999999997], [77.35575, 28.616249999999997], [77.35575, 28.615], [77.35725000000001, 28.615], [77.35725000000001, 28.61675], [77.357, 28.61675], [77.357, 28.6165], [77.35625, 28.6165], [77.35625, 28.616999999999997], [77.35600000000001, 28.616999999999997]]]}, "properties": {"area_km2": 0.0285, "area_ha": 2.85}}, {"type": "Feature", "geometry": {"type": "Polygon", "coordinates": [[[77.25125000000001, 28.68375], [77.25125000000001, 28.683], [77.25200000000001, 28.683], [77.25200000000001, 28.68275], [77.2535, 28.68275], [77.2535, 28.682499999999997], [77.25375000000001, 28.682499999999997], [77.25375000000001, 28.68225], [77.25425000000001, 28.68225], [77.25425000000001, 28.683249999999997], [77.2535, 28.683249999999997], [77.2535, 28.6835], [77.25275, 28.6835], [77.25275, 28.68375], [77.25125000000001, 28.68375]]]}, "properties": {"area_km2": 0.0278, "area_ha": 2.78}}, {"type": "Feature", "geometry": {"type": "Polygon", "coordinates": [[[77.259, 28.596], [77.259, 28.59575], [77.25875, 28.59575], [77.25875, 28.59525], [77.2595, 28.59525], [77.2595, 28.59375], [77.25925000000001, 28.59375], [77.25925000000001, 28.5935], [77.2595, 28.5935], [77.2595, 28.592], [77.26, 28.592], [77.26, 28.59225], [77.26025, 28.59225], [77.26025, 28.593249999999998], [77.26, 28.593249999999998], [77.26, 28.595], [77.25975000000001, 28.595], [77.25975000000001, 28.596], [77.259, 28.596]]]}, "properties": {"area_km2": 0.0278, "area_ha": 2.78}}, {"type": "Feature", "geometry": {"type": "Polygon", "coordinates": [[[77.20275000000001, 28.721], [77.20275000000001, 28.72075], [77.2025, 28.72075], [77.2025, 28.718999999999998], [77.20275000000001, 28.718999999999998], [77.20275000000001, 28.7185], [77.2035, 28.7185], [77.2035, 28.71875], [77.20425, 28.71875], [77.20425, 28.718999999999998], [77.20400000000001, 28.718999999999998], [77.20400000000001, 28.7195], [77.2035, 28.7195], [77.2035, 28.720499999999998], [77.20325000000001, 28.720499999999998], [77.20325000000001, 28.72075], [77.203, 28.72075], [77.203, 28.721], [77.20275000000001, 28.721]]]}, "properties": {"area_km2": 0.0277, "area_ha": 2.77}}, {"type": "Feature", "geometry": {"type": "Polygon", "coordinates": [[[77.11825, 28.724], [77.11825, 28.723], [77.11775, 28.723], [77.11775, 28.722749999999998], [77.1175, 28.722749999999998], [77.1175, 28.721999999999998], [77.11775, 28.721999999999998], [77.11775, 28.72175], [77.11925000000001, 28.72175], [77.11925000000001, 28.722749999999998], [77.119, 28.722749999999998], [77.119, 28.723], [77.11875, 28.723], [77.11875, 28.724], [77.11825, 28.724]]]}, "properties": {"area_km2": 0.0271, "area_ha": 2.71}}, {"type": "Feature", "geometry": {"type": "Polygon", "coordinates": [[[77.35425000000001, 28.598999999999997], [77.35425000000001, 28.59875], [77.35325, 28.59875], [77.35325, 28.598499999999998], [77.35350000000001, 28.598499999999998], [77.35350000000001, 28.598], [77.35375, 28.598], [77.35375, 28.5975], [77.354, 28.5975], [77.354, 28.59725], [77.35425000000001, 28.59725], [77.35425000000001, 28.596999999999998], [77.35475000000001, 28.596999999999998], [77.35475000000001, 28.596249999999998], [77.35525000000001, 28.596249999999998], [77.35525000000001, 28.59675], [77.355, 28.59675], [77.355, 28.5975], [77.35525000000001, 28.5975], [77.35525000000001, 28.597749999999998], [77.355, 28.597749999999998], [77.355, 28.598], [77.35475000000001, 28.598], [77.35475000000001, 28.59875], [77.3545, 28.59875], [77.3545, 28.598999999999997], [77.35425000000001, 28.598999999999997]]]}, "properties": {"area_km2": 0.0271, "area_ha": 2.71}}, {"type": "Feature", "geometry": {"type": "Polygon", "coordinates": [[[77.14625000000001, 28.51925], [77.14625000000001, 28.518749999999997], [77.1465, 28.518749999999997], [77.1465, 28.51825], [77.14675000000001, 28.51825], [77.14675000000001, 28.5175], [77.147, 28.5175], [77.147, 28.51775], [77.14750000000001, 28.51775], [77.14750000000001, 28.517999999999997], [77.14850000000001, 28.517999999999997], [77.14850000000001, 28.51825], [77.14825, 28.51825], [77.14825, 28.519], [77.14800000000001, 28.519], [77.14800000000001, 28.51925], [77.14625000000001, 28.51925]]]}, "properties": {"area_km2": 0.0271, "area_ha": 2.71}}, {"type": "Feature", "geometry": {"type": "Polygon", "coordinates": [[[77.26325, 28.508499999999998], [77.26325, 28.508249999999997], [77.263, 28.508249999999997], [77.263, 28.507749999999998], [77.26325, 28.507749999999998], [77.26325, 28.507499999999997], [77.26375, 28.507499999999997], [77.26375, 28.506749999999997], [77.26400000000001, 28.506749999999997], [77.26400000000001, 28.5065], [77.26425, 28.5065], [77.26425, 28.506749999999997], [77.26475, 28.506749999999997], [77.26475, 28.50725], [77.265, 28.50725], [77.265, 28.508249999999997], [77.26400000000001, 28.508249999999997], [77.26400000000001, 28.508499999999998], [77.26325, 28.508499999999998]]]}, "properties": {"area_km2": 0.0271, "area_ha": 2.71}}, {"type": "Feature", "geometry": {"type": "Polygon", "coordinates": [[[77.13325, 28.42475], [77.13325, 28.424249999999997], [77.13350000000001, 28.424249999999997], [77.13350000000001, 28.423499999999997], [77.13375, 28.423499999999997], [77.13375, 28.422749999999997], [77.13350000000001, 28.422749999999997], [77.13350000000001, 28.4225], [77.13325, 28.4225], [77.13325, 28.42225], [77.13350000000001, 28.42225], [77.13350000000001, 28.421999999999997], [77.134, 28.421999999999997], [77.134, 28.42225], [77.13425000000001, 28.42225], [77.13425000000001, 28.4225], [77.135, 28.4225], [77.135, 28.422749999999997], [77.13550000000001, 28.422749999999997], [77.13550000000001, 28.423], [77.13425000000001, 28.423], [77.13425000000001, 28.4245], [77.134, 28.4245], [77.134, 28.42475], [77.13325, 28.42475]]]}, "properties": {"area_km2": 0.0265, "area_ha": 2.65}}, {"type": "Feature", "geometry": {"type": "Polygon", "coordinates": [[[77.268, 28.642999999999997], [77.268, 28.64275], [77.26750000000001, 28.64275], [77.26750000000001, 28.6425], [77.26725, 28.6425], [77.26725, 28.642249999999997], [77.26750000000001, 28.642249999999997], [77.26750000000001, 28.641499999999997], [77.26725, 28.641499999999997], [77.26725, 28.64125], [77.26700000000001, 28.64125], [77.26700000000001, 28.641], [77.26725, 28.641], [77.26725, 28.640749999999997], [77.2685, 28.640749999999997], [77.2685, 28.642999999999997], [77.268, 28.642999999999997]]]}, "properties": {"area_km2": 0.0264, "area_ha": 2.64}}, {"type": "Feature", "geometry": {"type": "Polygon", "coordinates": [[[77.1965, 28.592], [77.1965, 28.59075], [77.19625, 28.59075], [77.19625, 28.590249999999997], [77.1965, 28.590249999999997], [77.1965, 28.589499999999997], [77.19600000000001, 28.589499999999997], [77.19600000000001, 28.588749999999997], [77.19625, 28.588749999999997], [77.19625, 28.5885], [77.197, 28.5885], [77.197, 28.589499999999997], [77.19675000000001, 28.589499999999997], [77.19675000000001, 28.590249999999997], [77.19725000000001, 28.590249999999997], [77.19725000000001, 28.5915], [77.197, 28.5915], [77.197, 28.592], [77.1965, 28.592]]]}, "properties": {"area_km2": 0.0264, "area_ha": 2.64}}, {"type": "Feature", "geometry": {"type": "Polygon", "coordinates": [[[77.1225, 28.572249999999997], [77.1225, 28.572], [77.122, 28.572], [77.122, 28.570999999999998], [77.12425, 28.570999999999998], [77.12425, 28.572249999999997], [77.12375, 28.572249999999997], [77.12375, 28.572], [77.12275000000001, 28.572], [77.12275000000001, 28.572249999999997], [77.1225, 28.572249999999997]]]}, "properties": {"area_km2": 0.0264, "area_ha": 2.64}}, {"type": "Feature", "geometry": {"type": "Polygon", "coordinates": [[[77.28725, 28.485999999999997], [77.28725, 28.4855], [77.287, 28.4855], [77.287, 28.483999999999998], [77.28750000000001, 28.483999999999998], [77.28750000000001, 28.48425], [77.28775, 28.48425], [77.28775, 28.484499999999997], [77.28825, 28.484499999999997], [77.28825, 28.48475], [77.28850000000001, 28.48475], [77.28850000000001, 28.485999999999997], [77.28725, 28.485999999999997]]]}, "properties": {"area_km2": 0.0258, "area_ha": 2.58}}, {"type": "Feature", "geometry": {"type": "Polygon", "coordinates": [[[77.24875, 28.642], [77.24875, 28.641499999999997], [77.2485, 28.641499999999997], [77.2485, 28.64125], [77.24825000000001, 28.64125], [77.24825000000001, 28.640749999999997], [77.2485, 28.640749999999997], [77.2485, 28.639999999999997], [77.24950000000001, 28.639999999999997], [77.24950000000001, 28.63975], [77.2505, 28.63975], [77.2505, 28.64125], [77.25025000000001, 28.64125], [77.25025000000001, 28.641499999999997], [77.24925, 28.641499999999997], [77.24925, 28.64175], [77.24900000000001, 28.64175], [77.24900000000001, 28.642], [77.24875, 28.642]], [[77.24875, 28.64125], [77.25, 28.64125], [77.25, 28.640249999999998], [77.24900000000001, 28.640249999999998], [77.24900000000001, 28.6405], [77.24875, 28.6405], [77.24875, 28.64125]]]}, "properties": {"area_km2": 0.0251, "area_ha": 2.51}}, {"type": "Feature", "geometry": {"type": "Polygon", "coordinates": [[[77.3095, 28.499], [77.3095, 28.498749999999998], [77.3075, 28.498749999999998], [77.3075, 28.49775], [77.30825, 28.49775], [77.30825, 28.4975], [77.30900000000001, 28.4975], [77.30900000000001, 28.497999999999998], [77.30975000000001, 28.497999999999998], [77.30975000000001, 28.499], [77.3095, 28.499]]]}, "properties": {"area_km2": 0.0251, "area_ha": 2.51}}, {"type": "Feature", "geometry": {"type": "Polygon", "coordinates": [[[77.35000000000001, 28.49325], [77.35000000000001, 28.492749999999997], [77.34975, 28.492749999999997], [77.34975, 28.49175], [77.35000000000001, 28.49175], [77.35000000000001, 28.4915], [77.35075, 28.4915], [77.35075, 28.49175], [77.35175000000001, 28.49175], [77.35175000000001, 28.4925], [77.35075, 28.4925], [77.35075, 28.49325], [77.35000000000001, 28.49325]]]}, "properties": {"area_km2": 0.0251, "area_ha": 2.51}}, {"type": "Feature", "geometry": {"type": "Polygon", "coordinates": [[[77.24900000000001, 28.682499999999997], [77.24900000000001, 28.68225], [77.248, 28.68225], [77.248, 28.680999999999997], [77.24775000000001, 28.680999999999997], [77.24775000000001, 28.68], [77.248, 28.68], [77.248, 28.67975], [77.24825000000001, 28.67975], [77.24825000000001, 28.6805], [77.2485, 28.6805], [77.2485, 28.68075], [77.24875, 28.68075], [77.24875, 28.68125], [77.24900000000001, 28.68125], [77.24900000000001, 28.682], [77.24975, 28.682], [77.24975, 28.682499999999997], [77.24900000000001, 28.682499999999997]]]}, "properties": {"area_km2": 0.025, "area_ha": 2.5}}, {"type": "Feature", "geometry": {"type": "Polygon", "coordinates": [[[77.1995, 28.731749999999998], [77.1995, 28.730749999999997], [77.19925, 28.730749999999997], [77.19925, 28.7305], [77.1995, 28.7305], [77.1995, 28.730249999999998], [77.20025000000001, 28.730249999999998], [77.20025000000001, 28.729999999999997], [77.20100000000001, 28.729999999999997], [77.20100000000001, 28.730249999999998], [77.20175, 28.730249999999998], [77.20175, 28.730749999999997], [77.20075, 28.730749999999997], [77.20075, 28.730999999999998], [77.20025000000001, 28.730999999999998], [77.20025000000001, 28.73125], [77.2, 28.73125], [77.2, 28.731749999999998], [77.1995, 28.731749999999998]]]}, "properties": {"area_km2": 0.023, "area_ha": 2.3}}, {"type": "Feature", "geometry": {"type": "Polygon", "coordinates": [[[77.10225000000001, 28.729249999999997], [77.10225000000001, 28.728499999999997], [77.102, 28.728499999999997], [77.102, 28.727999999999998], [77.1025, 28.727999999999998], [77.1025, 28.727749999999997], [77.10325, 28.727749999999997], [77.10325, 28.7275], [77.10350000000001, 28.7275], [77.10350000000001, 28.727249999999998], [77.10375, 28.727249999999998], [77.10375, 28.7275], [77.104, 28.7275], [77.104, 28.727749999999997], [77.10425000000001, 28.727749999999997], [77.10425000000001, 28.727999999999998], [77.104, 28.727999999999998], [77.104, 28.72825], [77.10350000000001, 28.72825], [77.10350000000001, 28.728499999999997], [77.10325, 28.728499999999997], [77.10325, 28.728749999999998], [77.10300000000001, 28.728749999999998], [77.10300000000001, 28.729], [77.10275, 28.729], [77.10275, 28.729249999999997], [77.10225000000001, 28.729249999999997]]]}, "properties": {"area_km2": 0.023, "area_ha": 2.3}}, {"type": "Feature", "geometry": {"type": "Polygon", "coordinates": [[[77.3255, 28.69475], [77.3255, 28.694499999999998], [77.32525000000001, 28.694499999999998], [77.32525000000001, 28.694249999999997], [77.325, 28.694249999999997], [77.325, 28.694], [77.32475000000001, 28.694], [77.32475000000001, 28.693749999999998], [77.3245, 28.693749999999998], [77.3245, 28.69325], [77.325, 28.69325], [77.325, 28.692999999999998], [77.32575, 28.692999999999998], [77.32575, 28.693499999999997], [77.32625, 28.693499999999997], [77.32625, 28.693749999999998], [77.32650000000001, 28.693749999999998], [77.32650000000001, 28.694249999999997], [77.32625, 28.694249999999997], [77.32625, 28.694499999999998], [77.32600000000001, 28.694499999999998], [77.32600000000001, 28.69475], [77.3255, 28.69475]]]}, "properties": {"area_km2": 0.023, "area_ha": 2.3}}, {"type": "Feature", "geometry": {"type": "Polygon", "coordinates": [[[77.33325, 28.632749999999998], [77.33325, 28.632499999999997], [77.33225, 28.632499999999997], [77.33225, 28.63225], [77.3315, 28.63225], [77.3315, 28.631999999999998], [77.33250000000001, 28.631999999999998], [77.33250000000001, 28.63225], [77.33725000000001, 28.63225], [77.33725000000001, 28.631999999999998], [77.3375, 28.631999999999998], [77.3375, 28.63225], [77.33800000000001, 28.63225], [77.33800000000001, 28.632499999999997], [77.33525, 28.632499999999997], [77.33525, 28.632749999999998], [77.3345, 28.632749999999998], [77.3345, 28.632499999999997], [77.33375000000001, 28.632499999999997], [77.33375000000001, 28.632749999999998], [77.33325, 28.632749999999998]]]}, "properties": {"area_km2": 0.0224, "area_ha": 2.24}}, {"type": "Feature", "geometry": {"type": "Polygon", "coordinates": [[[77.34275000000001, 28.527749999999997], [77.34275000000001, 28.52575], [77.3435, 28.52575], [77.3435, 28.525499999999997], [77.34375, 28.525499999999997], [77.34375, 28.527749999999997], [77.34275000000001, 28.527749999999997]]]}, "properties": {"area_km2": 0.0224, "area_ha": 2.24}}, {"type": "Feature", "geometry": {"type": "Polygon", "coordinates": [[[77.29425, 28.477749999999997], [77.29425, 28.4775], [77.29375, 28.4775], [77.29375, 28.476999999999997], [77.29350000000001, 28.476999999999997], [77.29350000000001, 28.475749999999998], [77.29325, 28.475749999999998], [77.29325, 28.475499999999997], [77.29400000000001, 28.475499999999997], [77.29400000000001, 28.475749999999998], [77.29425, 28.475749999999998], [77.29425, 28.476249999999997], [77.2945, 28.476249999999997], [77.2945, 28.47675], [77.29475000000001, 28.47675], [77.29475000000001, 28.4775], [77.295, 28.4775], [77.295, 28.477749999999997], [77.29425, 28.477749999999997]]]}, "properties": {"area_km2": 0.0224, "area_ha": 2.24}}, {"type": "Feature", "geometry": {"type": "Polygon", "coordinates": [[[77.36250000000001, 28.4695], [77.36250000000001, 28.46875], [77.36225, 28.46875], [77.36225, 28.468], [77.36250000000001, 28.468], [77.36250000000001, 28.467499999999998], [77.36275, 28.467499999999998], [77.36275, 28.46775], [77.3645, 28.46775], [77.3645, 28.467499999999998], [77.36500000000001, 28.467499999999998], [77.36500000000001, 28.46775], [77.366, 28.46775], [77.366, 28.468], [77.36575, 28.468], [77.36575, 28.468249999999998], [77.364, 28.468249999999998], [77.364, 28.468], [77.36275, 28.468], [77.36275, 28.4695], [77.36250000000001, 28.4695]]]}, "properties": {"area_km2": 0.0224, "area_ha": 2.24}}, {"type": "Feature", "geometry": {"type": "Polygon", "coordinates": [[[77.25425000000001, 28.449749999999998], [77.25425000000001, 28.449499999999997], [77.2535, 28.449499999999997], [77.2535, 28.44925], [77.253, 28.44925], [77.253, 28.448999999999998], [77.25275, 28.448999999999998], [77.25275, 28.448749999999997], [77.2535, 28.448749999999997], [77.2535, 28.4485], [77.25375000000001, 28.4485], [77.25375000000001, 28.448249999999998], [77.254, 28.448249999999998], [77.254, 28.44775], [77.25475, 28.44775], [77.25475, 28.448749999999997], [77.25450000000001, 28.448749999999997], [77.25450000000001, 28.449749999999998], [77.25425000000001, 28.449749999999998]]]}, "properties": {"area_km2": 0.0224, "area_ha": 2.24}}, {"type": "Feature", "geometry": {"type": "Polygon", "coordinates": [[[77.33600000000001, 28.43675], [77.33600000000001, 28.4365], [77.33550000000001, 28.4365], [77.33550000000001, 28.436249999999998], [77.3345, 28.436249999999998], [77.3345, 28.435], [77.33500000000001, 28.435], [77.33500000000001, 28.43525], [77.33550000000001, 28.43525], [77.33550000000001, 28.43575], [77.3365, 28.43575], [77.3365, 28.436], [77.33675000000001, 28.436], [77.33675000000001, 28.4365], [77.33625, 28.4365], [77.33625, 28.43675], [77.33600000000001, 28.43675]]]}, "properties": {"area_km2": 0.0224, "area_ha": 2.24}}, {"type": "Feature", "geometry": {"type": "Polygon", "coordinates": [[[77.2595, 28.67525], [77.2595, 28.67375], [77.26100000000001, 28.67375], [77.26100000000001, 28.674], [77.26125, 28.674], [77.26125, 28.674999999999997], [77.26100000000001, 28.674999999999997], [77.26100000000001, 28.67475], [77.26025, 28.67475], [77.26025, 28.674999999999997], [77.26, 28.674999999999997], [77.26, 28.67525], [77.2595, 28.67525]]]}, "properties": {"area_km2": 0.0223, "area_ha": 2.23}}, {"type": "Feature", "geometry": {"type": "Polygon", "coordinates": [[[77.1965, 28.724], [77.1965, 28.72375], [77.19625, 28.72375], [77.19625, 28.72325], [77.19600000000001, 28.72325], [77.19600000000001, 28.723], [77.19675000000001, 28.723], [77.19675000000001, 28.722749999999998], [77.1975, 28.722749999999998], [77.1975, 28.723], [77.19825, 28.723], [77.19825, 28.72325], [77.19850000000001, 28.72325], [77.19850000000001, 28.72375], [77.197, 28.72375], [77.197, 28.724], [77.1965, 28.724]]]}, "properties": {"area_km2": 0.0217, "area_ha": 2.17}}, {"type": "Feature", "geometry": {"type": "Polygon", "coordinates": [[[77.3585, 28.722749999999998], [77.3585, 28.72175], [77.35775000000001, 28.72175], [77.35775000000001, 28.7215], [77.3575, 28.7215], [77.3575, 28.721], [77.35775000000001, 28.721], [77.35775000000001, 28.72075], [77.358, 28.72075], [77.358, 28.720499999999998], [77.35925, 28.720499999999998], [77.35925, 28.72075], [77.35875, 28.72075], [77.35875, 28.7215], [77.35900000000001, 28.7215], [77.35900000000001, 28.722749999999998], [77.3585, 28.722749999999998]]]}, "properties": {"area_km2": 0.0217, "area_ha": 2.17}}, {"type": "Feature", "geometry": {"type": "Polygon", "coordinates": [[[77.19125000000001, 28.555999999999997], [77.19125000000001, 28.5555], [77.191, 28.5555], [77.191, 28.555], [77.19075000000001, 28.555], [77.19075000000001, 28.55475], [77.1905, 28.55475], [77.1905, 28.554499999999997], [77.19200000000001, 28.554499999999997], [77.19200000000001, 28.55475], [77.19225, 28.55475], [77.19225, 28.555], [77.19250000000001, 28.555], [77.19250000000001, 28.555249999999997], [77.19275, 28.555249999999997], [77.19275, 28.5555], [77.19225, 28.5555], [77.19225, 28.55575], [77.19200000000001, 28.55575], [77.19200000000001, 28.555999999999997], [77.19125000000001, 28.555999999999997]]]}, "properties": {"area_km2": 0.0217, "area_ha": 2.17}}, {"type": "Feature", "geometry": {"type": "Polygon", "coordinates": [[[77.32950000000001, 28.48775], [77.32950000000001, 28.48725], [77.32825000000001, 28.48725], [77.32825000000001, 28.485999999999997], [77.32950000000001, 28.485999999999997], [77.32950000000001, 28.48625], [77.32975, 28.48625], [77.32975, 28.4865], [77.33000000000001, 28.4865], [77.33000000000001, 28.486749999999997], [77.32975, 28.486749999999997], [77.32975, 28.48775], [77.32950000000001, 28.48775]]]}, "properties": {"area_km2": 0.0217, "area_ha": 2.17}}, {"type": "Feature", "geometry": {"type": "Polygon", "coordinates": [[[77.19575, 28.44625], [77.19575, 28.445999999999998], [77.1945, 28.445999999999998], [77.1945, 28.445749999999997], [77.1935, 28.445749999999997], [77.1935, 28.444999999999997], [77.19375000000001, 28.444999999999997], [77.19375000000001, 28.4455], [77.19475000000001, 28.4455], [77.19475000000001, 28.444999999999997], [77.19550000000001, 28.444999999999997], [77.19550000000001, 28.44475], [77.19575, 28.44475], [77.19575, 28.444999999999997], [77.19600000000001, 28.444999999999997], [77.19600000000001, 28.445999999999998], [77.1965, 28.445999999999998], [77.1965, 28.44625], [77.19575, 28.44625]]]}, "properties": {"area_km2": 0.0217, "area_ha": 2.17}}, {"type": "Feature", "geometry": {"type": "Polygon", "coordinates": [[[77.10100000000001, 28.739749999999997], [77.10100000000001, 28.73925], [77.10125000000001, 28.73925], [77.10125000000001, 28.738249999999997], [77.1015, 28.738249999999997], [77.1015, 28.7385], [77.10225000000001, 28.7385], [77.10225000000001, 28.73875], [77.10275, 28.73875], [77.10275, 28.738999999999997], [77.10300000000001, 28.738999999999997], [77.10300000000001, 28.73925], [77.10325, 28.73925], [77.10325, 28.7395], [77.102, 28.7395], [77.102, 28.739749999999997], [77.10100000000001, 28.739749999999997]]]}, "properties": {"area_km2": 0.021, "area_ha": 2.1}}, {"type": "Feature", "geometry": {"type": "Polygon", "coordinates": [[[77.08225, 28.737499999999997], [77.08225, 28.73725], [77.08200000000001, 28.73725], [77.08200000000001, 28.736749999999997], [77.08175, 28.736749999999997], [77.08175, 28.7365], [77.08250000000001, 28.7365], [77.08250000000001, 28.7355], [77.084, 28.7355], [77.084, 28.735249999999997], [77.08425000000001, 28.735249999999997], [77.08425000000001, 28.735], [77.0845, 28.735], [77.0845, 28.7355], [77.08425000000001, 28.7355], [77.08425000000001, 28.73575], [77.084, 28.73575], [77.084, 28.7365], [77.08375000000001, 28.7365], [77.08375000000001, 28.735999999999997], [77.08275, 28.735999999999997], [77.08275, 28.73725], [77.08250000000001, 28.73725], [77.08250000000001, 28.737499999999997], [77.08225, 28.737499999999997]]]}, "properties": {"area_km2": 0.021, "area_ha": 2.1}}, {"type": "Feature", "geometry": {"type": "Polygon", "coordinates": [[[77.3375, 28.716749999999998], [77.3375, 28.7165], [77.33625, 28.7165], [77.33625, 28.71575], [77.33725000000001, 28.71575], [77.33725000000001, 28.714], [77.33775, 28.714], [77.33775, 28.71425], [77.3375, 28.71425], [77.3375, 28.715], [77.33775, 28.715], [77.33775, 28.715249999999997], [77.33800000000001, 28.715249999999997], [77.33800000000001, 28.7155], [77.33775, 28.7155], [77.33775, 28.716749999999998], [77.3375, 28.716749999999998]]]}, "properties": {"area_km2": 0.021, "area_ha": 2.1}}, {"type": "Feature", "geometry": {"type": "Polygon", "coordinates": [[[77.25425000000001, 28.606749999999998], [77.25425000000001, 28.606499999999997], [77.25375000000001, 28.606499999999997], [77.25375000000001, 28.60625], [77.254, 28.60625], [77.254, 28.605999999999998], [77.25450000000001, 28.605999999999998], [77.25450000000001, 28.604999999999997], [77.25475, 28.604999999999997], [77.25475, 28.60475], [77.25525, 28.60475], [77.25525, 28.603749999999998], [77.25575, 28.603749999999998], [77.25575, 28.604], [77.256, 28.604], [77.256, 28.604499999999998], [77.25575, 28.604499999999998], [77.25575, 28.60475], [77.25550000000001, 28.60475], [77.25550000000001, 28.6055], [77.25475, 28.6055], [77.25475, 28.606499999999997], [77.25450000000001, 28.606499999999997], [77.25450000000001, 28.606749999999998], [77.25425000000001, 28.606749999999998]]]}, "properties": {"area_km2": 0.021, "area_ha": 2.1}}, {"type": "Feature", "geometry": {"type": "Polygon", "coordinates": [[[77.2865, 28.48875], [77.2865, 28.4885], [77.28625000000001, 28.4885], [77.28625000000001, 28.488], [77.286, 28.488], [77.286, 28.48775], [77.28750000000001, 28.48775], [77.28750000000001, 28.487499999999997], [77.28850000000001, 28.487499999999997], [77.28850000000001, 28.488], [77.28825, 28.488], [77.28825, 28.488249999999997], [77.28775, 28.488249999999997], [77.28775, 28.4885], [77.28725, 28.4885], [77.28725, 28.48875], [77.2865, 28.48875]]]}, "properties": {"area_km2": 0.021, "area_ha": 2.1}}, {"type": "Feature", "geometry": {"type": "Polygon", "coordinates": [[[77.04225000000001, 28.4885], [77.04225000000001, 28.488249999999997], [77.04125, 28.488249999999997], [77.04125, 28.486749999999997], [77.04100000000001, 28.486749999999997], [77.04100000000001, 28.48625], [77.04125, 28.48625], [77.04125, 28.4865], [77.0415, 28.4865], [77.0415, 28.486749999999997], [77.0425, 28.486749999999997], [77.0425, 28.48725], [77.04225000000001, 28.48725], [77.04225000000001, 28.488], [77.0425, 28.488], [77.0425, 28.4885], [77.04225000000001, 28.4885]]]}, "properties": {"area_km2": 0.021, "area_ha": 2.1}}, {"type": "Feature", "geometry": {"type": "Polygon", "coordinates": [[[77.38350000000001, 28.421999999999997], [77.38350000000001, 28.421249999999997], [77.384, 28.421249999999997], [77.384, 28.421], [77.38425000000001, 28.421], [77.38425000000001, 28.42025], [77.3845, 28.42025], [77.3845, 28.420499999999997], [77.38475000000001, 28.420499999999997], [77.38475000000001, 28.421249999999997], [77.38525, 28.421249999999997], [77.38525, 28.421499999999998], [77.38550000000001, 28.421499999999998], [77.38550000000001, 28.421999999999997], [77.38350000000001, 28.421999999999997]]]}, "properties": {"area_km2": 0.021, "area_ha": 2.1}}, {"type": "Feature", "geometry": {"type": "Polygon", "coordinates": [[[77.376, 28.44175], [77.376, 28.441499999999998], [77.37575000000001, 28.441499999999998], [77.37575000000001, 28.441], [77.376, 28.441], [77.376, 28.4405], [77.37650000000001, 28.4405], [77.37650000000001, 28.440749999999998], [77.37675, 28.440749999999998], [77.37675, 28.441], [77.37750000000001, 28.441], [77.37750000000001, 28.440749999999998], [77.378, 28.440749999999998], [77.378, 28.441], [77.37825000000001, 28.441], [77.37825000000001, 28.441499999999998], [77.37675, 28.441499999999998], [77.37675, 28.44175], [77.376, 28.44175]]]}, "properties": {"area_km2": 0.0204, "area_ha": 2.04}}, {"type": "Feature", "geometry": {"type": "Polygon", "coordinates": [[[77.10475000000001, 28.7355], [77.10475000000001, 28.735249999999997], [77.1045, 28.735249999999997], [77.1045, 28.735], [77.10425000000001, 28.735], [77.10425000000001, 28.734499999999997], [77.1045, 28.734499999999997], [77.1045, 28.73425], [77.10525000000001, 28.73425], [77.10525000000001, 28.733999999999998], [77.10575, 28.733999999999998], [77.10575, 28.73425], [77.10600000000001, 28.73425], [77.10600000000001, 28.735], [77.10575, 28.735], [77.10575, 28.735249999999997], [77.1055, 28.735249999999997], [77.1055, 28.7355], [77.10475000000001, 28.7355]]]}, "properties": {"area_km2": 0.0203, "area_ha": 2.03}}, {"type": "Feature", "geometry": {"type": "Polygon", "coordinates": [[[77.36225, 28.7335], [77.36225, 28.733249999999998], [77.36175, 28.733249999999998], [77.36175, 28.732999999999997], [77.36225, 28.732999999999997], [77.36225, 28.73275], [77.36275, 28.73275], [77.36275, 28.732499999999998], [77.363, 28.732499999999998], [77.363, 28.732], [77.3635, 28.732], [77.3635, 28.732249999999997], [77.36375000000001, 28.732249999999997], [77.36375000000001, 28.732499999999998], [77.364, 28.732499999999998], [77.364, 28.732999999999997], [77.36425000000001, 28.732999999999997], [77.36425000000001, 28.733249999999998], [77.363, 28.733249999999998], [77.363, 28.7335], [77.36225, 28.7335]]]}, "properties": {"area_km2": 0.0203, "area_ha": 2.03}}, {"type": "Feature", "geometry": {"type": "Polygon", "coordinates": [[[77.358, 28.729499999999998], [77.358, 28.728749999999998], [77.35825000000001, 28.728749999999998], [77.35825000000001, 28.728499999999997], [77.35875, 28.728499999999997], [77.35875, 28.72825], [77.35975, 28.72825], [77.35975, 28.729249999999997], [77.35950000000001, 28.729249999999997], [77.35950000000001, 28.729499999999998], [77.358, 28.729499999999998]]]}, "properties": {"area_km2": 0.0203, "area_ha": 2.03}}, {"type": "Feature", "geometry": {"type": "Polygon", "coordinates": [[[77.04050000000001, 28.56625], [77.04050000000001, 28.566], [77.04025, 28.566], [77.04025, 28.56525], [77.04050000000001, 28.56525], [77.04050000000001, 28.56475], [77.04125, 28.56475], [77.04125, 28.5645], [77.04175000000001, 28.5645], [77.04175000000001, 28.565749999999998], [77.0415, 28.565749999999998], [77.0415, 28.566], [77.04075, 28.566], [77.04075, 28.56625], [77.04050000000001, 28.56625]]]}, "properties": {"area_km2": 0.0203, "area_ha": 2.03}}, {"type": "Feature", "geometry": {"type": "Polygon", "coordinates": [[[77.05425000000001, 28.512749999999997], [77.05425000000001, 28.511999999999997], [77.054, 28.511999999999997], [77.054, 28.51175], [77.05425000000001, 28.51175], [77.05425000000001, 28.511499999999998], [77.055, 28.511499999999998], [77.055, 28.510499999999997], [77.05475000000001, 28.510499999999997], [77.05475000000001, 28.51025], [77.0545, 28.51025], [77.0545, 28.509999999999998], [77.055, 28.509999999999998], [77.055, 28.51025], [77.05525, 28.51025], [77.05525, 28.512749999999997], [77.05425000000001, 28.512749999999997]]]}, "properties": {"area_km2": 0.0197, "area_ha": 1.97}}, {"type": "Feature", "geometry": {"type": "Polygon", "coordinates": [[[77.19525, 28.4255], [77.19525, 28.42525], [77.19500000000001, 28.42525], [77.19500000000001, 28.424999999999997], [77.19475000000001, 28.424999999999997], [77.19475000000001, 28.42475], [77.1945, 28.42475], [77.1945, 28.4245], [77.19425000000001, 28.4245], [77.19425000000001, 28.423499999999997], [77.19475000000001, 28.423499999999997], [77.19475000000001, 28.42325], [77.19500000000001, 28.42325], [77.19500000000001, 28.423499999999997], [77.19525, 28.423499999999997], [77.19525, 28.424], [77.19550000000001, 28.424], [77.19550000000001, 28.4255], [77.19525, 28.4255]]]}, "properties": {"area_km2": 0.0197, "area_ha": 1.97}}, {"type": "Feature", "geometry": {"type": "Polygon", "coordinates": [[[77.09725, 28.738999999999997], [77.09725, 28.73875], [77.09675, 28.73875], [77.09675, 28.73775], [77.09700000000001, 28.73775], [77.09700000000001, 28.738], [77.0985, 28.738], [77.0985, 28.73775], [77.09875000000001, 28.73775], [77.09875000000001, 28.738], [77.099, 28.738], [77.099, 28.738249999999997], [77.09875000000001, 28.738249999999997], [77.09875000000001, 28.7385], [77.09825000000001, 28.7385], [77.09825000000001, 28.738999999999997], [77.09725, 28.738999999999997]]]}, "properties": {"area_km2": 0.0196, "area_ha": 1.96}}, {"type": "Feature", "geometry": {"type": "Polygon", "coordinates": [[[77.0535, 28.73875], [77.0535, 28.738], [77.05325, 28.738], [77.05325, 28.73775], [77.05300000000001, 28.73775], [77.05300000000001, 28.737499999999997], [77.05275, 28.737499999999997], [77.05275, 28.73725], [77.05250000000001, 28.73725], [77.05250000000001, 28.737], [77.05275, 28.737], [77.05275, 28.736749999999997], [77.0535, 28.736749999999997], [77.0535, 28.737], [77.05425000000001, 28.737], [77.05425000000001, 28.737499999999997], [77.054, 28.737499999999997], [77.054, 28.73875], [77.0535, 28.73875]]]}, "properties": {"area_km2": 0.0196, "area_ha": 1.96}}, {"type": "Feature", "geometry": {"type": "Polygon", "coordinates": [[[77.05725000000001, 28.55575], [77.05725000000001, 28.5555], [77.05675000000001, 28.5555], [77.05675000000001, 28.555], [77.057, 28.555], [77.057, 28.55475], [77.05725000000001, 28.55475], [77.05725000000001, 28.554499999999997], [77.05775000000001, 28.554499999999997], [77.05775000000001, 28.55425], [77.05825, 28.55425], [77.05825, 28.554499999999997], [77.05850000000001, 28.554499999999997], [77.05850000000001, 28.555249999999997], [77.05825, 28.555249999999997], [77.05825, 28.5555], [77.05775000000001, 28.5555], [77.05775000000001, 28.55575], [77.05725000000001, 28.55575]]]}, "properties": {"area_km2": 0.019, "area_ha": 1.9}}, {"type": "Feature", "geometry": {"type": "Polygon", "coordinates": [[[77.35950000000001, 28.540499999999998], [77.35950000000001, 28.540249999999997], [77.35925, 28.540249999999997], [77.35925, 28.54], [77.35900000000001, 28.54], [77.35900000000001, 28.539749999999998], [77.35925, 28.539749999999998], [77.35925, 28.53925], [77.35975, 28.53925], [77.35975, 28.538999999999998], [77.36025000000001, 28.538999999999998], [77.36025000000001, 28.538749999999997], [77.361, 28.538749999999997], [77.361, 28.53925], [77.36025000000001, 28.53925], [77.36025000000001, 28.540499999999998], [77.35950000000001, 28.540499999999998]]]}, "properties": {"area_km2": 0.019, "area_ha": 1.9}}, {"type": "Feature", "geometry": {"type": "Polygon", "coordinates": [[[77.32025, 28.53475], [77.32025, 28.534499999999998], [77.3195, 28.534499999999998], [77.3195, 28.534], [77.31925000000001, 28.534], [77.31925000000001, 28.533749999999998], [77.319, 28.533749999999998], [77.319, 28.53325], [77.3195, 28.53325], [77.3195, 28.5335], [77.32025, 28.5335], [77.32025, 28.533749999999998], [77.32050000000001, 28.533749999999998], [77.32050000000001, 28.534], [77.32100000000001, 28.534], [77.32100000000001, 28.534499999999998], [77.32125, 28.534499999999998], [77.32125, 28.53475], [77.32025, 28.53475]]]}, "properties": {"area_km2": 0.019, "area_ha": 1.9}}, {"type": "Feature", "geometry": {"type": "Polygon", "coordinates": [[[77.04325, 28.4955], [77.04325, 28.4945], [77.0455, 28.4945], [77.0455, 28.49475], [77.04625, 28.49475], [77.04625, 28.4945], [77.04675, 28.4945], [77.04675, 28.49475], [77.04650000000001, 28.49475], [77.04650000000001, 28.494999999999997], [77.04625, 28.494999999999997], [77.04625, 28.49525], [77.046, 28.49525], [77.046, 28.494999999999997], [77.04375, 28.494999999999997], [77.04375, 28.49525], [77.04350000000001, 28.49525], [77.04350000000001, 28.4955], [77.04325, 28.4955]]]}, "properties": {"area_km2": 0.019, "area_ha": 1.9}}, {"type": "Feature", "geometry": {"type": "Polygon", "coordinates": [[[77.33800000000001, 28.735], [77.33800000000001, 28.73475], [77.33775, 28.73475], [77.33775, 28.734499999999997], [77.33800000000001, 28.734499999999997], [77.33800000000001, 28.733749999999997], [77.33775, 28.733749999999997], [77.33775, 28.732999999999997], [77.33825, 28.732999999999997], [77.33825, 28.7335], [77.33875, 28.7335], [77.33875, 28.733749999999997], [77.33900000000001, 28.733749999999997], [77.33900000000001, 28.733999999999998], [77.33975000000001, 28.733999999999998], [77.33975000000001, 28.734499999999997], [77.3395, 28.734499999999997], [77.3395, 28.73475], [77.33925, 28.73475], [77.33925, 28.734499999999997], [77.33900000000001, 28.734499999999997], [77.33900000000001, 28.73425], [77.33825, 28.73425], [77.33825, 28.735], [77.33800000000001, 28.735]]]}, "properties": {"area_km2": 0.0183, "area_ha": 1.83}}, {"type": "Feature", "geometry": {"type": "Polygon", "coordinates": [[[77.36925000000001, 28.664749999999998], [77.36925000000001, 28.66425], [77.369, 28.66425], [77.369, 28.663999999999998], [77.36925000000001, 28.663999999999998], [77.36925000000001, 28.6635], [77.36975000000001, 28.6635], [77.36975000000001, 28.663999999999998], [77.3705, 28.663999999999998], [77.3705, 28.663249999999998], [77.37100000000001, 28.663249999999998], [77.37100000000001, 28.662999999999997], [77.37125, 28.662999999999997], [77.37125, 28.6635], [77.37100000000001, 28.6635], [77.37100000000001, 28.663749999999997], [77.37075, 28.663749999999997], [77.37075, 28.664749999999998], [77.37025000000001, 28.664749999999998], [77.37025000000001, 28.664499999999997], [77.3695, 28.664499999999997], [77.3695, 28.664749999999998], [77.36925000000001, 28.664749999999998]]]}, "properties": {"area_km2": 0.0183, "area_ha": 1.83}}, {"type": "Feature", "geometry": {"type": "Polygon", "coordinates": [[[77.20025000000001, 28.435], [77.20025000000001, 28.43425], [77.2, 28.43425], [77.2, 28.43375], [77.20025000000001, 28.43375], [77.20025000000001, 28.4335], [77.20075, 28.4335], [77.20075, 28.433], [77.20100000000001, 28.433], [77.20100000000001, 28.4335], [77.20125, 28.4335], [77.20125, 28.4345], [77.20150000000001, 28.4345], [77.20150000000001, 28.434749999999998], [77.20075, 28.434749999999998], [77.20075, 28.435], [77.20025000000001, 28.435]]]}, "properties": {"area_km2": 0.0183, "area_ha": 1.83}}, {"type": "Feature", "geometry": {"type": "Polygon", "coordinates": [[[77.38375, 28.73875], [77.38375, 28.7385], [77.38225000000001, 28.7385], [77.38225000000001, 28.738249999999997], [77.382, 28.738249999999997], [77.382, 28.738], [77.38225000000001, 28.738], [77.38225000000001, 28.73775], [77.38350000000001, 28.73775], [77.38350000000001, 28.737], [77.38375, 28.737], [77.38375, 28.73775], [77.384, 28.73775], [77.384, 28.73875], [77.38375, 28.73875]]]}, "properties": {"area_km2": 0.0176, "area_ha": 1.76}}, {"type": "Feature", "geometry": {"type": "Polygon", "coordinates": [[[77.33850000000001, 28.718249999999998], [77.33850000000001, 28.718], [77.3375, 28.718], [77.3375, 28.717499999999998], [77.33775, 28.717499999999998], [77.33775, 28.717], [77.33925, 28.717], [77.33925, 28.71775], [77.33900000000001, 28.71775], [77.33900000000001, 28.718], [77.33875, 28.718], [77.33875, 28.718249999999998], [77.33850000000001, 28.718249999999998]]]}, "properties": {"area_km2": 0.0176, "area_ha": 1.76}}, {"type": "Feature", "geometry": {"type": "Polygon", "coordinates": [[[77.254, 28.68125], [77.254, 28.680999999999997], [77.253, 28.680999999999997], [77.253, 28.6805], [77.25275, 28.6805], [77.25275, 28.680249999999997], [77.25500000000001, 28.680249999999997], [77.25500000000001, 28.68075], [77.25475, 28.68075], [77.25475, 28.680999999999997], [77.25450000000001, 28.680999999999997], [77.25450000000001, 28.68125], [77.254, 28.68125]]]}, "properties": {"area_km2": 0.0176, "area_ha": 1.76}}, {"type": "Feature", "geometry": {"type": "Polygon", "coordinates": [[[77.08275, 28.67625], [77.08275, 28.6755], [77.08250000000001, 28.6755], [77.08250000000001, 28.6745], [77.08325, 28.6745], [77.08325, 28.67475], [77.0835, 28.67475], [77.0835, 28.6755], [77.08375000000001, 28.6755], [77.08375000000001, 28.676], [77.0835, 28.676], [77.0835, 28.67625], [77.08275, 28.67625]]]}, "properties": {"area_km2": 0.0176, "area_ha": 1.76}}, {"type": "Feature", "geometry": {"type": "Polygon", "coordinates": [[[77.25025000000001, 28.59425], [77.25025000000001, 28.593999999999998], [77.24975, 28.593999999999998], [77.24975, 28.5935], [77.24950000000001, 28.5935], [77.24950000000001, 28.593249999999998], [77.24975, 28.593249999999998], [77.24975, 28.593], [77.25, 28.593], [77.25, 28.59275], [77.2505, 28.59275], [77.2505, 28.592499999999998], [77.25075000000001, 28.592499999999998], [77.25075000000001, 28.59275], [77.25125000000001, 28.59275], [77.25125000000001, 28.593249999999998], [77.25150000000001, 28.593249999999998], [77.25150000000001, 28.59375], [77.25125000000001, 28.59375], [77.25125000000001, 28.593999999999998], [77.25075000000001, 28.593999999999998], [77.25075000000001, 28.59425], [77.25025000000001, 28.59425]], [[77.25025000000001, 28.59375], [77.251, 28.59375], [77.251, 28.593], [77.25025000000001, 28.593], [77.25025000000001, 28.59375]]]}, "properties": {"area_km2": 0.0176, "area_ha": 1.76}}, {"type": "Feature", "geometry": {"type": "Polygon", "coordinates": [[[77.32175000000001, 28.56325], [77.32175000000001, 28.562749999999998], [77.322, 28.562749999999998], [77.322, 28.561999999999998], [77.32175000000001, 28.561999999999998], [77.32175000000001, 28.5615], [77.32225000000001, 28.5615], [77.32225000000001, 28.561999999999998], [77.32300000000001, 28.561999999999998], [77.32300000000001, 28.56175], [77.32325, 28.56175], [77.32325, 28.561999999999998], [77.32350000000001, 28.561999999999998], [77.32350000000001, 28.563], [77.32300000000001, 28.563], [77.32300000000001, 28.5625], [77.32225000000001, 28.5625], [77.32225000000001, 28.56325], [77.32175000000001, 28.56325]]]}, "properties": {"area_km2": 0.0176, "area_ha": 1.76}}, {"type": "Feature", "geometry": {"type": "Polygon", "coordinates": [[[77.12925000000001, 28.558999999999997], [77.12925000000001, 28.55875], [77.1285, 28.55875], [77.1285, 28.558249999999997], [77.12825000000001, 28.558249999999997], [77.12825000000001, 28.55775], [77.128, 28.55775], [77.128, 28.557499999999997], [77.12775, 28.557499999999997], [77.12775, 28.557], [77.128, 28.557], [77.128, 28.556749999999997], [77.12825000000001, 28.556749999999997], [77.12825000000001, 28.55725], [77.1285, 28.55725], [77.1285, 28.55775], [77.12875000000001, 28.55775], [77.12875000000001, 28.558], [77.12950000000001, 28.558], [77.12950000000001, 28.558249999999997], [77.13000000000001, 28.558249999999997], [77.13000000000001, 28.5585], [77.12950000000001, 28.5585], [77.12950000000001, 28.558999999999997], [77.12925000000001, 28.558999999999997]]]}, "properties": {"area_km2": 0.0176, "area_ha": 1.76}}, {"type": "Feature", "geometry": {"type": "Polygon", "coordinates": [[[77.13900000000001, 28.519], [77.13900000000001, 28.518749999999997], [77.13925, 28.518749999999997], [77.13925, 28.5185], [77.13950000000001, 28.5185], [77.13950000000001, 28.51825], [77.13975, 28.51825], [77.13975, 28.517999999999997], [77.14, 28.517999999999997], [77.14, 28.517], [77.1405, 28.517], [77.1405, 28.5175], [77.14125, 28.5175], [77.14125, 28.51775], [77.1405, 28.51775], [77.1405, 28.5185], [77.14025000000001, 28.5185], [77.14025000000001, 28.518749999999997], [77.14, 28.518749999999997], [77.14, 28.519], [77.13900000000001, 28.519]]]}, "properties": {"area_km2": 0.0176, "area_ha": 1.76}}, {"type": "Feature", "geometry": {"type": "Polygon", "coordinates": [[[77.38125000000001, 28.4895], [77.38125000000001, 28.48925], [77.38075, 28.48925], [77.38075, 28.4885], [77.382, 28.4885], [77.382, 28.488], [77.38250000000001, 28.488], [77.38250000000001, 28.4885], [77.38225000000001, 28.4885], [77.38225000000001, 28.4895], [77.38125000000001, 28.4895]]]}, "properties": {"area_km2": 0.0176, "area_ha": 1.76}}, {"type": "Feature", "geometry": {"type": "Polygon", "coordinates": [[[77.27300000000001, 28.450249999999997], [77.27300000000001, 28.45], [77.27275, 28.45], [77.27275, 28.449749999999998], [77.27250000000001, 28.449749999999998], [77.27250000000001, 28.449499999999997], [77.27325, 28.449499999999997], [77.27325, 28.448999999999998], [77.2745, 28.448999999999998], [77.2745, 28.44925], [77.27475000000001, 28.44925], [77.27475000000001, 28.449499999999997], [77.2745, 28.449499999999997], [77.2745, 28.449749999999998], [77.27425000000001, 28.449749999999998], [77.27425000000001, 28.45], [77.27325, 28.45], [77.27325, 28.450249999999997], [77.27300000000001, 28.450249999999997]]]}, "properties": {"area_km2": 0.0176, "area_ha": 1.76}}, {"type": "Feature", "geometry": {"type": "Polygon", "coordinates": [[[77.2035, 28.43875], [77.2035, 28.438499999999998], [77.20325000000001, 28.438499999999998], [77.20325000000001, 28.43825], [77.203, 28.43825], [77.203, 28.437749999999998], [77.20425, 28.437749999999998], [77.20425, 28.4375], [77.20500000000001, 28.4375], [77.20500000000001, 28.438], [77.20475, 28.438], [77.20475, 28.43825], [77.20450000000001, 28.43825], [77.20450000000001, 28.438499999999998], [77.20425, 28.438499999999998], [77.20425, 28.43875], [77.2035, 28.43875]]]}, "properties": {"area_km2": 0.0176, "area_ha": 1.76}}, {"type": "Feature", "geometry": {"type": "Polygon", "coordinates": [[[77.20125, 28.462249999999997], [77.20125, 28.46175], [77.20100000000001, 28.46175], [77.20100000000001, 28.461499999999997], [77.20125, 28.461499999999997], [77.20125, 28.46125], [77.20225, 28.46125], [77.20225, 28.461], [77.2025, 28.461], [77.2025, 28.46125], [77.20275000000001, 28.46125], [77.20275000000001, 28.46175], [77.203, 28.46175], [77.203, 28.462], [77.20225, 28.462], [77.20225, 28.462249999999997], [77.20125, 28.462249999999997]]]}, "properties": {"area_km2": 0.017, "area_ha": 1.7}}, {"type": "Feature", "geometry": {"type": "Polygon", "coordinates": [[[77.21600000000001, 28.735249999999997], [77.21600000000001, 28.73425], [77.21625, 28.73425], [77.21625, 28.733999999999998], [77.21650000000001, 28.733999999999998], [77.21650000000001, 28.733749999999997], [77.2175, 28.733749999999997], [77.2175, 28.7335], [77.21775000000001, 28.7335], [77.21775000000001, 28.733999999999998], [77.2175, 28.733999999999998], [77.2175, 28.73425], [77.21725, 28.73425], [77.21725, 28.734499999999997], [77.21700000000001, 28.734499999999997], [77.21700000000001, 28.73475], [77.21675, 28.73475], [77.21675, 28.735], [77.21650000000001, 28.735], [77.21650000000001, 28.735249999999997], [77.21600000000001, 28.735249999999997]]]}, "properties": {"area_km2": 0.0169, "area_ha": 1.69}}, {"type": "Feature", "geometry": {"type": "Polygon", "coordinates": [[[77.0925, 28.705499999999997], [77.0925, 28.70525], [77.09225, 28.70525], [77.09225, 28.704749999999997], [77.09200000000001, 28.704749999999997], [77.09200000000001, 28.7045], [77.09175, 28.7045], [77.09175, 28.70375], [77.09150000000001, 28.70375], [77.09150000000001, 28.7035], [77.09200000000001, 28.7035], [77.09200000000001, 28.70375], [77.0925, 28.70375], [77.0925, 28.703999999999997], [77.09275000000001, 28.703999999999997], [77.09275000000001, 28.7045], [77.093, 28.7045], [77.093, 28.705499999999997], [77.0925, 28.705499999999997]]]}, "properties": {"area_km2": 0.0169, "area_ha": 1.69}}, {"type": "Feature", "geometry": {"type": "Polygon", "coordinates": [[[77.15725, 28.630999999999997], [77.15725, 28.63075], [77.15750000000001, 28.63075], [77.15750000000001, 28.63], [77.15725, 28.63], [77.15725, 28.629749999999998], [77.15700000000001, 28.629749999999998], [77.15700000000001, 28.628999999999998], [77.15775000000001, 28.628999999999998], [77.15775000000001, 28.62925], [77.15825000000001, 28.62925], [77.15825000000001, 28.6295], [77.1585, 28.6295], [77.1585, 28.629749999999998], [77.15825000000001, 28.629749999999998], [77.15825000000001, 28.63025], [77.15775000000001, 28.63025], [77.15775000000001, 28.630999999999997], [77.15725, 28.630999999999997]]]}, "properties": {"area_km2": 0.0169, "area_ha": 1.69}}, {"type": "Feature", "geometry": {"type": "Polygon", "coordinates": [[[77.15750000000001, 28.634749999999997], [77.15750000000001, 28.6345], [77.15700000000001, 28.6345], [77.15700000000001, 28.633999999999997], [77.15725, 28.633999999999997], [77.15725, 28.63375], [77.15750000000001, 28.63375], [77.15750000000001, 28.633499999999998], [77.15775000000001, 28.633499999999998], [77.15775000000001, 28.633249999999997], [77.158, 28.633249999999997], [77.158, 28.633499999999998], [77.15825000000001, 28.633499999999998], [77.15825000000001, 28.63375], [77.1585, 28.63375], [77.1585, 28.6345], [77.15825000000001, 28.6345], [77.15825000000001, 28.634749999999997], [77.15750000000001, 28.634749999999997]]]}, "properties": {"area_km2": 0.0163, "area_ha": 1.63}}, {"type": "Feature", "geometry": {"type": "Polygon", "coordinates": [[[77.05175000000001, 28.584], [77.05175000000001, 28.58325], [77.052, 28.58325], [77.052, 28.583], [77.05250000000001, 28.583], [77.05250000000001, 28.582749999999997], [77.05300000000001, 28.582749999999997], [77.05300000000001, 28.5825], [77.05375000000001, 28.5825], [77.05375000000001, 28.583], [77.05325, 28.583], [77.05325, 28.583499999999997], [77.05250000000001, 28.583499999999997], [77.05250000000001, 28.58375], [77.05225, 28.58375], [77.05225, 28.584], [77.05175000000001, 28.584]]]}, "properties": {"area_km2": 0.0163, "area_ha": 1.63}}, {"type": "Feature", "geometry": {"type": "Polygon", "coordinates": [[[77.0665, 28.739749999999997], [77.0665, 28.73875], [77.06625000000001, 28.73875], [77.06625000000001, 28.738], [77.06725, 28.738], [77.06725, 28.738249999999997], [77.06700000000001, 28.738249999999997], [77.06700000000001, 28.738999999999997], [77.06750000000001, 28.738999999999997], [77.06750000000001, 28.739749999999997], [77.0665, 28.739749999999997]]]}, "properties": {"area_km2": 0.0162, "area_ha": 1.62}}, {"type": "Feature", "geometry": {"type": "Polygon", "coordinates": [[[77.35675, 28.72375], [77.35675, 28.723499999999998], [77.35650000000001, 28.723499999999998], [77.35650000000001, 28.722749999999998], [77.3585, 28.722749999999998], [77.3585, 28.723], [77.35825000000001, 28.723], [77.35825000000001, 28.72325], [77.35775000000001, 28.72325], [77.35775000000001, 28.72375], [77.35675, 28.72375]]]}, "properties": {"area_km2": 0.0162, "area_ha": 1.62}}, {"type": "Feature", "geometry": {"type": "Polygon", "coordinates": [[[77.19850000000001, 28.69625], [77.19850000000001, 28.6955], [77.19825, 28.6955], [77.19825, 28.695249999999998], [77.19800000000001, 28.695249999999998], [77.19800000000001, 28.69475], [77.19825, 28.69475], [77.19825, 28.694499999999998], [77.19875, 28.694499999999998], [77.19875, 28.69475], [77.19900000000001, 28.69475], [77.19900000000001, 28.695749999999997], [77.19975000000001, 28.695749999999997], [77.19975000000001, 28.695999999999998], [77.19925, 28.695999999999998], [77.19925, 28.69625], [77.19850000000001, 28.69625]]]}, "properties": {"area_km2": 0.0156, "area_ha": 1.56}}, {"type": "Feature", "geometry": {"type": "Polygon", "coordinates": [[[77.2445, 28.6845], [77.2445, 28.68425], [77.244, 28.68425], [77.244, 28.683], [77.24425000000001, 28.683], [77.24425000000001, 28.682499999999997], [77.245, 28.682499999999997], [77.245, 28.683249999999997], [77.24475000000001, 28.683249999999997], [77.24475000000001, 28.6845], [77.2445, 28.6845]]]}, "properties": {"area_km2": 0.0156, "area_ha": 1.56}}, {"type": "Feature", "geometry": {"type": "Polygon", "coordinates": [[[77.0455, 28.65775], [77.0455, 28.6575], [77.04525000000001, 28.6575], [77.04525000000001, 28.657249999999998], [77.045, 28.657249999999998], [77.045, 28.657], [77.04575000000001, 28.657], [77.04575000000001, 28.656499999999998], [77.046, 28.656499999999998], [77.046, 28.657249999999998], [77.04675, 28.657249999999998], [77.04675, 28.657], [77.04725, 28.657], [77.04725, 28.65775], [77.0455, 28.65775]]]}, "properties": {"area_km2": 0.0156, "area_ha": 1.56}}, {"type": "Feature", "geometry": {"type": "Polygon", "coordinates": [[[77.13950000000001, 28.599749999999997], [77.13950000000001, 28.5995], [77.13925, 28.5995], [77.13925, 28.599249999999998], [77.13900000000001, 28.599249999999998], [77.13900000000001, 28.59875], [77.13875, 28.59875], [77.13875, 28.59825], [77.13850000000001, 28.59825], [77.13850000000001, 28.597749999999998], [77.13925, 28.597749999999998], [77.13925, 28.598], [77.13950000000001, 28.598], [77.13950000000001, 28.598499999999998], [77.13975, 28.598499999999998], [77.13975, 28.599749999999997], [77.13950000000001, 28.599749999999997]]]}, "properties": {"area_km2": 0.0156, "area_ha": 1.56}}, {"type": "Feature", "geometry": {"type": "Polygon", "coordinates": [[[77.35625, 28.54225], [77.35625, 28.541999999999998], [77.35650000000001, 28.541999999999998], [77.35650000000001, 28.540499999999998], [77.35600000000001, 28.540499999999998], [77.35600000000001, 28.54], [77.35625, 28.54], [77.35625, 28.539749999999998], [77.35650000000001, 28.539749999999998], [77.35650000000001, 28.539499999999997], [77.35675, 28.539499999999997], [77.35675, 28.540999999999997], [77.357, 28.540999999999997], [77.357, 28.541999999999998], [77.35725000000001, 28.541999999999998], [77.35725000000001, 28.54225], [77.35625, 28.54225]]]}, "properties": {"area_km2": 0.0156, "area_ha": 1.56}}, {"type": "Feature", "geometry": {"type": "Polygon", "coordinates": [[[77.3815, 28.512749999999997], [77.3815, 28.512249999999998], [77.38175000000001, 28.512249999999998], [77.38175000000001, 28.51175], [77.382, 28.51175], [77.382, 28.511499999999998], [77.38300000000001, 28.511499999999998], [77.38300000000001, 28.51175], [77.38325, 28.51175], [77.38325, 28.512249999999998], [77.38300000000001, 28.512249999999998], [77.38300000000001, 28.5125], [77.38175000000001, 28.5125], [77.38175000000001, 28.512749999999997], [77.3815, 28.512749999999997]]]}, "properties": {"area_km2": 0.0156, "area_ha": 1.56}}, {"type": "Feature", "geometry": {"type": "Polygon", "coordinates": [[[77.32400000000001, 28.486749999999997], [77.32400000000001, 28.4865], [77.32425, 28.4865], [77.32425, 28.48625], [77.3245, 28.48625], [77.3245, 28.48575], [77.32475000000001, 28.48575], [77.32475000000001, 28.485], [77.325, 28.485], [77.325, 28.485249999999997], [77.3255, 28.485249999999997], [77.3255, 28.4855], [77.32600000000001, 28.4855], [77.32600000000001, 28.48575], [77.32575, 28.48575], [77.32575, 28.485999999999997], [77.32525000000001, 28.485999999999997], [77.32525000000001, 28.4865], [77.3245, 28.4865], [77.3245, 28.486749999999997], [77.32400000000001, 28.486749999999997]]]}, "properties": {"area_km2": 0.0156, "area_ha": 1.56}}, {"type": "Feature", "geometry": {"type": "Polygon", "coordinates": [[[77.18725, 28.43575], [77.18725, 28.435499999999998], [77.18700000000001, 28.435499999999998], [77.18700000000001, 28.43525], [77.18675, 28.43525], [77.18675, 28.434749999999998], [77.18575000000001, 28.434749999999998], [77.18575000000001, 28.4345], [77.1855, 28.4345], [77.1855, 28.43375], [77.186, 28.43375], [77.186, 28.433999999999997], [77.18625, 28.433999999999997], [77.18625, 28.4345], [77.18725, 28.4345], [77.18725, 28.435], [77.1875, 28.435], [77.1875, 28.43525], [77.18775000000001, 28.43525], [77.18775000000001, 28.435499999999998], [77.1875, 28.435499999999998], [77.1875, 28.43575], [77.18725, 28.43575]]]}, "properties": {"area_km2": 0.0156, "area_ha": 1.56}}, {"type": "Feature", "geometry": {"type": "Polygon", "coordinates": [[[77.19475000000001, 28.427249999999997], [77.19475000000001, 28.427], [77.19425000000001, 28.427], [77.19425000000001, 28.42675], [77.1935, 28.42675], [77.1935, 28.427], [77.19325, 28.427], [77.19325, 28.42625], [77.19300000000001, 28.42625], [77.19300000000001, 28.426], [77.1945, 28.426], [77.1945, 28.42625], [77.19475000000001, 28.42625], [77.19475000000001, 28.42675], [77.19500000000001, 28.42675], [77.19500000000001, 28.427249999999997], [77.19475000000001, 28.427249999999997]]]}, "properties": {"area_km2": 0.0156, "area_ha": 1.56}}, {"type": "Feature", "geometry": {"type": "Polygon", "coordinates": [[[77.35225000000001, 28.71425], [77.35225000000001, 28.714], [77.352, 28.714], [77.352, 28.713749999999997], [77.35175000000001, 28.713749999999997], [77.35175000000001, 28.7135], [77.35100000000001, 28.7135], [77.35100000000001, 28.713749999999997], [77.35025, 28.713749999999997], [77.35025, 28.71325], [77.35100000000001, 28.71325], [77.35100000000001, 28.712999999999997], [77.35175000000001, 28.712999999999997], [77.35175000000001, 28.71275], [77.352, 28.71275], [77.352, 28.712999999999997], [77.35225000000001, 28.712999999999997], [77.35225000000001, 28.713749999999997], [77.3525, 28.713749999999997], [77.3525, 28.71425], [77.35225000000001, 28.71425]]]}, "properties": {"area_km2": 0.0149, "area_ha": 1.49}}, {"type": "Feature", "geometry": {"type": "Polygon", "coordinates": [[[77.36175, 28.6265], [77.36175, 28.625999999999998], [77.3615, 28.625999999999998], [77.3615, 28.62575], [77.36125000000001, 28.62575], [77.36125000000001, 28.625], [77.3615, 28.625], [77.3615, 28.62475], [77.36175, 28.62475], [77.36175, 28.625], [77.36225, 28.625], [77.36225, 28.625249999999998], [77.36250000000001, 28.625249999999998], [77.36250000000001, 28.625999999999998], [77.36225, 28.625999999999998], [77.36225, 28.62625], [77.36200000000001, 28.62625], [77.36200000000001, 28.6265], [77.36175, 28.6265]]]}, "properties": {"area_km2": 0.0149, "area_ha": 1.49}}, {"type": "Feature", "geometry": {"type": "Polygon", "coordinates": [[[77.16375000000001, 28.45875], [77.16375000000001, 28.458499999999997], [77.16325, 28.458499999999997], [77.16325, 28.45825], [77.16350000000001, 28.45825], [77.16350000000001, 28.458], [77.164, 28.458], [77.164, 28.45725], [77.16425000000001, 28.45725], [77.16425000000001, 28.4575], [77.1645, 28.4575], [77.1645, 28.457749999999997], [77.16475000000001, 28.457749999999997], [77.16475000000001, 28.458499999999997], [77.165, 28.458499999999997], [77.165, 28.45875], [77.16375000000001, 28.45875]]]}, "properties": {"area_km2": 0.0149, "area_ha": 1.49}}, {"type": "Feature", "geometry": {"type": "Polygon", "coordinates": [[[77.20375, 28.44325], [77.20375, 28.442999999999998], [77.20400000000001, 28.442999999999998], [77.20400000000001, 28.442749999999997], [77.20450000000001, 28.442749999999997], [77.20450000000001, 28.4425], [77.20500000000001, 28.4425], [77.20500000000001, 28.44175], [77.20575000000001, 28.44175], [77.20575000000001, 28.442], [77.206, 28.442], [77.206, 28.442249999999998], [77.20575000000001, 28.442249999999998], [77.20575000000001, 28.442749999999997], [77.20500000000001, 28.442749999999997], [77.20500000000001, 28.442999999999998], [77.20450000000001, 28.442999999999998], [77.20450000000001, 28.44325], [77.20375, 28.44325]]]}, "properties": {"area_km2": 0.0149, "area_ha": 1.49}}, {"type": "Feature", "geometry": {"type": "Polygon", "coordinates": [[[77.38025, 28.427999999999997], [77.38025, 28.42775], [77.38000000000001, 28.42775], [77.38000000000001, 28.427], [77.38025, 28.427], [77.38025, 28.42675], [77.38125000000001, 28.42675], [77.38125000000001, 28.42775], [77.381, 28.42775], [77.381, 28.427999999999997], [77.38025, 28.427999999999997]]]}, "properties": {"area_km2": 0.0149, "area_ha": 1.49}}, {"type": "Feature", "geometry": {"type": "Polygon", "coordinates": [[[77.13250000000001, 28.426499999999997], [77.13250000000001, 28.42625], [77.132, 28.42625], [77.132, 28.425749999999997], [77.13325, 28.425749999999997], [77.13325, 28.4255], [77.13375, 28.4255], [77.13375, 28.425749999999997], [77.134, 28.425749999999997], [77.134, 28.426], [77.13425000000001, 28.426], [77.13425000000001, 28.426499999999997], [77.13375, 28.426499999999997], [77.13375, 28.42625], [77.13275, 28.42625], [77.13275, 28.426499999999997], [77.13250000000001, 28.426499999999997]]]}, "properties": {"area_km2": 0.0149, "area_ha": 1.49}}, {"type": "Feature", "geometry": {"type": "Polygon", "coordinates": [[[77.35825000000001, 28.734499999999997], [77.35825000000001, 28.733999999999998], [77.35875, 28.733999999999998], [77.35875, 28.733749999999997], [77.35950000000001, 28.733749999999997], [77.35950000000001, 28.7335], [77.36025000000001, 28.7335], [77.36025000000001, 28.733749999999997], [77.3605, 28.733749999999997], [77.3605, 28.733999999999998], [77.36025000000001, 28.733999999999998], [77.36025000000001, 28.73425], [77.35900000000001, 28.73425], [77.35900000000001, 28.734499999999997], [77.35825000000001, 28.734499999999997]]]}, "properties": {"area_km2": 0.0142, "area_ha": 1.42}}, {"type": "Feature", "geometry": {"type": "Polygon", "coordinates": [[[77.04375, 28.732499999999998], [77.04375, 28.732], [77.04350000000001, 28.732], [77.04350000000001, 28.731499999999997], [77.04325, 28.731499999999997], [77.04325, 28.73125], [77.043, 28.73125], [77.043, 28.730749999999997], [77.04275000000001, 28.730749999999997], [77.04275000000001, 28.730249999999998], [77.0425, 28.730249999999998], [77.0425, 28.729249999999997], [77.04275000000001, 28.729249999999997], [77.04275000000001, 28.729499999999998], [77.043, 28.729499999999998], [77.043, 28.7305], [77.04325, 28.7305], [77.04325, 28.730749999999997], [77.04350000000001, 28.730749999999997], [77.04350000000001, 28.73125], [77.04375, 28.73125], [77.04375, 28.731749999999998], [77.04400000000001, 28.731749999999998], [77.04400000000001, 28.732499999999998], [77.04375, 28.732499999999998]]]}, "properties": {"area_km2": 0.0142, "area_ha": 1.42}}, {"type": "Feature", "geometry": {"type": "Polygon", "coordinates": [[[77.35475000000001, 28.72225], [77.35475000000001, 28.7215], [77.354, 28.7215], [77.354, 28.721249999999998], [77.35325, 28.721249999999998], [77.35325, 28.721], [77.355, 28.721], [77.355, 28.72075], [77.3555, 28.72075], [77.3555, 28.721], [77.35525000000001, 28.721], [77.35525000000001, 28.72225], [77.35475000000001, 28.72225]]]}, "properties": {"area_km2": 0.0142, "area_ha": 1.42}}, {"type": "Feature", "geometry": {"type": "Polygon", "coordinates": [[[77.19600000000001, 28.697249999999997], [77.19600000000001, 28.697], [77.19575, 28.697], [77.19575, 28.696499999999997], [77.19550000000001, 28.696499999999997], [77.19550000000001, 28.695749999999997], [77.19600000000001, 28.695749999999997], [77.19600000000001, 28.696499999999997], [77.19675000000001, 28.696499999999997], [77.19675000000001, 28.695999999999998], [77.19725000000001, 28.695999999999998], [77.19725000000001, 28.696749999999998], [77.1965, 28.696749999999998], [77.1965, 28.697249999999997], [77.19600000000001, 28.697249999999997]]]}, "properties": {"area_km2": 0.0142, "area_ha": 1.42}}, {"type": "Feature", "geometry": {"type": "Polygon", "coordinates": [[[77.29950000000001, 28.62175], [77.29950000000001, 28.621499999999997], [77.29875000000001, 28.621499999999997], [77.29875000000001, 28.62125], [77.298, 28.62125], [77.298, 28.621], [77.29725, 28.621], [77.29725, 28.620749999999997], [77.29650000000001, 28.620749999999997], [77.29650000000001, 28.6205], [77.296, 28.6205], [77.296, 28.62025], [77.29675, 28.62025], [77.29675, 28.6205], [77.2975, 28.6205], [77.2975, 28.620749999999997], [77.29825000000001, 28.620749999999997], [77.29825000000001, 28.621], [77.299, 28.621], [77.299, 28.62125], [77.29975, 28.62125], [77.29975, 28.621499999999997], [77.30000000000001, 28.621499999999997], [77.30000000000001, 28.62175], [77.29950000000001, 28.62175]]]}, "properties": {"area_km2": 0.0142, "area_ha": 1.42}}, {"type": "Feature", "geometry": {"type": "Polygon", "coordinates": [[[77.32700000000001, 28.473499999999998], [77.32700000000001, 28.473], [77.32725, 28.473], [77.32725, 28.4725], [77.3275, 28.4725], [77.3275, 28.47225], [77.32825000000001, 28.47225], [77.32825000000001, 28.4725], [77.3285, 28.4725], [77.3285, 28.473], [77.328, 28.473], [77.328, 28.473499999999998], [77.32700000000001, 28.473499999999998]]]}, "properties": {"area_km2": 0.0142, "area_ha": 1.42}}, {"type": "Feature", "geometry": {"type": "Polygon", "coordinates": [[[77.05425000000001, 28.5825], [77.05425000000001, 28.5815], [77.05525, 28.5815], [77.05525, 28.581249999999997], [77.05550000000001, 28.581249999999997], [77.05550000000001, 28.581], [77.05575, 28.581], [77.05575, 28.58075], [77.05625, 28.58075], [77.05625, 28.581], [77.05600000000001, 28.581], [77.05600000000001, 28.58175], [77.05475000000001, 28.58175], [77.05475000000001, 28.5825], [77.05425000000001, 28.5825]]]}, "properties": {"area_km2": 0.0136, "area_ha": 1.36}}, {"type": "Feature", "geometry": {"type": "Polygon", "coordinates": [[[77.1875, 28.54525], [77.1875, 28.544749999999997], [77.18725, 28.544749999999997], [77.18725, 28.5445], [77.18825000000001, 28.5445], [77.18825000000001, 28.543999999999997], [77.18900000000001, 28.543999999999997], [77.18900000000001, 28.54375], [77.18925, 28.54375], [77.18925, 28.5445], [77.18900000000001, 28.5445], [77.18900000000001, 28.544749999999997], [77.188, 28.544749999999997], [77.188, 28.54525], [77.1875, 28.54525]]]}, "properties": {"area_km2": 0.0136, "area_ha": 1.36}}, {"type": "Feature", "geometry": {"type": "Polygon", "coordinates": [[[77.31800000000001, 28.51825], [77.31800000000001, 28.517999999999997], [77.31775, 28.517999999999997], [77.31775, 28.5175], [77.31800000000001, 28.5175], [77.31800000000001, 28.517249999999997], [77.31825, 28.517249999999997], [77.31825, 28.51675], [77.3185, 28.51675], [77.3185, 28.517], [77.31925000000001, 28.517], [77.31925000000001, 28.5175], [77.319, 28.5175], [77.319, 28.51775], [77.31875000000001, 28.51775], [77.31875000000001, 28.517999999999997], [77.31825, 28.517999999999997], [77.31825, 28.51825], [77.31800000000001, 28.51825]]]}, "properties": {"area_km2": 0.0136, "area_ha": 1.36}}, {"type": "Feature", "geometry": {"type": "Polygon", "coordinates": [[[77.38175000000001, 28.449749999999998], [77.38175000000001, 28.44925], [77.38125000000001, 28.44925], [77.38125000000001, 28.448999999999998], [77.38075, 28.448999999999998], [77.38075, 28.4485], [77.38225000000001, 28.4485], [77.38225000000001, 28.448749999999997], [77.38250000000001, 28.448749999999997], [77.38250000000001, 28.448999999999998], [77.38225000000001, 28.448999999999998], [77.38225000000001, 28.449499999999997], [77.382, 28.449499999999997], [77.382, 28.449749999999998], [77.38175000000001, 28.449749999999998]]]}, "properties": {"area_km2": 0.0136, "area_ha": 1.36}}, {"type": "Feature", "geometry": {"type": "Polygon", "coordinates": [[[77.07125, 28.726999999999997], [77.07125, 28.72675], [77.07100000000001, 28.72675], [77.07100000000001, 28.726499999999998], [77.07075, 28.726499999999998], [77.07075, 28.726249999999997], [77.07175000000001, 28.726249999999997], [77.07175000000001, 28.725499999999997], [77.0725, 28.725499999999997], [77.0725, 28.726], [77.07225000000001, 28.726], [77.07225000000001, 28.72675], [77.0715, 28.72675], [77.0715, 28.726999999999997], [77.07125, 28.726999999999997]]]}, "properties": {"area_km2": 0.0135, "area_ha": 1.35}}, {"type": "Feature", "geometry": {"type": "Polygon", "coordinates": [[[77.19925, 28.725749999999998], [77.19925, 28.725499999999997], [77.1995, 28.725499999999997], [77.1995, 28.724], [77.19975000000001, 28.724], [77.19975000000001, 28.72375], [77.2, 28.72375], [77.2, 28.723499999999998], [77.20025000000001, 28.723499999999998], [77.20025000000001, 28.724999999999998], [77.2, 28.724999999999998], [77.2, 28.72525], [77.19975000000001, 28.72525], [77.19975000000001, 28.725749999999998], [77.19925, 28.725749999999998]]]}, "properties": {"area_km2": 0.0135, "area_ha": 1.35}}, {"type": "Feature", "geometry": {"type": "Polygon", "coordinates": [[[77.05075000000001, 28.7095], [77.05075000000001, 28.709249999999997], [77.0505, 28.709249999999997], [77.0505, 28.70825], [77.05075000000001, 28.70825], [77.05075000000001, 28.708], [77.05125000000001, 28.708], [77.05125000000001, 28.70825], [77.0515, 28.70825], [77.0515, 28.708499999999997], [77.052, 28.708499999999997], [77.052, 28.70875], [77.0515, 28.70875], [77.0515, 28.709], [77.05125000000001, 28.709], [77.05125000000001, 28.709249999999997], [77.051, 28.709249999999997], [77.051, 28.7095], [77.05075000000001, 28.7095]]]}, "properties": {"area_km2": 0.0135, "area_ha": 1.35}}, {"type": "Feature", "geometry": {"type": "Polygon", "coordinates": [[[77.35775000000001, 28.725749999999998], [77.35775000000001, 28.725499999999997], [77.3575, 28.725499999999997], [77.3575, 28.72525], [77.35775000000001, 28.72525], [77.35775000000001, 28.724999999999998], [77.358, 28.724999999999998], [77.358, 28.724749999999997], [77.35825000000001, 28.724749999999997], [77.35825000000001, 28.7245], [77.3585, 28.7245], [77.3585, 28.724249999999998], [77.35900000000001, 28.724249999999998], [77.35900000000001, 28.72525], [77.35825000000001, 28.72525], [77.35825000000001, 28.725749999999998], [77.35775000000001, 28.725749999999998]]]}, "properties": {"area_km2": 0.0129, "area_ha": 1.29}}, {"type": "Feature", "geometry": {"type": "Polygon", "coordinates": [[[77.21325, 28.724249999999998], [77.21325, 28.724], [77.21375, 28.724], [77.21375, 28.72375], [77.21425, 28.72375], [77.21425, 28.723499999999998], [77.215, 28.723499999999998], [77.215, 28.72325], [77.21625, 28.72325], [77.21625, 28.723499999999998], [77.21525000000001, 28.723499999999998], [77.21525000000001, 28.72375], [77.215, 28.72375], [77.215, 28.724], [77.2145, 28.724], [77.2145, 28.724249999999998], [77.21325, 28.724249999999998]]]}, "properties": {"area_km2": 0.0129, "area_ha": 1.29}}, {"type": "Feature", "geometry": {"type": "Polygon", "coordinates": [[[77.12275000000001, 28.656], [77.12275000000001, 28.655749999999998], [77.1225, 28.655749999999998], [77.1225, 28.65525], [77.123, 28.65525], [77.123, 28.654999999999998], [77.12400000000001, 28.654999999999998], [77.12400000000001, 28.655749999999998], [77.1235, 28.655749999999998], [77.1235, 28.656], [77.12275000000001, 28.656]]]}, "properties": {"area_km2": 0.0129, "area_ha": 1.29}}, {"type": "Feature", "geometry": {"type": "Polygon", "coordinates": [[[77.379, 28.633999999999997], [77.379, 28.63375], [77.37875000000001, 28.63375], [77.37875000000001, 28.633499999999998], [77.379, 28.633499999999998], [77.379, 28.633249999999997], [77.38050000000001, 28.633249999999997], [77.38050000000001, 28.633999999999997], [77.379, 28.633999999999997]]]}, "properties": {"area_km2": 0.0129, "area_ha": 1.29}}, {"type": "Feature", "geometry": {"type": "Polygon", "coordinates": [[[77.36775, 28.61725], [77.36775, 28.616999999999997], [77.36725000000001, 28.616999999999997], [77.36725000000001, 28.61675], [77.367, 28.61675], [77.367, 28.616249999999997], [77.36725000000001, 28.616249999999997], [77.36725000000001, 28.616], [77.36850000000001, 28.616], [77.36850000000001, 28.61575], [77.36875, 28.61575], [77.36875, 28.616249999999997], [77.36800000000001, 28.616249999999997], [77.36800000000001, 28.61725], [77.36775, 28.61725]]]}, "properties": {"area_km2": 0.0129, "area_ha": 1.29}}, {"type": "Feature", "geometry": {"type": "Polygon", "coordinates": [[[77.1315, 28.51775], [77.1315, 28.51625], [77.13125000000001, 28.51625], [77.13125000000001, 28.516], [77.131, 28.516], [77.131, 28.5155], [77.13175000000001, 28.5155], [77.13175000000001, 28.516], [77.132, 28.516], [77.132, 28.517249999999997], [77.13175000000001, 28.517249999999997], [77.13175000000001, 28.51775], [77.1315, 28.51775]]]}, "properties": {"area_km2": 0.0129, "area_ha": 1.29}}, {"type": "Feature", "geometry": {"type": "Polygon", "coordinates": [[[77.054, 28.50225], [77.054, 28.502], [77.0535, 28.502], [77.0535, 28.501749999999998], [77.054, 28.501749999999998], [77.054, 28.5015], [77.05425000000001, 28.5015], [77.05425000000001, 28.500999999999998], [77.05475000000001, 28.500999999999998], [77.05475000000001, 28.501749999999998], [77.05550000000001, 28.501749999999998], [77.05550000000001, 28.502], [77.055, 28.502], [77.055, 28.50225], [77.054, 28.50225]]]}, "properties": {"area_km2": 0.0129, "area_ha": 1.29}}, {"type": "Feature", "geometry": {"type": "Polygon", "coordinates": [[[77.10625, 28.457749999999997], [77.10625, 28.4575], [77.10575, 28.4575], [77.10575, 28.456999999999997], [77.1055, 28.456999999999997], [77.1055, 28.4565], [77.10600000000001, 28.4565], [77.10600000000001, 28.45675], [77.10650000000001, 28.45675], [77.10650000000001, 28.456999999999997], [77.10675, 28.456999999999997], [77.10675, 28.45725], [77.107, 28.45725], [77.107, 28.4575], [77.10725000000001, 28.4575], [77.10725000000001, 28.457749999999997], [77.10625, 28.457749999999997]]]}, "properties": {"area_km2": 0.0129, "area_ha": 1.29}}, {"type": "Feature", "geometry": {"type": "Polygon", "coordinates": [[[77.17975000000001, 28.427], [77.17975000000001, 28.42625], [77.18125, 28.42625], [77.18125, 28.426499999999997], [77.1815, 28.426499999999997], [77.1815, 28.42675], [77.18125, 28.42675], [77.18125, 28.427], [77.17975000000001, 28.427]]]}, "properties": {"area_km2": 0.0129, "area_ha": 1.29}}, {"type": "Feature", "geometry": {"type": "Polygon", "coordinates": [[[77.30850000000001, 28.729999999999997], [77.30850000000001, 28.72975], [77.308, 28.72975], [77.308, 28.729249999999997], [77.30850000000001, 28.729249999999997], [77.30850000000001, 28.72825], [77.30900000000001, 28.72825], [77.30900000000001, 28.728749999999998], [77.30925, 28.728749999999998], [77.30925, 28.729], [77.30900000000001, 28.729], [77.30900000000001, 28.72975], [77.30875, 28.72975], [77.30875, 28.729999999999997], [77.30850000000001, 28.729999999999997]]]}, "properties": {"area_km2": 0.0122, "area_ha": 1.22}}, {"type": "Feature", "geometry": {"type": "Polygon", "coordinates": [[[77.25375000000001, 28.721], [77.25375000000001, 28.72075], [77.25325000000001, 28.72075], [77.25325000000001, 28.720499999999998], [77.25275, 28.720499999999998], [77.25275, 28.72025], [77.25250000000001, 28.72025], [77.25250000000001, 28.72], [77.25375000000001, 28.72], [77.25375000000001, 28.72025], [77.25425000000001, 28.72025], [77.25425000000001, 28.720499999999998], [77.25450000000001, 28.720499999999998], [77.25450000000001, 28.72075], [77.25425000000001, 28.72075], [77.25425000000001, 28.721], [77.25375000000001, 28.721]]]}, "properties": {"area_km2": 0.0122, "area_ha": 1.22}}, {"type": "Feature", "geometry": {"type": "Polygon", "coordinates": [[[77.04125, 28.695749999999997], [77.04125, 28.6955], [77.04100000000001, 28.6955], [77.04100000000001, 28.694999999999997], [77.04125, 28.694999999999997], [77.04125, 28.69475], [77.0415, 28.69475], [77.0415, 28.694499999999998], [77.04175000000001, 28.694499999999998], [77.04175000000001, 28.69475], [77.0425, 28.69475], [77.0425, 28.695249999999998], [77.042, 28.695249999999998], [77.042, 28.6955], [77.04175000000001, 28.6955], [77.04175000000001, 28.695749999999997], [77.04125, 28.695749999999997]]]}, "properties": {"area_km2": 0.0122, "area_ha": 1.22}}, {"type": "Feature", "geometry": {"type": "Polygon", "coordinates": [[[77.38250000000001, 28.632749999999998], [77.38250000000001, 28.632499999999997], [77.38050000000001, 28.632499999999997], [77.38050000000001, 28.63225], [77.38025, 28.63225], [77.38025, 28.631999999999998], [77.38075, 28.631999999999998], [77.38075, 28.63225], [77.3815, 28.63225], [77.3815, 28.631999999999998], [77.38175000000001, 28.631999999999998], [77.38175000000001, 28.63225], [77.38275, 28.63225], [77.38275, 28.632499999999997], [77.384, 28.632499999999997], [77.384, 28.632749999999998], [77.38250000000001, 28.632749999999998]]]}, "properties": {"area_km2": 0.0122, "area_ha": 1.22}}, {"type": "Feature", "geometry": {"type": "Polygon", "coordinates": [[[77.27075, 28.60775], [77.27075, 28.606499999999997], [77.2715, 28.606499999999997], [77.2715, 28.607], [77.27175000000001, 28.607], [77.27175000000001, 28.60775], [77.27075, 28.60775]]]}, "properties": {"area_km2": 0.0122, "area_ha": 1.22}}, {"type": "Feature", "geometry": {"type": "Polygon", "coordinates": [[[77.048, 28.549], [77.048, 28.548499999999997], [77.05025, 28.548499999999997], [77.05025, 28.549], [77.048, 28.549]]]}, "properties": {"area_km2": 0.0122, "area_ha": 1.22}}, {"type": "Feature", "geometry": {"type": "Polygon", "coordinates": [[[77.1725, 28.54675], [77.1725, 28.546499999999998], [77.17225, 28.546499999999998], [77.17225, 28.545749999999998], [77.1725, 28.545749999999998], [77.1725, 28.545499999999997], [77.17325000000001, 28.545499999999997], [77.17325000000001, 28.54675], [77.1725, 28.54675]]]}, "properties": {"area_km2": 0.0122, "area_ha": 1.22}}, {"type": "Feature", "geometry": {"type": "Polygon", "coordinates": [[[77.36225, 28.524749999999997], [77.36225, 28.52375], [77.36200000000001, 28.52375], [77.36200000000001, 28.5235], [77.36175, 28.5235], [77.36175, 28.52275], [77.3615, 28.52275], [77.3615, 28.522499999999997], [77.36175, 28.522499999999997], [77.36175, 28.52225], [77.36225, 28.52225], [77.36225, 28.523249999999997], [77.36250000000001, 28.523249999999997], [77.36250000000001, 28.524749999999997], [77.36225, 28.524749999999997]]]}, "properties": {"area_km2": 0.0122, "area_ha": 1.22}}, {"type": "Feature", "geometry": {"type": "Polygon", "coordinates": [[[77.05275, 28.49525], [77.05275, 28.494999999999997], [77.05250000000001, 28.494999999999997], [77.05250000000001, 28.4945], [77.05275, 28.4945], [77.05275, 28.49475], [77.05375000000001, 28.49475], [77.05375000000001, 28.4945], [77.05475000000001, 28.4945], [77.05475000000001, 28.494999999999997], [77.05375000000001, 28.494999999999997], [77.05375000000001, 28.49525], [77.05275, 28.49525]]]}, "properties": {"area_km2": 0.0122, "area_ha": 1.22}}, {"type": "Feature", "geometry": {"type": "Polygon", "coordinates": [[[77.1315, 28.424999999999997], [77.1315, 28.42475], [77.13125000000001, 28.42475], [77.13125000000001, 28.4245], [77.131, 28.4245], [77.131, 28.424249999999997], [77.13075, 28.424249999999997], [77.13075, 28.424], [77.13050000000001, 28.424], [77.13050000000001, 28.42325], [77.131, 28.42325], [77.131, 28.42375], [77.13125000000001, 28.42375], [77.13125000000001, 28.424], [77.1315, 28.424], [77.1315, 28.424249999999997], [77.13175000000001, 28.424249999999997], [77.13175000000001, 28.4245], [77.132, 28.4245], [77.132, 28.424999999999997], [77.1315, 28.424999999999997]]]}, "properties": {"area_km2": 0.0122, "area_ha": 1.22}}, {"type": "Feature", "geometry": {"type": "Polygon", "coordinates": [[[77.18400000000001, 28.732999999999997], [77.18400000000001, 28.732249999999997], [77.18325, 28.732249999999997], [77.18325, 28.732], [77.18400000000001, 28.732], [77.18400000000001, 28.731749999999998], [77.18475000000001, 28.731749999999998], [77.18475000000001, 28.73275], [77.1845, 28.73275], [77.1845, 28.732999999999997], [77.18400000000001, 28.732999999999997]]]}, "properties": {"area_km2": 0.0115, "area_ha": 1.15}}, {"type": "Feature", "geometry": {"type": "Polygon", "coordinates": [[[77.25425000000001, 28.703999999999997], [77.25425000000001, 28.703249999999997], [77.25475, 28.703249999999997], [77.25475, 28.703], [77.25500000000001, 28.703], [77.25500000000001, 28.702499999999997], [77.25525, 28.702499999999997], [77.25525, 28.703249999999997], [77.25550000000001, 28.703249999999997], [77.25550000000001, 28.7035], [77.25525, 28.7035], [77.25525, 28.703999999999997], [77.25425000000001, 28.703999999999997]]]}, "properties": {"area_km2": 0.0115, "area_ha": 1.15}}, {"type": "Feature", "geometry": {"type": "Polygon", "coordinates": [[[77.35025, 28.6865], [77.35025, 28.685499999999998], [77.35000000000001, 28.685499999999998], [77.35000000000001, 28.68525], [77.34975, 28.68525], [77.34975, 28.684749999999998], [77.35025, 28.684749999999998], [77.35025, 28.68525], [77.35050000000001, 28.68525], [77.35050000000001, 28.686], [77.35125000000001, 28.686], [77.35125000000001, 28.686249999999998], [77.3515, 28.686249999999998], [77.3515, 28.6865], [77.35025, 28.6865]]]}, "properties": {"area_km2": 0.0115, "area_ha": 1.15}}, {"type": "Feature", "geometry": {"type": "Polygon", "coordinates": [[[77.36925000000001, 28.666999999999998], [77.36925000000001, 28.666749999999997], [77.369, 28.666749999999997], [77.369, 28.665999999999997], [77.3695, 28.665999999999997], [77.3695, 28.666249999999998], [77.3705, 28.666249999999998], [77.3705, 28.666749999999997], [77.37, 28.666749999999997], [77.37, 28.666999999999998], [77.36925000000001, 28.666999999999998]]]}, "properties": {"area_km2": 0.0115, "area_ha": 1.15}}, {"type": "Feature", "geometry": {"type": "Polygon", "coordinates": [[[77.2055, 28.6145], [77.2055, 28.61425], [77.20525, 28.61425], [77.20525, 28.613999999999997], [77.2055, 28.613999999999997], [77.2055, 28.61375], [77.20700000000001, 28.61375], [77.20700000000001, 28.613999999999997], [77.20725, 28.613999999999997], [77.20725, 28.61425], [77.20625000000001, 28.61425], [77.20625000000001, 28.6145], [77.2055, 28.6145]]]}, "properties": {"area_km2": 0.0115, "area_ha": 1.15}}, {"type": "Feature", "geometry": {"type": "Polygon", "coordinates": [[[77.07575, 28.576249999999998], [77.07575, 28.575999999999997], [77.0755, 28.575999999999997], [77.0755, 28.575249999999997], [77.07525000000001, 28.575249999999997], [77.07525000000001, 28.574749999999998], [77.075, 28.574749999999998], [77.075, 28.57425], [77.07525000000001, 28.57425], [77.07525000000001, 28.573999999999998], [77.0755, 28.573999999999998], [77.0755, 28.57425], [77.07575, 28.57425], [77.07575, 28.57575], [77.07625, 28.57575], [77.07625, 28.575999999999997], [77.07600000000001, 28.575999999999997], [77.07600000000001, 28.576249999999998], [77.07575, 28.576249999999998]]]}, "properties": {"area_km2": 0.0115, "area_ha": 1.15}}, {"type": "Feature", "geometry": {"type": "Polygon", "coordinates": [[[77.04650000000001, 28.552249999999997], [77.04650000000001, 28.552], [77.04625, 28.552], [77.04625, 28.55175], [77.046, 28.55175], [77.046, 28.55125], [77.04575000000001, 28.55125], [77.04575000000001, 28.55025], [77.046, 28.55025], [77.046, 28.5505], [77.04625, 28.5505], [77.04625, 28.551499999999997], [77.04650000000001, 28.551499999999997], [77.04650000000001, 28.55175], [77.04725, 28.55175], [77.04725, 28.552249999999997], [77.04650000000001, 28.552249999999997]]]}, "properties": {"area_km2": 0.0115, "area_ha": 1.15}}, {"type": "Feature", "geometry": {"type": "Polygon", "coordinates": [[[77.35050000000001, 28.54375], [77.35050000000001, 28.543], [77.35025, 28.543], [77.35025, 28.542749999999998], [77.35000000000001, 28.542749999999998], [77.35000000000001, 28.542499999999997], [77.35050000000001, 28.542499999999997], [77.35050000000001, 28.541749999999997], [77.35025, 28.541749999999997], [77.35025, 28.5415], [77.35075, 28.5415], [77.35075, 28.542499999999997], [77.3515, 28.542499999999997], [77.3515, 28.542749999999998], [77.35100000000001, 28.542749999999998], [77.35100000000001, 28.543], [77.35075, 28.543], [77.35075, 28.54375], [77.35050000000001, 28.54375]]]}, "properties": {"area_km2": 0.0115, "area_ha": 1.15}}, {"type": "Feature", "geometry": {"type": "Polygon", "coordinates": [[[77.3045, 28.52975], [77.3045, 28.5295], [77.30425000000001, 28.5295], [77.30425000000001, 28.529249999999998], [77.3045, 28.529249999999998], [77.3045, 28.52875], [77.30475000000001, 28.52875], [77.30475000000001, 28.528], [77.30575, 28.528], [77.30575, 28.52825], [77.305, 28.52825], [77.305, 28.529249999999998], [77.30525, 28.529249999999998], [77.30525, 28.52975], [77.3045, 28.52975]]]}, "properties": {"area_km2": 0.0115, "area_ha": 1.15}}, {"type": "Feature", "geometry": {"type": "Polygon", "coordinates": [[[77.19300000000001, 28.5045], [77.19300000000001, 28.50425], [77.19275, 28.50425], [77.19275, 28.503999999999998], [77.19200000000001, 28.503999999999998], [77.19200000000001, 28.5035], [77.19250000000001, 28.5035], [77.19250000000001, 28.503], [77.19300000000001, 28.503], [77.19300000000001, 28.5035], [77.19325, 28.5035], [77.19325, 28.5045], [77.19300000000001, 28.5045]]]}, "properties": {"area_km2": 0.0115, "area_ha": 1.15}}, {"type": "Feature", "geometry": {"type": "Polygon", "coordinates": [[[77.20875000000001, 28.497], [77.20875000000001, 28.49675], [77.2085, 28.49675], [77.2085, 28.496499999999997], [77.20800000000001, 28.496499999999997], [77.20800000000001, 28.49625], [77.2085, 28.49625], [77.2085, 28.496], [77.2095, 28.496], [77.2095, 28.49625], [77.20975, 28.49625], [77.20975, 28.496499999999997], [77.2095, 28.496499999999997], [77.2095, 28.49675], [77.20925000000001, 28.49675], [77.20925000000001, 28.497], [77.20875000000001, 28.497]]]}, "properties": {"area_km2": 0.0115, "area_ha": 1.15}}, {"type": "Feature", "geometry": {"type": "Polygon", "coordinates": [[[77.384, 28.494999999999997], [77.384, 28.4945], [77.38425000000001, 28.4945], [77.38425000000001, 28.494249999999997], [77.385, 28.494249999999997], [77.385, 28.494], [77.38575, 28.494], [77.38575, 28.494249999999997], [77.38550000000001, 28.494249999999997], [77.38550000000001, 28.4945], [77.38525, 28.4945], [77.38525, 28.49475], [77.385, 28.49475], [77.385, 28.494999999999997], [77.384, 28.494999999999997]]]}, "properties": {"area_km2": 0.0115, "area_ha": 1.15}}, {"type": "Feature", "geometry": {"type": "Polygon", "coordinates": [[[77.34825000000001, 28.43875], [77.34825000000001, 28.438499999999998], [77.34800000000001, 28.438499999999998], [77.34800000000001, 28.43825], [77.34825000000001, 28.43825], [77.34825000000001, 28.438], [77.349, 28.438], [77.349, 28.43725], [77.34925000000001, 28.43725], [77.34925000000001, 28.4375], [77.3495, 28.4375], [77.3495, 28.438], [77.34925000000001, 28.438], [77.34925000000001, 28.438499999999998], [77.349, 28.438499999999998], [77.349, 28.43875], [77.34825000000001, 28.43875]]]}, "properties": {"area_km2": 0.0115, "area_ha": 1.15}}, {"type": "Feature", "geometry": {"type": "Polygon", "coordinates": [[[77.04475000000001, 28.4975], [77.04475000000001, 28.497], [77.04575000000001, 28.497], [77.04575000000001, 28.49675], [77.046, 28.49675], [77.046, 28.497], [77.04700000000001, 28.497], [77.04700000000001, 28.497249999999998], [77.04625, 28.497249999999998], [77.04625, 28.4975], [77.04475000000001, 28.4975]]]}, "properties": {"area_km2": 0.0109, "area_ha": 1.09}}, {"type": "Feature", "geometry": {"type": "Polygon", "coordinates": [[[77.22375000000001, 28.494999999999997], [77.22375000000001, 28.494], [77.22425000000001, 28.494], [77.22425000000001, 28.493499999999997], [77.2245, 28.493499999999997], [77.2245, 28.4945], [77.22475, 28.4945], [77.22475, 28.494999999999997], [77.22375000000001, 28.494999999999997]]]}, "properties": {"area_km2": 0.0109, "area_ha": 1.09}}, {"type": "Feature", "geometry": {"type": "Polygon", "coordinates": [[[77.27350000000001, 28.486749999999997], [77.27350000000001, 28.4865], [77.27325, 28.4865], [77.27325, 28.48575], [77.27350000000001, 28.48575], [77.27350000000001, 28.4855], [77.274, 28.4855], [77.274, 28.485999999999997], [77.27425000000001, 28.485999999999997], [77.27425000000001, 28.486749999999997], [77.27350000000001, 28.486749999999997]]]}, "properties": {"area_km2": 0.0109, "area_ha": 1.09}}, {"type": "Feature", "geometry": {"type": "Polygon", "coordinates": [[[77.34325000000001, 28.462249999999997], [77.34325000000001, 28.46175], [77.3435, 28.46175], [77.3435, 28.461499999999997], [77.34475, 28.461499999999997], [77.34475, 28.462], [77.34450000000001, 28.462], [77.34450000000001, 28.462249999999997], [77.34325000000001, 28.462249999999997]]]}, "properties": {"area_km2": 0.0109, "area_ha": 1.09}}, {"type": "Feature", "geometry": {"type": "Polygon", "coordinates": [[[77.14750000000001, 28.4225], [77.14750000000001, 28.421999999999997], [77.147, 28.421999999999997], [77.147, 28.421249999999997], [77.14800000000001, 28.421249999999997], [77.14800000000001, 28.4225], [77.14750000000001, 28.4225]]]}, "properties": {"area_km2": 0.0109, "area_ha": 1.09}}, {"type": "Feature", "geometry": {"type": "Polygon", "coordinates": [[[77.36200000000001, 28.739749999999997], [77.36200000000001, 28.7395], [77.36175, 28.7395], [77.36175, 28.73925], [77.3615, 28.73925], [77.3615, 28.738999999999997], [77.36175, 28.738999999999997], [77.36175, 28.73875], [77.36250000000001, 28.73875], [77.36250000000001, 28.738999999999997], [77.36275, 28.738999999999997], [77.36275, 28.7395], [77.363, 28.7395], [77.363, 28.739749999999997], [77.36200000000001, 28.739749999999997]]]}, "properties": {"area_km2": 0.0108, "area_ha": 1.08}}, {"type": "Feature", "geometry": {"type": "Polygon", "coordinates": [[[77.241, 28.737], [77.241, 28.73625], [77.24125000000001, 28.73625], [77.24125000000001, 28.735], [77.2415, 28.735], [77.2415, 28.734499999999997], [77.24175000000001, 28.734499999999997], [77.24175000000001, 28.73425], [77.242, 28.73425], [77.242, 28.73475], [77.24175000000001, 28.73475], [77.24175000000001, 28.7355], [77.2415, 28.7355], [77.2415, 28.736749999999997], [77.24125000000001, 28.736749999999997], [77.24125000000001, 28.737], [77.241, 28.737]]]}, "properties": {"area_km2": 0.0108, "area_ha": 1.08}}, {"type": "Feature", "geometry": {"type": "Polygon", "coordinates": [[[77.34575000000001, 28.73125], [77.34575000000001, 28.730999999999998], [77.346, 28.730999999999998], [77.346, 28.730749999999997], [77.34625000000001, 28.730749999999997], [77.34625000000001, 28.730249999999998], [77.34700000000001, 28.730249999999998], [77.34700000000001, 28.72975], [77.34750000000001, 28.72975], [77.34750000000001, 28.7305], [77.34675, 28.7305], [77.34675, 28.730999999999998], [77.34625000000001, 28.730999999999998], [77.34625000000001, 28.73125], [77.34575000000001, 28.73125]]]}, "properties": {"area_km2": 0.0108, "area_ha": 1.08}}, {"type": "Feature", "geometry": {"type": "Polygon", "coordinates": [[[77.04400000000001, 28.712], [77.04400000000001, 28.71125], [77.04525000000001, 28.71125], [77.04525000000001, 28.71175], [77.0455, 28.71175], [77.0455, 28.712], [77.04400000000001, 28.712]]]}, "properties": {"area_km2": 0.0108, "area_ha": 1.08}}, {"type": "Feature", "geometry": {"type": "Polygon", "coordinates": [[[77.33250000000001, 28.703999999999997], [77.33250000000001, 28.7035], [77.33275, 28.7035], [77.33275, 28.703249999999997], [77.33300000000001, 28.703249999999997], [77.33300000000001, 28.703], [77.33375000000001, 28.703], [77.33375000000001, 28.70375], [77.3335, 28.70375], [77.3335, 28.703999999999997], [77.33250000000001, 28.703999999999997]]]}, "properties": {"area_km2": 0.0108, "area_ha": 1.08}}, {"type": "Feature", "geometry": {"type": "Polygon", "coordinates": [[[77.04475000000001, 28.656], [77.04475000000001, 28.655749999999998], [77.0445, 28.655749999999998], [77.0445, 28.6555], [77.04425, 28.6555], [77.04425, 28.65525], [77.04525000000001, 28.65525], [77.04525000000001, 28.654999999999998], [77.0455, 28.654999999999998], [77.0455, 28.65525], [77.04575000000001, 28.65525], [77.04575000000001, 28.656], [77.04475000000001, 28.656]]]}, "properties": {"area_km2": 0.0108, "area_ha": 1.08}}, {"type": "Feature", "geometry": {"type": "Polygon", "coordinates": [[[77.29, 28.618499999999997], [77.29, 28.61825], [77.28925000000001, 28.61825], [77.28925000000001, 28.618], [77.28850000000001, 28.618], [77.28850000000001, 28.617749999999997], [77.28800000000001, 28.617749999999997], [77.28800000000001, 28.6175], [77.28775, 28.6175], [77.28775, 28.61725], [77.28825, 28.61725], [77.28825, 28.6175], [77.28875000000001, 28.6175], [77.28875000000001, 28.617749999999997], [77.2895, 28.617749999999997], [77.2895, 28.618], [77.29025, 28.618], [77.29025, 28.61825], [77.29075, 28.61825], [77.29075, 28.618499999999997], [77.29, 28.618499999999997]]]}, "properties": {"area_km2": 0.0108, "area_ha": 1.08}}, {"type": "Feature", "geometry": {"type": "Polygon", "coordinates": [[[77.23225000000001, 28.613249999999997], [77.23225000000001, 28.613], [77.232, 28.613], [77.232, 28.612499999999997], [77.2335, 28.612499999999997], [77.2335, 28.613], [77.23325000000001, 28.613], [77.23325000000001, 28.613249999999997], [77.23225000000001, 28.613249999999997]]]}, "properties": {"area_km2": 0.0108, "area_ha": 1.08}}, {"type": "Feature", "geometry": {"type": "Polygon", "coordinates": [[[77.1255, 28.569999999999997], [77.1255, 28.56975], [77.12575000000001, 28.56975], [77.12575000000001, 28.569499999999998], [77.126, 28.569499999999998], [77.126, 28.569249999999997], [77.12650000000001, 28.569249999999997], [77.12650000000001, 28.569], [77.12725, 28.569], [77.12725, 28.569499999999998], [77.12675, 28.569499999999998], [77.12675, 28.56975], [77.12650000000001, 28.56975], [77.12650000000001, 28.569999999999997], [77.1255, 28.569999999999997]]]}, "properties": {"area_km2": 0.0108, "area_ha": 1.08}}, {"type": "Feature", "geometry": {"type": "Polygon", "coordinates": [[[77.27900000000001, 28.563499999999998], [77.27900000000001, 28.56325], [77.27875, 28.56325], [77.27875, 28.563], [77.27850000000001, 28.563], [77.27850000000001, 28.5625], [77.27875, 28.5625], [77.27875, 28.56225], [77.27950000000001, 28.56225], [77.27950000000001, 28.563499999999998], [77.27900000000001, 28.563499999999998]]]}, "properties": {"area_km2": 0.0108, "area_ha": 1.08}}, {"type": "Feature", "geometry": {"type": "Polygon", "coordinates": [[[77.185, 28.55125], [77.185, 28.550749999999997], [77.1855, 28.550749999999997], [77.1855, 28.5505], [77.18700000000001, 28.5505], [77.18700000000001, 28.550749999999997], [77.18650000000001, 28.550749999999997], [77.18650000000001, 28.551], [77.186, 28.551], [77.186, 28.55125], [77.185, 28.55125]]]}, "properties": {"area_km2": 0.0108, "area_ha": 1.08}}, {"type": "Feature", "geometry": {"type": "Polygon", "coordinates": [[[77.057, 28.547749999999997], [77.057, 28.54725], [77.05725000000001, 28.54725], [77.05725000000001, 28.546999999999997], [77.05775000000001, 28.546999999999997], [77.05775000000001, 28.54675], [77.058, 28.54675], [77.058, 28.546499999999998], [77.05825, 28.546499999999998], [77.05825, 28.5475], [77.058, 28.5475], [77.058, 28.547749999999997], [77.057, 28.547749999999997]]]}, "properties": {"area_km2": 0.0108, "area_ha": 1.08}}, {"type": "Feature", "geometry": {"type": "Polygon", "coordinates": [[[77.04675, 28.525], [77.04675, 28.52425], [77.0475, 28.52425], [77.0475, 28.523999999999997], [77.048, 28.523999999999997], [77.048, 28.52425], [77.04825000000001, 28.52425], [77.04825000000001, 28.5245], [77.0485, 28.5245], [77.0485, 28.524749999999997], [77.04700000000001, 28.524749999999997], [77.04700000000001, 28.525], [77.04675, 28.525]]]}, "properties": {"area_km2": 0.0108, "area_ha": 1.08}}, {"type": "Feature", "geometry": {"type": "Polygon", "coordinates": [[[77.07225000000001, 28.73475], [77.07225000000001, 28.733749999999997], [77.07275, 28.733749999999997], [77.07275, 28.7335], [77.07300000000001, 28.7335], [77.07300000000001, 28.733249999999998], [77.07325, 28.733249999999998], [77.07325, 28.733749999999997], [77.07350000000001, 28.733749999999997], [77.07350000000001, 28.73425], [77.0725, 28.73425], [77.0725, 28.73475], [77.07225000000001, 28.73475]]]}, "properties": {"area_km2": 0.0102, "area_ha": 1.02}}, {"type": "Feature", "geometry": {"type": "Polygon", "coordinates": [[[77.3195, 28.73425], [77.3195, 28.733999999999998], [77.31925000000001, 28.733999999999998], [77.31925000000001, 28.733249999999998], [77.3195, 28.733249999999998], [77.3195, 28.732999999999997], [77.32025, 28.732999999999997], [77.32025, 28.733749999999997], [77.32000000000001, 28.733749999999997], [77.32000000000001, 28.733999999999998], [77.31975000000001, 28.733999999999998], [77.31975000000001, 28.73425], [77.3195, 28.73425]]]}, "properties": {"area_km2": 0.0102, "area_ha": 1.02}}, {"type": "Feature", "geometry": {"type": "Polygon", "coordinates": [[[77.18050000000001, 28.731749999999998], [77.18050000000001, 28.730999999999998], [77.18025, 28.730999999999998], [77.18025, 28.7305], [77.18050000000001, 28.7305], [77.18050000000001, 28.730249999999998], [77.18075, 28.730249999999998], [77.18075, 28.729999999999997], [77.18100000000001, 28.729999999999997], [77.18100000000001, 28.7305], [77.18125, 28.7305], [77.18125, 28.730999999999998], [77.18100000000001, 28.730999999999998], [77.18100000000001, 28.73125], [77.18075, 28.73125], [77.18075, 28.731749999999998], [77.18050000000001, 28.731749999999998]]]}, "properties": {"area_km2": 0.0102, "area_ha": 1.02}}, {"type": "Feature", "geometry": {"type": "Polygon", "coordinates": [[[77.07275, 28.7275], [77.07275, 28.726999999999997], [77.07225000000001, 28.726999999999997], [77.07225000000001, 28.72675], [77.07300000000001, 28.72675], [77.07300000000001, 28.726], [77.07325, 28.726], [77.07325, 28.726249999999997], [77.07350000000001, 28.726249999999997], [77.07350000000001, 28.727249999999998], [77.07325, 28.727249999999998], [77.07325, 28.7275], [77.07275, 28.7275]]]}, "properties": {"area_km2": 0.0102, "area_ha": 1.02}}, {"type": "Feature", "geometry": {"type": "Polygon", "coordinates": [[[77.25325000000001, 28.69625], [77.25325000000001, 28.695999999999998], [77.25275, 28.695999999999998], [77.25275, 28.6955], [77.25250000000001, 28.6955], [77.25250000000001, 28.695249999999998], [77.253, 28.695249999999998], [77.253, 28.694999999999997], [77.25325000000001, 28.694999999999997], [77.25325000000001, 28.695249999999998], [77.2535, 28.695249999999998], [77.2535, 28.695749999999997], [77.254, 28.695749999999997], [77.254, 28.695999999999998], [77.25375000000001, 28.695999999999998], [77.25375000000001, 28.69625], [77.25325000000001, 28.69625]]]}, "properties": {"area_km2": 0.0102, "area_ha": 1.02}}, {"type": "Feature", "geometry": {"type": "Polygon", "coordinates": [[[77.122, 28.6775], [77.122, 28.677249999999997], [77.12175, 28.677249999999997], [77.12175, 28.677], [77.12150000000001, 28.677], [77.12150000000001, 28.67675], [77.123, 28.67675], [77.123, 28.6775], [77.122, 28.6775]]]}, "properties": {"area_km2": 0.0102, "area_ha": 1.02}}, {"type": "Feature", "geometry": {"type": "Polygon", "coordinates": [[[77.31200000000001, 28.66425], [77.31200000000001, 28.663999999999998], [77.31175, 28.663999999999998], [77.31175, 28.6635], [77.31225, 28.6635], [77.31225, 28.663249999999998], [77.313, 28.663249999999998], [77.313, 28.663999999999998], [77.3125, 28.663999999999998], [77.3125, 28.66425], [77.31200000000001, 28.66425]]]}, "properties": {"area_km2": 0.0102, "area_ha": 1.02}}, {"type": "Feature", "geometry": {"type": "Polygon", "coordinates": [[[77.37375, 28.6585], [77.37375, 28.65825], [77.37400000000001, 28.65825], [77.37400000000001, 28.657999999999998], [77.37425, 28.657999999999998], [77.37425, 28.65775], [77.3755, 28.65775], [77.3755, 28.65825], [77.37475, 28.65825], [77.37475, 28.6585], [77.37375, 28.6585]]]}, "properties": {"area_km2": 0.0102, "area_ha": 1.02}}, {"type": "Feature", "geometry": {"type": "Polygon", "coordinates": [[[77.07400000000001, 28.651999999999997], [77.07400000000001, 28.6515], [77.07350000000001, 28.6515], [77.07350000000001, 28.651249999999997], [77.07325, 28.651249999999997], [77.07325, 28.651], [77.07300000000001, 28.651], [77.07300000000001, 28.650499999999997], [77.07350000000001, 28.650499999999997], [77.07350000000001, 28.65075], [77.07375, 28.65075], [77.07375, 28.651], [77.07400000000001, 28.651], [77.07400000000001, 28.651249999999997], [77.07425, 28.651249999999997], [77.07425, 28.6515], [77.0745, 28.6515], [77.0745, 28.651999999999997], [77.07400000000001, 28.651999999999997]]]}, "properties": {"area_km2": 0.0102, "area_ha": 1.02}}, {"type": "Feature", "geometry": {"type": "Polygon", "coordinates": [[[77.2295, 28.642249999999997], [77.2295, 28.642], [77.22975000000001, 28.642], [77.22975000000001, 28.64175], [77.23, 28.64175], [77.23, 28.641499999999997], [77.23100000000001, 28.641499999999997], [77.23100000000001, 28.642249999999997], [77.2295, 28.642249999999997]]]}, "properties": {"area_km2": 0.0102, "area_ha": 1.02}}, {"type": "Feature", "geometry": {"type": "Polygon", "coordinates": [[[77.25925000000001, 28.58975], [77.25925000000001, 28.58925], [77.2595, 28.58925], [77.2595, 28.58825], [77.26, 28.58825], [77.26, 28.5885], [77.26025, 28.5885], [77.26025, 28.58925], [77.25975000000001, 28.58925], [77.25975000000001, 28.58975], [77.25925000000001, 28.58975]]]}, "properties": {"area_km2": 0.0102, "area_ha": 1.02}}, {"type": "Feature", "geometry": {"type": "Polygon", "coordinates": [[[77.25925000000001, 28.55425], [77.25925000000001, 28.55325], [77.259, 28.55325], [77.259, 28.552999999999997], [77.25875, 28.552999999999997], [77.25875, 28.55275], [77.25850000000001, 28.55275], [77.25850000000001, 28.5525], [77.259, 28.5525], [77.259, 28.55275], [77.2595, 28.55275], [77.2595, 28.55325], [77.25975000000001, 28.55325], [77.25975000000001, 28.55425], [77.25925000000001, 28.55425]]]}, "properties": {"area_km2": 0.0102, "area_ha": 1.02}}, {"type": "Feature", "geometry": {"type": "Polygon", "coordinates": [[[77.36200000000001, 28.518749999999997], [77.36200000000001, 28.5185], [77.36225, 28.5185], [77.36225, 28.51825], [77.36250000000001, 28.51825], [77.36250000000001, 28.5175], [77.36200000000001, 28.5175], [77.36200000000001, 28.517], [77.36275, 28.517], [77.36275, 28.51825], [77.363, 28.51825], [77.363, 28.5185], [77.36275, 28.5185], [77.36275, 28.518749999999997], [77.36200000000001, 28.518749999999997]]]}, "properties": {"area_km2": 0.0102, "area_ha": 1.02}}, {"type": "Feature", "geometry": {"type": "Polygon", "coordinates": [[[77.31025000000001, 28.5185], [77.31025000000001, 28.517999999999997], [77.3105, 28.517999999999997], [77.3105, 28.5175], [77.31075000000001, 28.5175], [77.31075000000001, 28.517], [77.311, 28.517], [77.311, 28.516], [77.31125, 28.516], [77.31125, 28.517], [77.31150000000001, 28.517], [77.31150000000001, 28.517249999999997], [77.31125, 28.517249999999997], [77.31125, 28.5175], [77.311, 28.5175], [77.311, 28.51775], [77.31075000000001, 28.51775], [77.31075000000001, 28.51825], [77.3105, 28.51825], [77.3105, 28.5185], [77.31025000000001, 28.5185]]]}, "properties": {"area_km2": 0.0102, "area_ha": 1.02}}, {"type": "Feature", "geometry": {"type": "Polygon", "coordinates": [[[77.07700000000001, 28.503999999999998], [77.07700000000001, 28.50375], [77.07675, 28.50375], [77.07675, 28.5035], [77.07700000000001, 28.5035], [77.07700000000001, 28.503249999999998], [77.078, 28.503249999999998], [77.078, 28.5035], [77.07825000000001, 28.5035], [77.07825000000001, 28.503999999999998], [77.07700000000001, 28.503999999999998]]]}, "properties": {"area_km2": 0.0102, "area_ha": 1.02}}, {"type": "Feature", "geometry": {"type": "Polygon", "coordinates": [[[77.33875, 28.4655], [77.33875, 28.465249999999997], [77.33800000000001, 28.465249999999997], [77.33800000000001, 28.46475], [77.33875, 28.46475], [77.33875, 28.464499999999997], [77.33900000000001, 28.464499999999997], [77.33900000000001, 28.46475], [77.3395, 28.46475], [77.3395, 28.465249999999997], [77.33925, 28.465249999999997], [77.33925, 28.4655], [77.33875, 28.4655]]]}, "properties": {"area_km2": 0.0102, "area_ha": 1.02}}, {"type": "Feature", "geometry": {"type": "Polygon", "coordinates": [[[77.38575, 28.46275], [77.38575, 28.462249999999997], [77.38550000000001, 28.462249999999997], [77.38550000000001, 28.462], [77.38525, 28.462], [77.38525, 28.46175], [77.38650000000001, 28.46175], [77.38650000000001, 28.46275], [77.38575, 28.46275]]]}, "properties": {"area_km2": 0.0102, "area_ha": 1.02}}, {"type": "Feature", "geometry": {"type": "Polygon", "coordinates": [[[77.36875, 28.447], [77.36875, 28.446749999999998], [77.36850000000001, 28.446749999999998], [77.36850000000001, 28.44625], [77.37, 28.44625], [77.37, 28.446499999999997], [77.36975000000001, 28.446499999999997], [77.36975000000001, 28.447], [77.36875, 28.447]]]}, "properties": {"area_km2": 0.0102, "area_ha": 1.02}}, {"type": "Feature", "geometry": {"type": "Polygon", "coordinates": [[[77.14575, 28.421999999999997], [77.14575, 28.42175], [77.14550000000001, 28.42175], [77.14550000000001, 28.420749999999998], [77.14575, 28.420749999999998], [77.14575, 28.420499999999997], [77.146, 28.420499999999997], [77.146, 28.420749999999998], [77.14625000000001, 28.420749999999998], [77.14625000000001, 28.421999999999997], [77.14575, 28.421999999999997]]]}, "properties": {"area_km2": 0.0102, "area_ha": 1.02}}]}